2025-11-25 21:49:46,357 | DEBUG | matplotlib | matplotlib data path: C:\Users\Pushpak Chakraborty\Desktop\Final Year Project\venv\lib\site-packages\matplotlib\mpl-data
2025-11-25 21:49:46,357 | DEBUG | matplotlib | CONFIGDIR=C:\Users\Pushpak Chakraborty\.matplotlib
2025-11-25 21:49:46,357 | DEBUG | matplotlib | interactive is False
2025-11-25 21:49:46,357 | DEBUG | matplotlib | platform is win32
2025-11-25 21:49:46,659 | DEBUG | matplotlib | CACHEDIR=C:\Users\Pushpak Chakraborty\.matplotlib
2025-11-25 21:49:46,662 | DEBUG | matplotlib.font_manager | Using fontManager instance from C:\Users\Pushpak Chakraborty\.matplotlib\fontlist-v330.json
2025-11-25 21:49:49,649 | DEBUG | root | forward
2025-11-25 21:49:49,702 | DEBUG | root | forward
2025-11-25 21:49:49,781 | DEBUG | root | forward
2025-11-25 21:49:49,845 | DEBUG | root | forward
2025-11-25 21:49:49,941 | DEBUG | root | forward
2025-11-25 21:49:50,048 | DEBUG | root | forward
2025-11-25 21:49:50,188 | DEBUG | root | forward
2025-11-25 21:49:50,304 | DEBUG | root | forward
2025-11-25 21:49:50,462 | DEBUG | root | forward
2025-11-25 21:49:50,619 | DEBUG | root | Destroy Big
2025-11-25 21:49:50,771 | DEBUG | root | Load Vehicle Module: NodeNetworkNavigation
2025-11-25 21:49:50,784 | DEBUG | root | Load Vehicle Module: NodeNetworkNavigation
2025-11-25 21:49:50,797 | DEBUG | root | Load Vehicle Module: NodeNetworkNavigation
2025-11-25 21:49:50,805 | DEBUG | root | Load Vehicle Module: NodeNetworkNavigation
2025-11-25 21:49:50,818 | DEBUG | root | Load Vehicle Module: NodeNetworkNavigation
2025-11-25 21:49:50,832 | DEBUG | root | Load Vehicle Module: NodeNetworkNavigation
2025-11-25 21:49:50,846 | DEBUG | root | Load Vehicle Module: NodeNetworkNavigation
2025-11-25 21:49:50,859 | DEBUG | root | Load Vehicle Module: NodeNetworkNavigation
2025-11-25 21:49:50,861 | DEBUG | root | load scene Use random traffic
2025-11-25 21:49:50,888 | DEBUG | root | Load Vehicle Module: NodeNetworkNavigation
2025-11-25 21:49:50,908 | DEBUG | root | Load Vehicle Module: NodeNetworkNavigation
2025-11-25 21:49:50,941 | DEBUG | root | Load Vehicle Module: NodeNetworkNavigation
2025-11-25 21:49:50,950 | DEBUG | root | Load Vehicle Module: NodeNetworkNavigation
2025-11-25 21:49:50,957 | DEBUG | root | Load Vehicle Module: NodeNetworkNavigation
2025-11-25 21:49:50,969 | DEBUG | root | Load Vehicle Module: NodeNetworkNavigation
2025-11-25 21:49:51,001 | DEBUG | root | Load Vehicle Module: NodeNetworkNavigation
2025-11-25 21:49:51,009 | DEBUG | root | Load Vehicle Module: NodeNetworkNavigation
2025-11-25 21:49:51,020 | DEBUG | root | Load Vehicle Module: NodeNetworkNavigation
2025-11-25 21:49:51,029 | DEBUG | root | Load Vehicle Module: NodeNetworkNavigation
2025-11-25 21:49:51,039 | DEBUG | root | Load Vehicle Module: NodeNetworkNavigation
2025-11-25 21:49:51,047 | DEBUG | root | Load Vehicle Module: NodeNetworkNavigation
2025-11-25 21:49:51,056 | DEBUG | root | Load Vehicle Module: NodeNetworkNavigation
2025-11-25 21:49:51,061 | DEBUG | root | Load Vehicle Module: NodeNetworkNavigation
2025-11-25 21:49:51,076 | DEBUG | root | Load Vehicle Module: NodeNetworkNavigation
2025-11-25 21:49:51,084 | DEBUG | root | Load Vehicle Module: NodeNetworkNavigation
2025-11-25 21:49:51,096 | DEBUG | root | Load Vehicle Module: NodeNetworkNavigation
2025-11-25 21:49:51,104 | DEBUG | root | Load Vehicle Module: NodeNetworkNavigation
2025-11-25 21:49:51,114 | DEBUG | root | Load Vehicle Module: NodeNetworkNavigation
2025-11-25 21:49:51,124 | DEBUG | root | Load Vehicle Module: NodeNetworkNavigation
2025-11-25 21:49:51,133 | DEBUG | root | Load Vehicle Module: NodeNetworkNavigation
2025-11-25 21:49:51,138 | DEBUG | root | Load Vehicle Module: NodeNetworkNavigation
2025-11-25 21:49:51,151 | DEBUG | root | Load Vehicle Module: NodeNetworkNavigation
2025-11-25 21:49:51,160 | DEBUG | root | Load Vehicle Module: NodeNetworkNavigation
2025-11-25 21:49:51,165 | DEBUG | root | Load Vehicle Module: NodeNetworkNavigation
2025-11-25 21:49:51,180 | DEBUG | root | Load Vehicle Module: NodeNetworkNavigation
2025-11-25 21:49:51,190 | DEBUG | root | Load Vehicle Module: NodeNetworkNavigation
2025-11-25 21:49:51,194 | DEBUG | root | Load Vehicle Module: NodeNetworkNavigation
2025-11-25 21:49:51,208 | DEBUG | root | Load Vehicle Module: NodeNetworkNavigation
2025-11-25 21:49:51,219 | DEBUG | root | Load Vehicle Module: NodeNetworkNavigation
2025-11-25 21:49:51,228 | DEBUG | root | Load Vehicle Module: NodeNetworkNavigation
2025-11-25 21:49:51,238 | DEBUG | root | Load Vehicle Module: NodeNetworkNavigation
2025-11-25 21:49:51,242 | DEBUG | root | Load Vehicle Module: NodeNetworkNavigation
2025-11-25 21:49:51,258 | DEBUG | root | Load Vehicle Module: NodeNetworkNavigation
2025-11-25 21:49:51,268 | DEBUG | root | Load Vehicle Module: NodeNetworkNavigation
2025-11-25 21:49:51,279 | DEBUG | root | Load Vehicle Module: NodeNetworkNavigation
2025-11-25 21:49:51,291 | DEBUG | root | Load Vehicle Module: NodeNetworkNavigation
2025-11-25 21:49:51,300 | DEBUG | root | Load Vehicle Module: NodeNetworkNavigation
2025-11-25 21:49:51,311 | DEBUG | root | Load Vehicle Module: NodeNetworkNavigation
2025-11-25 21:49:51,318 | DEBUG | root | Load Vehicle Module: NodeNetworkNavigation
2025-11-25 21:49:51,327 | DEBUG | root | Load Vehicle Module: NodeNetworkNavigation
2025-11-25 21:49:51,339 | DEBUG | root | Load Vehicle Module: NodeNetworkNavigation
2025-11-25 21:49:57,857 | DEBUG | root | EnvInputPolicy is released
2025-11-25 21:49:59,957 | DEBUG | root | EnvInputPolicy is released
2025-11-25 21:50:02,200 | DEBUG | root | EnvInputPolicy is released
2025-11-25 21:50:06,280 | DEBUG | root | EnvInputPolicy is released
2025-11-25 21:50:12,594 | DEBUG | root | EnvInputPolicy is released
2025-11-25 21:50:12,957 | DEBUG | root | EnvInputPolicy is released
2025-11-25 21:50:13,159 | DEBUG | root | EnvInputPolicy is released
2025-11-25 21:50:13,471 | DEBUG | root | EnvInputPolicy is released
2025-11-25 21:50:13,751 | DEBUG | root | EnvInputPolicy is released
2025-11-25 21:50:14,448 | DEBUG | root | IDMPolicy is released
2025-11-25 21:50:15,275 | DEBUG | root | IDMPolicy is released
2025-11-25 21:50:15,976 | DEBUG | root | IDMPolicy is released
2025-11-25 21:50:17,935 | DEBUG | root | EnvInputPolicy is released
2025-11-25 21:50:18,326 | DEBUG | root | EnvInputPolicy is released
2025-11-25 21:50:18,793 | DEBUG | root | IDMPolicy is released
2025-11-25 21:50:20,133 | DEBUG | root | IDMPolicy is released
2025-11-25 21:50:22,659 | DEBUG | root | EnvInputPolicy is released
2025-11-25 21:50:25,467 | DEBUG | root | IDMPolicy is released
2025-11-25 21:50:26,382 | DEBUG | root | EnvInputPolicy is released
2025-11-25 21:50:27,331 | DEBUG | root | EnvInputPolicy is released
2025-11-25 21:50:34,128 | DEBUG | root | EnvInputPolicy is released
2025-11-25 21:50:35,104 | DEBUG | root | EnvInputPolicy is released
2025-11-25 21:50:37,692 | DEBUG | root | IDMPolicy is released
2025-11-25 21:50:38,026 | DEBUG | root | EnvInputPolicy is released
2025-11-25 21:50:38,768 | DEBUG | root | EnvInputPolicy is released
2025-11-25 21:50:39,989 | DEBUG | root | EnvInputPolicy is released
2025-11-25 21:50:41,736 | DEBUG | root | EnvInputPolicy is released
2025-11-25 21:50:42,290 | DEBUG | root | EnvInputPolicy is released
2025-11-25 21:50:48,923 | DEBUG | root | EnvInputPolicy is released
2025-11-25 21:50:49,697 | DEBUG | root | EnvInputPolicy is released
2025-11-25 21:50:54,163 | DEBUG | root | Roundabout, ID:None is destroyed
2025-11-25 21:50:54,163 | DEBUG | root | StdTInterSection, ID:None is destroyed
2025-11-25 21:50:54,163 | DEBUG | root | Curve, ID:None is destroyed
2025-11-25 21:50:54,163 | DEBUG | root | StdInterSection, ID:None is destroyed
2025-11-25 21:50:54,163 | DEBUG | root | Roundabout, ID:None is destroyed
2025-11-25 21:50:54,163 | DEBUG | root | StdTInterSection, ID:None is destroyed
2025-11-25 21:50:54,163 | DEBUG | root | Curve, ID:None is destroyed
2025-11-25 21:50:54,163 | DEBUG | root | StdInterSection, ID:None is destroyed
2025-11-25 21:50:54,163 | DEBUG | root | FirstPGBlock, ID:None is destroyed
2025-11-25 21:50:54,163 | DEBUG | root | StdInterSection, ID:None is destroyed
2025-11-25 21:50:54,163 | DEBUG | root | EnvInputPolicy is released
2025-11-25 21:50:54,172 | DEBUG | root | NodeNetworkNavigation is destroyed
2025-11-25 21:50:54,173 | DEBUG | root | EnvInputPolicy is released
2025-11-25 21:50:54,174 | DEBUG | root | NodeNetworkNavigation is destroyed
2025-11-25 21:50:54,176 | DEBUG | root | EnvInputPolicy is released
2025-11-25 21:50:54,178 | DEBUG | root | NodeNetworkNavigation is destroyed
2025-11-25 21:50:54,179 | DEBUG | root | EnvInputPolicy is released
2025-11-25 21:50:54,180 | DEBUG | root | NodeNetworkNavigation is destroyed
2025-11-25 21:50:54,180 | DEBUG | root | EnvInputPolicy is released
2025-11-25 21:50:54,183 | DEBUG | root | NodeNetworkNavigation is destroyed
2025-11-25 21:50:54,183 | DEBUG | root | EnvInputPolicy is released
2025-11-25 21:50:54,184 | DEBUG | root | NodeNetworkNavigation is destroyed
2025-11-25 21:50:54,185 | DEBUG | root | EnvInputPolicy is released
2025-11-25 21:50:54,186 | DEBUG | root | NodeNetworkNavigation is destroyed
2025-11-25 21:50:54,187 | DEBUG | root | EnvInputPolicy is released
2025-11-25 21:50:54,188 | DEBUG | root | NodeNetworkNavigation is destroyed
2025-11-25 21:50:54,189 | DEBUG | root | IDMPolicy is released
2025-11-25 21:50:54,190 | DEBUG | root | IDMPolicy is released
2025-11-25 21:50:54,190 | DEBUG | root | IDMPolicy is released
2025-11-25 21:50:54,191 | DEBUG | root | IDMPolicy is released
2025-11-25 21:50:54,191 | DEBUG | root | IDMPolicy is released
2025-11-25 21:50:54,192 | DEBUG | root | IDMPolicy is released
2025-11-25 21:50:54,192 | DEBUG | root | IDMPolicy is released
2025-11-25 21:50:54,192 | DEBUG | root | IDMPolicy is released
2025-11-25 21:50:54,194 | DEBUG | root | IDMPolicy is released
2025-11-25 21:50:54,194 | DEBUG | root | IDMPolicy is released
2025-11-25 21:50:54,195 | DEBUG | root | IDMPolicy is released
2025-11-25 21:50:54,195 | DEBUG | root | IDMPolicy is released
2025-11-25 21:50:54,195 | DEBUG | root | IDMPolicy is released
2025-11-25 21:50:54,195 | DEBUG | root | IDMPolicy is released
2025-11-25 21:50:54,195 | DEBUG | root | IDMPolicy is released
2025-11-25 21:50:54,195 | DEBUG | root | IDMPolicy is released
2025-11-25 21:50:54,195 | DEBUG | root | IDMPolicy is released
2025-11-25 21:50:54,195 | DEBUG | root | IDMPolicy is released
2025-11-25 21:50:54,199 | DEBUG | root | IDMPolicy is released
2025-11-25 21:50:54,199 | DEBUG | root | IDMPolicy is released
2025-11-25 21:50:54,200 | DEBUG | root | IDMPolicy is released
2025-11-25 21:50:54,200 | DEBUG | root | IDMPolicy is released
2025-11-25 21:50:54,202 | DEBUG | root | IDMPolicy is released
2025-11-25 21:50:54,202 | DEBUG | root | IDMPolicy is released
2025-11-25 21:50:54,203 | DEBUG | root | IDMPolicy is released
2025-11-25 21:50:54,203 | DEBUG | root | IDMPolicy is released
2025-11-25 21:50:54,203 | DEBUG | root | IDMPolicy is released
2025-11-25 21:50:54,205 | DEBUG | root | IDMPolicy is released
2025-11-25 21:50:54,205 | DEBUG | root | IDMPolicy is released
2025-11-25 21:50:54,205 | DEBUG | root | IDMPolicy is released
2025-11-25 21:50:54,206 | DEBUG | root | IDMPolicy is released
2025-11-25 21:50:54,206 | DEBUG | root | IDMPolicy is released
2025-11-25 21:50:54,206 | DEBUG | root | IDMPolicy is released
2025-11-25 21:50:54,207 | DEBUG | root | IDMPolicy is released
2025-11-25 21:50:54,207 | DEBUG | root | IDMPolicy is released
2025-11-25 21:50:54,207 | DEBUG | root | IDMPolicy is released
2025-11-25 21:50:54,209 | DEBUG | root | IDMPolicy is released
2025-11-25 21:50:54,209 | DEBUG | root | IDMPolicy is released
2025-11-25 21:50:54,209 | DEBUG | root | IDMPolicy is released
2025-11-25 21:50:54,211 | DEBUG | root | IDMPolicy is released
2025-11-25 21:50:54,211 | DEBUG | root | IDMPolicy is released
2025-11-25 21:50:54,211 | DEBUG | root | IDMPolicy is released
2025-11-25 21:50:54,214 | DEBUG | root | NodeNetworkNavigation is destroyed
2025-11-25 21:50:54,216 | DEBUG | root | NodeNetworkNavigation is destroyed
2025-11-25 21:50:54,218 | DEBUG | root | NodeNetworkNavigation is destroyed
2025-11-25 21:50:54,218 | DEBUG | root | NodeNetworkNavigation is destroyed
2025-11-25 21:50:54,224 | DEBUG | root | NodeNetworkNavigation is destroyed
2025-11-25 21:50:54,226 | DEBUG | root | NodeNetworkNavigation is destroyed
2025-11-25 21:50:54,230 | DEBUG | root | NodeNetworkNavigation is destroyed
2025-11-25 21:50:54,232 | DEBUG | root | NodeNetworkNavigation is destroyed
2025-11-25 21:50:54,237 | DEBUG | root | NodeNetworkNavigation is destroyed
2025-11-25 21:50:54,243 | DEBUG | root | NodeNetworkNavigation is destroyed
2025-11-25 21:50:54,246 | DEBUG | root | NodeNetworkNavigation is destroyed
2025-11-25 21:50:54,251 | DEBUG | root | NodeNetworkNavigation is destroyed
2025-11-25 21:50:54,251 | DEBUG | root | NodeNetworkNavigation is destroyed
2025-11-25 21:50:54,259 | DEBUG | root | NodeNetworkNavigation is destroyed
2025-11-25 21:50:54,263 | DEBUG | root | NodeNetworkNavigation is destroyed
2025-11-25 21:50:54,267 | DEBUG | root | NodeNetworkNavigation is destroyed
2025-11-25 21:50:54,272 | DEBUG | root | NodeNetworkNavigation is destroyed
2025-11-25 21:50:54,272 | DEBUG | root | NodeNetworkNavigation is destroyed
2025-11-25 21:50:54,272 | DEBUG | root | NodeNetworkNavigation is destroyed
2025-11-25 21:50:54,275 | DEBUG | root | NodeNetworkNavigation is destroyed
2025-11-25 21:50:54,277 | DEBUG | root | NodeNetworkNavigation is destroyed
2025-11-25 21:50:54,278 | DEBUG | root | NodeNetworkNavigation is destroyed
2025-11-25 21:50:54,280 | DEBUG | root | NodeNetworkNavigation is destroyed
2025-11-25 21:50:54,281 | DEBUG | root | NodeNetworkNavigation is destroyed
2025-11-25 21:50:54,282 | DEBUG | root | NodeNetworkNavigation is destroyed
2025-11-25 21:50:54,283 | DEBUG | root | NodeNetworkNavigation is destroyed
2025-11-25 21:50:54,284 | DEBUG | root | NodeNetworkNavigation is destroyed
2025-11-25 21:50:54,286 | DEBUG | root | NodeNetworkNavigation is destroyed
2025-11-25 21:50:54,287 | DEBUG | root | NodeNetworkNavigation is destroyed
2025-11-25 21:50:54,288 | DEBUG | root | NodeNetworkNavigation is destroyed
2025-11-25 21:50:54,291 | DEBUG | root | NodeNetworkNavigation is destroyed
2025-11-25 21:50:54,292 | DEBUG | root | NodeNetworkNavigation is destroyed
2025-11-25 21:50:54,292 | DEBUG | root | NodeNetworkNavigation is destroyed
2025-11-25 21:50:54,295 | DEBUG | root | NodeNetworkNavigation is destroyed
2025-11-25 21:50:54,296 | DEBUG | root | NodeNetworkNavigation is destroyed
2025-11-25 21:50:54,297 | DEBUG | root | NodeNetworkNavigation is destroyed
2025-11-25 21:50:54,298 | DEBUG | root | NodeNetworkNavigation is destroyed
2025-11-25 21:50:54,301 | DEBUG | root | NodeNetworkNavigation is destroyed
2025-11-25 21:50:54,302 | DEBUG | root | NodeNetworkNavigation is destroyed
2025-11-25 21:50:54,303 | DEBUG | root | NodeNetworkNavigation is destroyed
2025-11-25 21:50:54,304 | DEBUG | root | NodeNetworkNavigation is destroyed
2025-11-25 21:50:54,306 | DEBUG | root | NodeNetworkNavigation is destroyed
2025-11-25 21:50:54,306 | DEBUG | root | Pedestrian, ID:None is destroyed
2025-11-25 21:50:54,306 | DEBUG | root | BaseTrafficLight, ID:None is destroyed
2025-11-25 21:50:54,306 | DEBUG | root | TrafficBarrier, ID:None is destroyed
2025-11-25 21:50:54,306 | DEBUG | root | TrafficCone, ID:None is destroyed
2025-11-25 21:50:54,306 | DEBUG | root | LVehicle, ID:None is destroyed
2025-11-25 21:50:54,306 | DEBUG | root | LVehicle, ID:None is destroyed
2025-11-25 21:50:54,306 | DEBUG | root | LVehicle, ID:None is destroyed
2025-11-25 21:50:54,306 | DEBUG | root | LVehicle, ID:None is destroyed
2025-11-25 21:50:54,306 | DEBUG | root | LVehicle, ID:None is destroyed
2025-11-25 21:50:54,306 | DEBUG | root | LVehicle, ID:None is destroyed
2025-11-25 21:50:54,306 | DEBUG | root | LVehicle, ID:None is destroyed
2025-11-25 21:50:54,306 | DEBUG | root | LVehicle, ID:None is destroyed
2025-11-25 21:50:54,312 | DEBUG | root | XLVehicle, ID:None is destroyed
2025-11-25 21:50:54,313 | DEBUG | root | XLVehicle, ID:None is destroyed
2025-11-25 21:50:54,314 | DEBUG | root | XLVehicle, ID:None is destroyed
2025-11-25 21:50:54,314 | DEBUG | root | XLVehicle, ID:None is destroyed
2025-11-25 21:50:54,315 | DEBUG | root | XLVehicle, ID:None is destroyed
2025-11-25 21:50:54,315 | DEBUG | root | XLVehicle, ID:None is destroyed
2025-11-25 21:50:54,315 | DEBUG | root | XLVehicle, ID:None is destroyed
2025-11-25 21:50:54,316 | DEBUG | root | XLVehicle, ID:None is destroyed
2025-11-25 21:50:54,316 | DEBUG | root | XLVehicle, ID:None is destroyed
2025-11-25 21:50:54,316 | DEBUG | root | SVehicle, ID:None is destroyed
2025-11-25 21:50:54,317 | DEBUG | root | SVehicle, ID:None is destroyed
2025-11-25 21:50:54,317 | DEBUG | root | SVehicle, ID:None is destroyed
2025-11-25 21:50:54,317 | DEBUG | root | SVehicle, ID:None is destroyed
2025-11-25 21:50:54,317 | DEBUG | root | SVehicle, ID:None is destroyed
2025-11-25 21:50:54,317 | DEBUG | root | SVehicle, ID:None is destroyed
2025-11-25 21:50:54,317 | DEBUG | root | SVehicle, ID:None is destroyed
2025-11-25 21:50:54,317 | DEBUG | root | SVehicle, ID:None is destroyed
2025-11-25 21:50:54,317 | DEBUG | root | SVehicle, ID:None is destroyed
2025-11-25 21:50:54,317 | DEBUG | root | SVehicle, ID:None is destroyed
2025-11-25 21:50:54,320 | DEBUG | root | SVehicle, ID:None is destroyed
2025-11-25 21:50:54,662 | DEBUG | root | MVehicle, ID:None is destroyed
2025-11-25 21:50:54,664 | DEBUG | root | MVehicle, ID:None is destroyed
2025-11-25 21:50:54,664 | DEBUG | root | MVehicle, ID:None is destroyed
2025-11-25 21:50:54,664 | DEBUG | root | MVehicle, ID:None is destroyed
2025-11-25 21:50:54,664 | DEBUG | root | MVehicle, ID:None is destroyed
2025-11-25 21:50:54,664 | DEBUG | root | MVehicle, ID:None is destroyed
2025-11-25 21:50:54,664 | DEBUG | root | MVehicle, ID:None is destroyed
2025-11-25 21:50:54,664 | DEBUG | root | MVehicle, ID:None is destroyed
2025-11-25 21:50:54,664 | DEBUG | root | MVehicle, ID:None is destroyed
2025-11-25 21:50:54,664 | DEBUG | root | MVehicle, ID:None is destroyed
2025-11-25 21:50:54,664 | DEBUG | root | MVehicle, ID:None is destroyed
2025-11-25 21:50:54,664 | DEBUG | root | MVehicle, ID:None is destroyed
2025-11-25 21:50:54,664 | DEBUG | root | MVehicle, ID:None is destroyed
2025-11-25 21:50:54,664 | DEBUG | root | MVehicle, ID:None is destroyed
2025-11-25 22:03:38,897 | DEBUG | matplotlib | matplotlib data path: C:\Users\Pushpak Chakraborty\Desktop\Final Year Project\venv\lib\site-packages\matplotlib\mpl-data
2025-11-25 22:03:38,900 | DEBUG | matplotlib | CONFIGDIR=C:\Users\Pushpak Chakraborty\.matplotlib
2025-11-25 22:03:38,904 | DEBUG | matplotlib | interactive is False
2025-11-25 22:03:38,904 | DEBUG | matplotlib | platform is win32
2025-11-25 22:03:39,221 | DEBUG | matplotlib | CACHEDIR=C:\Users\Pushpak Chakraborty\.matplotlib
2025-11-25 22:03:39,224 | DEBUG | matplotlib.font_manager | Using fontManager instance from C:\Users\Pushpak Chakraborty\.matplotlib\fontlist-v330.json
2025-11-25 22:03:42,325 | DEBUG | root | forward
2025-11-25 22:03:42,375 | DEBUG | root | forward
2025-11-25 22:03:42,401 | DEBUG | root | forward
2025-11-25 22:03:42,456 | DEBUG | root | forward
2025-11-25 22:03:42,554 | DEBUG | root | destruct
2025-11-25 22:03:42,565 | DEBUG | root | sibling
2025-11-25 22:03:42,661 | DEBUG | root | destruct
2025-11-25 22:03:42,671 | DEBUG | root | sibling
2025-11-25 22:03:42,813 | DEBUG | root | destruct
2025-11-25 22:03:42,821 | DEBUG | root | sibling
2025-11-25 22:03:42,906 | DEBUG | root | destruct
2025-11-25 22:03:42,914 | DEBUG | root | sibling
2025-11-25 22:03:43,013 | DEBUG | root | destruct
2025-11-25 22:03:43,021 | DEBUG | root | back
2025-11-25 22:03:43,055 | DEBUG | root | Roundabout, ID:None is destroyed
2025-11-25 22:03:43,055 | DEBUG | root | sibling
2025-11-25 22:03:43,121 | DEBUG | root | forward
2025-11-25 22:03:43,214 | DEBUG | root | forward
2025-11-25 22:03:43,318 | DEBUG | root | forward
2025-11-25 22:03:43,354 | DEBUG | root | forward
2025-11-25 22:03:43,465 | DEBUG | root | forward
2025-11-25 22:03:43,622 | DEBUG | root | forward
2025-11-25 22:03:43,764 | DEBUG | root | Destroy Big
2025-11-25 22:03:43,893 | DEBUG | root | Load Vehicle Module: NodeNetworkNavigation
2025-11-25 22:03:43,904 | DEBUG | root | Load Vehicle Module: NodeNetworkNavigation
2025-11-25 22:03:43,915 | DEBUG | root | Load Vehicle Module: NodeNetworkNavigation
2025-11-25 22:03:43,932 | DEBUG | root | Load Vehicle Module: NodeNetworkNavigation
2025-11-25 22:03:43,944 | DEBUG | root | Load Vehicle Module: NodeNetworkNavigation
2025-11-25 22:03:43,956 | DEBUG | root | Load Vehicle Module: NodeNetworkNavigation
2025-11-25 22:03:43,969 | DEBUG | root | Load Vehicle Module: NodeNetworkNavigation
2025-11-25 22:03:43,982 | DEBUG | root | Load Vehicle Module: NodeNetworkNavigation
2025-11-25 22:03:43,985 | DEBUG | root | load scene Use random traffic
2025-11-25 22:03:44,015 | DEBUG | root | Load Vehicle Module: NodeNetworkNavigation
2025-11-25 22:03:44,048 | DEBUG | root | Load Vehicle Module: NodeNetworkNavigation
2025-11-25 22:03:44,071 | DEBUG | root | Load Vehicle Module: NodeNetworkNavigation
2025-11-25 22:03:44,082 | DEBUG | root | Load Vehicle Module: NodeNetworkNavigation
2025-11-25 22:03:44,092 | DEBUG | root | Load Vehicle Module: NodeNetworkNavigation
2025-11-25 22:03:44,101 | DEBUG | root | Load Vehicle Module: NodeNetworkNavigation
2025-11-25 22:03:44,112 | DEBUG | root | Load Vehicle Module: NodeNetworkNavigation
2025-11-25 22:03:44,141 | DEBUG | root | Load Vehicle Module: NodeNetworkNavigation
2025-11-25 22:03:44,154 | DEBUG | root | Load Vehicle Module: NodeNetworkNavigation
2025-11-25 22:03:44,163 | DEBUG | root | Load Vehicle Module: NodeNetworkNavigation
2025-11-25 22:03:44,175 | DEBUG | root | Load Vehicle Module: NodeNetworkNavigation
2025-11-25 22:03:44,181 | DEBUG | root | Load Vehicle Module: NodeNetworkNavigation
2025-11-25 22:03:44,194 | DEBUG | root | Load Vehicle Module: NodeNetworkNavigation
2025-11-25 22:03:44,203 | DEBUG | root | Load Vehicle Module: NodeNetworkNavigation
2025-11-25 22:03:44,215 | DEBUG | root | Load Vehicle Module: NodeNetworkNavigation
2025-11-25 22:03:44,225 | DEBUG | root | Load Vehicle Module: NodeNetworkNavigation
2025-11-25 22:03:44,236 | DEBUG | root | Load Vehicle Module: NodeNetworkNavigation
2025-11-25 22:03:44,247 | DEBUG | root | Load Vehicle Module: NodeNetworkNavigation
2025-11-25 22:03:44,261 | DEBUG | root | Load Vehicle Module: NodeNetworkNavigation
2025-11-25 22:03:44,275 | DEBUG | root | Load Vehicle Module: NodeNetworkNavigation
2025-11-25 22:03:44,285 | DEBUG | root | Load Vehicle Module: NodeNetworkNavigation
2025-11-25 22:03:44,295 | DEBUG | root | Load Vehicle Module: NodeNetworkNavigation
2025-11-25 22:03:44,304 | DEBUG | root | Load Vehicle Module: NodeNetworkNavigation
2025-11-25 22:03:44,314 | DEBUG | root | Load Vehicle Module: NodeNetworkNavigation
2025-11-25 22:03:44,324 | DEBUG | root | Load Vehicle Module: NodeNetworkNavigation
2025-11-25 22:03:44,335 | DEBUG | root | Load Vehicle Module: NodeNetworkNavigation
2025-11-25 22:03:44,346 | DEBUG | root | Load Vehicle Module: NodeNetworkNavigation
2025-11-25 22:03:44,356 | DEBUG | root | Load Vehicle Module: NodeNetworkNavigation
2025-11-25 22:03:44,368 | DEBUG | root | Load Vehicle Module: NodeNetworkNavigation
2025-11-25 22:03:44,375 | DEBUG | root | Load Vehicle Module: NodeNetworkNavigation
2025-11-25 22:03:44,389 | DEBUG | root | Load Vehicle Module: NodeNetworkNavigation
2025-11-25 22:03:44,399 | DEBUG | root | Load Vehicle Module: NodeNetworkNavigation
2025-11-25 22:03:44,412 | DEBUG | root | Load Vehicle Module: NodeNetworkNavigation
2025-11-25 22:03:44,423 | DEBUG | root | Load Vehicle Module: NodeNetworkNavigation
2025-11-25 22:03:44,432 | DEBUG | root | Load Vehicle Module: NodeNetworkNavigation
2025-11-25 22:03:44,444 | DEBUG | root | Load Vehicle Module: NodeNetworkNavigation
2025-11-25 22:03:44,454 | DEBUG | root | Load Vehicle Module: NodeNetworkNavigation
2025-11-25 22:03:44,465 | DEBUG | root | Load Vehicle Module: NodeNetworkNavigation
2025-11-25 22:03:44,475 | DEBUG | root | Load Vehicle Module: NodeNetworkNavigation
2025-11-25 22:03:44,487 | DEBUG | root | Load Vehicle Module: NodeNetworkNavigation
2025-11-25 22:03:44,498 | DEBUG | root | Load Vehicle Module: NodeNetworkNavigation
2025-11-25 22:03:44,508 | DEBUG | root | Load Vehicle Module: NodeNetworkNavigation
2025-11-25 22:03:53,953 | DEBUG | root | EnvInputPolicy is released
2025-11-25 22:03:53,954 | DEBUG | root | EnvInputPolicy is released
2025-11-25 22:03:53,954 | DEBUG | root | EnvInputPolicy is released
2025-11-25 22:03:56,031 | DEBUG | root | EnvInputPolicy is released
2025-11-25 22:04:01,933 | DEBUG | root | EnvInputPolicy is released
2025-11-25 22:04:03,403 | DEBUG | root | EnvInputPolicy is released
2025-11-25 22:04:10,975 | DEBUG | root | EnvInputPolicy is released
2025-11-25 22:04:12,280 | DEBUG | root | EnvInputPolicy is released
2025-11-25 22:04:12,824 | DEBUG | root | EnvInputPolicy is released
2025-11-25 22:04:17,005 | DEBUG | root | EnvInputPolicy is released
2025-11-25 22:04:20,637 | DEBUG | root | EnvInputPolicy is released
2025-11-25 22:04:24,706 | DEBUG | root | IDMPolicy is released
2025-11-25 22:04:24,737 | DEBUG | root | EnvInputPolicy is released
2025-11-25 22:04:25,829 | DEBUG | root | EnvInputPolicy is released
2025-11-25 22:04:27,616 | DEBUG | root | EnvInputPolicy is released
2025-11-25 22:04:31,446 | DEBUG | root | EnvInputPolicy is released
2025-11-25 22:04:32,527 | DEBUG | root | IDMPolicy is released
2025-11-25 22:04:33,533 | DEBUG | root | EnvInputPolicy is released
2025-11-25 22:04:35,306 | DEBUG | root | IDMPolicy is released
2025-11-25 22:04:36,770 | DEBUG | root | IDMPolicy is released
2025-11-25 22:04:37,927 | DEBUG | root | EnvInputPolicy is released
2025-11-25 22:04:40,616 | DEBUG | root | IDMPolicy is released
2025-11-25 22:04:41,271 | DEBUG | root | EnvInputPolicy is released
2025-11-25 22:04:41,786 | DEBUG | root | EnvInputPolicy is released
2025-11-25 22:04:45,148 | DEBUG | root | EnvInputPolicy is released
2025-11-25 22:04:46,409 | DEBUG | root | EnvInputPolicy is released
2025-11-25 22:04:47,415 | DEBUG | root | EnvInputPolicy is released
2025-11-25 22:04:48,026 | DEBUG | root | IDMPolicy is released
2025-11-25 22:04:48,540 | DEBUG | root | EnvInputPolicy is released
2025-11-25 22:04:51,004 | DEBUG | root | IDMPolicy is released
2025-11-25 22:04:51,336 | DEBUG | root | IDMPolicy is released
2025-11-25 22:04:54,168 | DEBUG | root | IDMPolicy is released
2025-11-25 22:04:54,359 | DEBUG | root | EnvInputPolicy is released
2025-11-25 22:04:54,526 | DEBUG | root | EnvInputPolicy is released
2025-11-25 22:04:56,638 | DEBUG | root | IDMPolicy is released
2025-11-25 22:04:58,509 | DEBUG | root | EnvInputPolicy is released
2025-11-25 22:04:58,832 | DEBUG | root | EnvInputPolicy is released
2025-11-25 22:05:03,067 | DEBUG | root | EnvInputPolicy is released
2025-11-25 22:05:04,128 | DEBUG | root | EnvInputPolicy is released
2025-11-25 22:05:04,129 | DEBUG | root | EnvInputPolicy is released
2025-11-25 22:05:05,519 | DEBUG | root | IDMPolicy is released
2025-11-25 22:05:05,856 | DEBUG | root | EnvInputPolicy is released
2025-11-25 22:05:11,781 | DEBUG | root | IDMPolicy is released
2025-11-25 22:05:12,665 | DEBUG | root | EnvInputPolicy is released
2025-11-25 22:05:16,943 | DEBUG | root | EnvInputPolicy is released
2025-11-25 22:05:17,235 | DEBUG | root | EnvInputPolicy is released
2025-11-25 22:05:17,536 | DEBUG | root | EnvInputPolicy is released
2025-11-25 22:05:17,650 | DEBUG | root | IDMPolicy is released
2025-11-25 22:05:20,875 | DEBUG | root | IDMPolicy is released
2025-11-25 22:05:20,901 | DEBUG | root | EnvInputPolicy is released
2025-11-25 22:05:21,385 | DEBUG | root | EnvInputPolicy is released
2025-11-25 22:05:22,330 | DEBUG | root | IDMPolicy is released
2025-11-25 22:05:22,506 | DEBUG | root | EnvInputPolicy is released
2025-11-25 22:05:25,328 | DEBUG | root | EnvInputPolicy is released
2025-11-25 22:05:26,076 | DEBUG | root | EnvInputPolicy is released
2025-11-25 22:05:26,166 | DEBUG | root | IDMPolicy is released
2025-11-25 22:05:29,528 | DEBUG | root | EnvInputPolicy is released
2025-11-25 22:05:30,933 | DEBUG | root | IDMPolicy is released
2025-11-25 22:05:31,105 | DEBUG | root | EnvInputPolicy is released
2025-11-25 22:05:33,135 | DEBUG | root | EnvInputPolicy is released
2025-11-25 22:05:33,358 | DEBUG | root | EnvInputPolicy is released
2025-11-25 22:05:33,685 | DEBUG | root | IDMPolicy is released
2025-11-25 22:05:34,009 | DEBUG | root | IDMPolicy is released
2025-11-25 22:05:34,551 | DEBUG | root | IDMPolicy is released
2025-11-25 22:05:37,298 | DEBUG | root | EnvInputPolicy is released
2025-11-25 22:05:40,326 | DEBUG | root | IDMPolicy is released
2025-11-25 22:05:41,778 | DEBUG | root | EnvInputPolicy is released
2025-11-25 22:05:43,172 | DEBUG | root | EnvInputPolicy is released
2025-11-25 22:05:45,798 | DEBUG | root | EnvInputPolicy is released
2025-11-25 22:05:47,096 | DEBUG | root | IDMPolicy is released
2025-11-25 22:05:47,367 | DEBUG | root | EnvInputPolicy is released
2025-11-25 22:05:48,740 | DEBUG | root | EnvInputPolicy is released
2025-11-25 22:05:52,836 | DEBUG | root | EnvInputPolicy is released
2025-11-25 22:05:52,952 | DEBUG | root | IDMPolicy is released
2025-11-25 22:05:53,243 | DEBUG | root | IDMPolicy is released
2025-11-25 22:05:54,388 | DEBUG | root | EnvInputPolicy is released
2025-11-25 22:05:55,383 | DEBUG | root | IDMPolicy is released
2025-11-25 22:05:57,684 | DEBUG | root | EnvInputPolicy is released
2025-11-25 22:05:59,254 | DEBUG | root | IDMPolicy is released
2025-11-25 22:05:59,383 | DEBUG | root | IDMPolicy is released
2025-11-25 22:06:01,078 | DEBUG | root | Roundabout, ID:None is destroyed
2025-11-25 22:06:01,078 | DEBUG | root | StdTInterSection, ID:None is destroyed
2025-11-25 22:06:01,080 | DEBUG | root | Curve, ID:None is destroyed
2025-11-25 22:06:01,080 | DEBUG | root | StdInterSection, ID:None is destroyed
2025-11-25 22:06:01,080 | DEBUG | root | Roundabout, ID:None is destroyed
2025-11-25 22:06:01,080 | DEBUG | root | StdTInterSection, ID:None is destroyed
2025-11-25 22:06:01,080 | DEBUG | root | Curve, ID:None is destroyed
2025-11-25 22:06:01,083 | DEBUG | root | StdInterSection, ID:None is destroyed
2025-11-25 22:06:01,083 | DEBUG | root | FirstPGBlock, ID:None is destroyed
2025-11-25 22:06:01,083 | DEBUG | root | StdInterSection, ID:None is destroyed
2025-11-25 22:06:01,083 | DEBUG | root | EnvInputPolicy is released
2025-11-25 22:06:01,086 | DEBUG | root | NodeNetworkNavigation is destroyed
2025-11-25 22:06:01,087 | DEBUG | root | EnvInputPolicy is released
2025-11-25 22:06:01,088 | DEBUG | root | NodeNetworkNavigation is destroyed
2025-11-25 22:06:01,088 | DEBUG | root | EnvInputPolicy is released
2025-11-25 22:06:01,089 | DEBUG | root | NodeNetworkNavigation is destroyed
2025-11-25 22:06:01,089 | DEBUG | root | EnvInputPolicy is released
2025-11-25 22:06:01,092 | DEBUG | root | NodeNetworkNavigation is destroyed
2025-11-25 22:06:01,092 | DEBUG | root | EnvInputPolicy is released
2025-11-25 22:06:01,094 | DEBUG | root | NodeNetworkNavigation is destroyed
2025-11-25 22:06:01,094 | DEBUG | root | EnvInputPolicy is released
2025-11-25 22:06:01,098 | DEBUG | root | NodeNetworkNavigation is destroyed
2025-11-25 22:06:01,098 | DEBUG | root | EnvInputPolicy is released
2025-11-25 22:06:01,100 | DEBUG | root | NodeNetworkNavigation is destroyed
2025-11-25 22:06:01,100 | DEBUG | root | EnvInputPolicy is released
2025-11-25 22:06:01,100 | DEBUG | root | NodeNetworkNavigation is destroyed
2025-11-25 22:06:01,104 | DEBUG | root | IDMPolicy is released
2025-11-25 22:06:01,104 | DEBUG | root | IDMPolicy is released
2025-11-25 22:06:01,105 | DEBUG | root | IDMPolicy is released
2025-11-25 22:06:01,107 | DEBUG | root | IDMPolicy is released
2025-11-25 22:06:01,107 | DEBUG | root | IDMPolicy is released
2025-11-25 22:06:01,108 | DEBUG | root | IDMPolicy is released
2025-11-25 22:06:01,109 | DEBUG | root | IDMPolicy is released
2025-11-25 22:06:01,109 | DEBUG | root | IDMPolicy is released
2025-11-25 22:06:01,111 | DEBUG | root | IDMPolicy is released
2025-11-25 22:06:01,112 | DEBUG | root | IDMPolicy is released
2025-11-25 22:06:01,112 | DEBUG | root | IDMPolicy is released
2025-11-25 22:06:01,114 | DEBUG | root | IDMPolicy is released
2025-11-25 22:06:01,114 | DEBUG | root | IDMPolicy is released
2025-11-25 22:06:01,116 | DEBUG | root | IDMPolicy is released
2025-11-25 22:06:01,117 | DEBUG | root | IDMPolicy is released
2025-11-25 22:06:01,118 | DEBUG | root | IDMPolicy is released
2025-11-25 22:06:01,119 | DEBUG | root | IDMPolicy is released
2025-11-25 22:06:01,120 | DEBUG | root | IDMPolicy is released
2025-11-25 22:06:01,120 | DEBUG | root | IDMPolicy is released
2025-11-25 22:06:01,120 | DEBUG | root | IDMPolicy is released
2025-11-25 22:06:01,123 | DEBUG | root | IDMPolicy is released
2025-11-25 22:06:01,123 | DEBUG | root | IDMPolicy is released
2025-11-25 22:06:01,123 | DEBUG | root | IDMPolicy is released
2025-11-25 22:06:01,125 | DEBUG | root | IDMPolicy is released
2025-11-25 22:06:01,126 | DEBUG | root | IDMPolicy is released
2025-11-25 22:06:01,127 | DEBUG | root | IDMPolicy is released
2025-11-25 22:06:01,128 | DEBUG | root | IDMPolicy is released
2025-11-25 22:06:01,129 | DEBUG | root | IDMPolicy is released
2025-11-25 22:06:01,129 | DEBUG | root | IDMPolicy is released
2025-11-25 22:06:01,129 | DEBUG | root | IDMPolicy is released
2025-11-25 22:06:01,129 | DEBUG | root | IDMPolicy is released
2025-11-25 22:06:01,131 | DEBUG | root | IDMPolicy is released
2025-11-25 22:06:01,131 | DEBUG | root | IDMPolicy is released
2025-11-25 22:06:01,131 | DEBUG | root | IDMPolicy is released
2025-11-25 22:06:01,132 | DEBUG | root | IDMPolicy is released
2025-11-25 22:06:01,133 | DEBUG | root | IDMPolicy is released
2025-11-25 22:06:01,133 | DEBUG | root | IDMPolicy is released
2025-11-25 22:06:01,136 | DEBUG | root | IDMPolicy is released
2025-11-25 22:06:01,136 | DEBUG | root | IDMPolicy is released
2025-11-25 22:06:01,136 | DEBUG | root | IDMPolicy is released
2025-11-25 22:06:01,138 | DEBUG | root | IDMPolicy is released
2025-11-25 22:06:01,138 | DEBUG | root | IDMPolicy is released
2025-11-25 22:06:01,140 | DEBUG | root | NodeNetworkNavigation is destroyed
2025-11-25 22:06:01,141 | DEBUG | root | NodeNetworkNavigation is destroyed
2025-11-25 22:06:01,142 | DEBUG | root | NodeNetworkNavigation is destroyed
2025-11-25 22:06:01,145 | DEBUG | root | NodeNetworkNavigation is destroyed
2025-11-25 22:06:01,146 | DEBUG | root | NodeNetworkNavigation is destroyed
2025-11-25 22:06:01,148 | DEBUG | root | NodeNetworkNavigation is destroyed
2025-11-25 22:06:01,150 | DEBUG | root | NodeNetworkNavigation is destroyed
2025-11-25 22:06:01,151 | DEBUG | root | NodeNetworkNavigation is destroyed
2025-11-25 22:06:01,153 | DEBUG | root | NodeNetworkNavigation is destroyed
2025-11-25 22:06:01,153 | DEBUG | root | NodeNetworkNavigation is destroyed
2025-11-25 22:06:01,153 | DEBUG | root | NodeNetworkNavigation is destroyed
2025-11-25 22:06:01,158 | DEBUG | root | NodeNetworkNavigation is destroyed
2025-11-25 22:06:01,161 | DEBUG | root | NodeNetworkNavigation is destroyed
2025-11-25 22:06:01,163 | DEBUG | root | NodeNetworkNavigation is destroyed
2025-11-25 22:06:01,165 | DEBUG | root | NodeNetworkNavigation is destroyed
2025-11-25 22:06:01,167 | DEBUG | root | NodeNetworkNavigation is destroyed
2025-11-25 22:06:01,168 | DEBUG | root | NodeNetworkNavigation is destroyed
2025-11-25 22:06:01,170 | DEBUG | root | NodeNetworkNavigation is destroyed
2025-11-25 22:06:01,171 | DEBUG | root | NodeNetworkNavigation is destroyed
2025-11-25 22:06:01,174 | DEBUG | root | NodeNetworkNavigation is destroyed
2025-11-25 22:06:01,175 | DEBUG | root | NodeNetworkNavigation is destroyed
2025-11-25 22:06:01,176 | DEBUG | root | NodeNetworkNavigation is destroyed
2025-11-25 22:06:01,179 | DEBUG | root | NodeNetworkNavigation is destroyed
2025-11-25 22:06:01,180 | DEBUG | root | NodeNetworkNavigation is destroyed
2025-11-25 22:06:01,183 | DEBUG | root | NodeNetworkNavigation is destroyed
2025-11-25 22:06:01,185 | DEBUG | root | NodeNetworkNavigation is destroyed
2025-11-25 22:06:01,187 | DEBUG | root | NodeNetworkNavigation is destroyed
2025-11-25 22:06:01,190 | DEBUG | root | NodeNetworkNavigation is destroyed
2025-11-25 22:06:01,193 | DEBUG | root | NodeNetworkNavigation is destroyed
2025-11-25 22:06:01,196 | DEBUG | root | NodeNetworkNavigation is destroyed
2025-11-25 22:06:01,197 | DEBUG | root | NodeNetworkNavigation is destroyed
2025-11-25 22:06:01,203 | DEBUG | root | NodeNetworkNavigation is destroyed
2025-11-25 22:06:01,206 | DEBUG | root | NodeNetworkNavigation is destroyed
2025-11-25 22:06:01,208 | DEBUG | root | NodeNetworkNavigation is destroyed
2025-11-25 22:06:01,210 | DEBUG | root | NodeNetworkNavigation is destroyed
2025-11-25 22:06:01,214 | DEBUG | root | NodeNetworkNavigation is destroyed
2025-11-25 22:06:01,217 | DEBUG | root | NodeNetworkNavigation is destroyed
2025-11-25 22:06:01,220 | DEBUG | root | NodeNetworkNavigation is destroyed
2025-11-25 22:06:01,225 | DEBUG | root | NodeNetworkNavigation is destroyed
2025-11-25 22:06:01,229 | DEBUG | root | NodeNetworkNavigation is destroyed
2025-11-25 22:06:01,234 | DEBUG | root | NodeNetworkNavigation is destroyed
2025-11-25 22:06:01,238 | DEBUG | root | NodeNetworkNavigation is destroyed
2025-11-25 22:06:01,238 | DEBUG | root | Pedestrian, ID:None is destroyed
2025-11-25 22:06:01,240 | DEBUG | root | BaseTrafficLight, ID:None is destroyed
2025-11-25 22:06:01,241 | DEBUG | root | TrafficBarrier, ID:None is destroyed
2025-11-25 22:06:01,243 | DEBUG | root | TrafficCone, ID:None is destroyed
2025-11-25 22:06:01,244 | DEBUG | root | SVehicle, ID:None is destroyed
2025-11-25 22:06:01,245 | DEBUG | root | SVehicle, ID:None is destroyed
2025-11-25 22:06:01,245 | DEBUG | root | SVehicle, ID:None is destroyed
2025-11-25 22:06:01,245 | DEBUG | root | SVehicle, ID:None is destroyed
2025-11-25 22:06:01,247 | DEBUG | root | SVehicle, ID:None is destroyed
2025-11-25 22:06:01,247 | DEBUG | root | SVehicle, ID:None is destroyed
2025-11-25 22:06:01,247 | DEBUG | root | SVehicle, ID:None is destroyed
2025-11-25 22:06:01,248 | DEBUG | root | SVehicle, ID:None is destroyed
2025-11-25 22:06:01,248 | DEBUG | root | SVehicle, ID:None is destroyed
2025-11-25 22:06:01,248 | DEBUG | root | SVehicle, ID:None is destroyed
2025-11-25 22:06:01,249 | DEBUG | root | MVehicle, ID:None is destroyed
2025-11-25 22:06:01,249 | DEBUG | root | MVehicle, ID:None is destroyed
2025-11-25 22:06:01,249 | DEBUG | root | MVehicle, ID:None is destroyed
2025-11-25 22:06:01,251 | DEBUG | root | MVehicle, ID:None is destroyed
2025-11-25 22:06:01,251 | DEBUG | root | MVehicle, ID:None is destroyed
2025-11-25 22:06:01,252 | DEBUG | root | MVehicle, ID:None is destroyed
2025-11-25 22:06:01,252 | DEBUG | root | MVehicle, ID:None is destroyed
2025-11-25 22:06:01,253 | DEBUG | root | MVehicle, ID:None is destroyed
2025-11-25 22:06:01,253 | DEBUG | root | MVehicle, ID:None is destroyed
2025-11-25 22:06:01,254 | DEBUG | root | MVehicle, ID:None is destroyed
2025-11-25 22:06:01,254 | DEBUG | root | MVehicle, ID:None is destroyed
2025-11-25 22:06:01,254 | DEBUG | root | MVehicle, ID:None is destroyed
2025-11-25 22:06:01,255 | DEBUG | root | MVehicle, ID:None is destroyed
2025-11-25 22:06:01,255 | DEBUG | root | MVehicle, ID:None is destroyed
2025-11-25 22:06:01,256 | DEBUG | root | LVehicle, ID:None is destroyed
2025-11-25 22:06:01,257 | DEBUG | root | LVehicle, ID:None is destroyed
2025-11-25 22:06:01,257 | DEBUG | root | LVehicle, ID:None is destroyed
2025-11-25 22:06:01,257 | DEBUG | root | LVehicle, ID:None is destroyed
2025-11-25 22:06:01,257 | DEBUG | root | LVehicle, ID:None is destroyed
2025-11-25 22:06:01,257 | DEBUG | root | LVehicle, ID:None is destroyed
2025-11-25 22:06:01,257 | DEBUG | root | LVehicle, ID:None is destroyed
2025-11-25 22:06:01,261 | DEBUG | root | LVehicle, ID:None is destroyed
2025-11-25 22:06:01,261 | DEBUG | root | LVehicle, ID:None is destroyed
2025-11-25 22:06:01,262 | DEBUG | root | LVehicle, ID:None is destroyed
2025-11-25 22:06:01,262 | DEBUG | root | LVehicle, ID:None is destroyed
2025-11-25 22:06:01,263 | DEBUG | root | LVehicle, ID:None is destroyed
2025-11-25 22:06:01,263 | DEBUG | root | LVehicle, ID:None is destroyed
2025-11-25 22:06:01,263 | DEBUG | root | LVehicle, ID:None is destroyed
2025-11-25 22:06:01,480 | DEBUG | root | XLVehicle, ID:None is destroyed
2025-11-25 22:06:01,480 | DEBUG | root | XLVehicle, ID:None is destroyed
2025-11-25 22:06:01,480 | DEBUG | root | XLVehicle, ID:None is destroyed
2025-11-25 22:06:01,483 | DEBUG | root | XLVehicle, ID:None is destroyed
2025-11-25 22:09:42,210 | DEBUG | matplotlib | matplotlib data path: C:\Users\Pushpak Chakraborty\Desktop\Final Year Project\venv\lib\site-packages\matplotlib\mpl-data
2025-11-25 22:09:42,215 | DEBUG | matplotlib | CONFIGDIR=C:\Users\Pushpak Chakraborty\.matplotlib
2025-11-25 22:09:42,215 | DEBUG | matplotlib | interactive is False
2025-11-25 22:09:42,215 | DEBUG | matplotlib | platform is win32
2025-11-25 22:09:42,565 | DEBUG | matplotlib | CACHEDIR=C:\Users\Pushpak Chakraborty\.matplotlib
2025-11-25 22:09:42,565 | DEBUG | matplotlib.font_manager | Using fontManager instance from C:\Users\Pushpak Chakraborty\.matplotlib\fontlist-v330.json
2025-11-25 22:09:45,920 | DEBUG | root | forward
2025-11-25 22:09:45,984 | DEBUG | root | forward
2025-11-25 22:09:46,058 | DEBUG | root | forward
2025-11-25 22:09:46,116 | DEBUG | root | forward
2025-11-25 22:09:46,220 | DEBUG | root | forward
2025-11-25 22:09:46,319 | DEBUG | root | forward
2025-11-25 22:09:46,352 | DEBUG | root | forward
2025-11-25 22:09:46,500 | DEBUG | root | forward
2025-11-25 22:09:46,662 | DEBUG | root | forward
2025-11-25 22:09:46,816 | DEBUG | root | Destroy Big
2025-11-25 22:09:46,956 | DEBUG | root | Load Vehicle Module: NodeNetworkNavigation
2025-11-25 22:09:46,966 | DEBUG | root | Load Vehicle Module: NodeNetworkNavigation
2025-11-25 22:09:46,986 | DEBUG | root | Load Vehicle Module: NodeNetworkNavigation
2025-11-25 22:09:47,000 | DEBUG | root | Load Vehicle Module: NodeNetworkNavigation
2025-11-25 22:09:47,028 | DEBUG | root | Load Vehicle Module: NodeNetworkNavigation
2025-11-25 22:09:47,040 | DEBUG | root | Load Vehicle Module: NodeNetworkNavigation
2025-11-25 22:09:47,054 | DEBUG | root | Load Vehicle Module: NodeNetworkNavigation
2025-11-25 22:09:47,067 | DEBUG | root | Load Vehicle Module: NodeNetworkNavigation
2025-11-25 22:09:47,070 | DEBUG | root | load scene Use random traffic
2025-11-25 22:09:47,095 | DEBUG | root | Load Vehicle Module: NodeNetworkNavigation
2025-11-25 22:09:47,123 | DEBUG | root | Load Vehicle Module: NodeNetworkNavigation
2025-11-25 22:09:47,166 | DEBUG | root | Load Vehicle Module: NodeNetworkNavigation
2025-11-25 22:09:47,173 | DEBUG | root | Load Vehicle Module: NodeNetworkNavigation
2025-11-25 22:09:47,185 | DEBUG | root | Load Vehicle Module: NodeNetworkNavigation
2025-11-25 22:09:47,195 | DEBUG | root | Load Vehicle Module: NodeNetworkNavigation
2025-11-25 22:09:47,206 | DEBUG | root | Load Vehicle Module: NodeNetworkNavigation
2025-11-25 22:09:47,247 | DEBUG | root | Load Vehicle Module: NodeNetworkNavigation
2025-11-25 22:09:47,257 | DEBUG | root | Load Vehicle Module: NodeNetworkNavigation
2025-11-25 22:09:47,271 | DEBUG | root | Load Vehicle Module: NodeNetworkNavigation
2025-11-25 22:09:47,282 | DEBUG | root | Load Vehicle Module: NodeNetworkNavigation
2025-11-25 22:09:47,293 | DEBUG | root | Load Vehicle Module: NodeNetworkNavigation
2025-11-25 22:09:47,303 | DEBUG | root | Load Vehicle Module: NodeNetworkNavigation
2025-11-25 22:09:47,314 | DEBUG | root | Load Vehicle Module: NodeNetworkNavigation
2025-11-25 22:09:47,324 | DEBUG | root | Load Vehicle Module: NodeNetworkNavigation
2025-11-25 22:09:47,335 | DEBUG | root | Load Vehicle Module: NodeNetworkNavigation
2025-11-25 22:09:47,350 | DEBUG | root | Load Vehicle Module: NodeNetworkNavigation
2025-11-25 22:09:47,362 | DEBUG | root | Load Vehicle Module: NodeNetworkNavigation
2025-11-25 22:09:47,375 | DEBUG | root | Load Vehicle Module: NodeNetworkNavigation
2025-11-25 22:09:47,386 | DEBUG | root | Load Vehicle Module: NodeNetworkNavigation
2025-11-25 22:09:47,410 | DEBUG | root | Load Vehicle Module: NodeNetworkNavigation
2025-11-25 22:09:47,420 | DEBUG | root | Load Vehicle Module: NodeNetworkNavigation
2025-11-25 22:09:47,432 | DEBUG | root | Load Vehicle Module: NodeNetworkNavigation
2025-11-25 22:09:47,447 | DEBUG | root | Load Vehicle Module: NodeNetworkNavigation
2025-11-25 22:09:47,457 | DEBUG | root | Load Vehicle Module: NodeNetworkNavigation
2025-11-25 22:09:47,473 | DEBUG | root | Load Vehicle Module: NodeNetworkNavigation
2025-11-25 22:09:47,485 | DEBUG | root | Load Vehicle Module: NodeNetworkNavigation
2025-11-25 22:09:47,493 | DEBUG | root | Load Vehicle Module: NodeNetworkNavigation
2025-11-25 22:09:47,508 | DEBUG | root | Load Vehicle Module: NodeNetworkNavigation
2025-11-25 22:09:47,522 | DEBUG | root | Load Vehicle Module: NodeNetworkNavigation
2025-11-25 22:09:47,533 | DEBUG | root | Load Vehicle Module: NodeNetworkNavigation
2025-11-25 22:09:47,545 | DEBUG | root | Load Vehicle Module: NodeNetworkNavigation
2025-11-25 22:09:47,555 | DEBUG | root | Load Vehicle Module: NodeNetworkNavigation
2025-11-25 22:09:47,570 | DEBUG | root | Load Vehicle Module: NodeNetworkNavigation
2025-11-25 22:09:47,580 | DEBUG | root | Load Vehicle Module: NodeNetworkNavigation
2025-11-25 22:09:47,591 | DEBUG | root | Load Vehicle Module: NodeNetworkNavigation
2025-11-25 22:09:47,602 | DEBUG | root | Load Vehicle Module: NodeNetworkNavigation
2025-11-25 22:09:47,613 | DEBUG | root | Load Vehicle Module: NodeNetworkNavigation
2025-11-25 22:09:47,624 | DEBUG | root | Load Vehicle Module: NodeNetworkNavigation
2025-11-25 22:09:47,635 | DEBUG | root | Load Vehicle Module: NodeNetworkNavigation
2025-11-25 22:09:47,646 | DEBUG | root | Load Vehicle Module: NodeNetworkNavigation
2025-11-25 22:09:47,654 | DEBUG | root | Load Vehicle Module: NodeNetworkNavigation
2025-11-25 22:10:02,185 | DEBUG | root | EnvInputPolicy is released
2025-11-25 22:10:02,185 | DEBUG | root | EnvInputPolicy is released
2025-11-25 22:10:05,572 | DEBUG | root | EnvInputPolicy is released
2025-11-25 22:10:14,175 | DEBUG | root | EnvInputPolicy is released
2025-11-25 22:10:14,665 | DEBUG | root | EnvInputPolicy is released
2025-11-25 22:10:14,921 | DEBUG | root | EnvInputPolicy is released
2025-11-25 22:10:15,832 | DEBUG | root | EnvInputPolicy is released
2025-11-25 22:10:16,752 | DEBUG | root | EnvInputPolicy is released
2025-11-25 22:10:26,490 | DEBUG | root | EnvInputPolicy is released
2025-11-25 22:10:28,107 | DEBUG | root | EnvInputPolicy is released
2025-11-25 22:10:29,019 | DEBUG | root | EnvInputPolicy is released
2025-11-25 22:10:32,123 | DEBUG | root | IDMPolicy is released
2025-11-25 22:10:34,865 | DEBUG | root | IDMPolicy is released
2025-11-25 22:10:36,460 | DEBUG | root | IDMPolicy is released
2025-11-25 22:10:37,815 | DEBUG | root | EnvInputPolicy is released
2025-11-25 22:10:39,752 | DEBUG | root | IDMPolicy is released
2025-11-25 22:10:46,574 | DEBUG | root | EnvInputPolicy is released
2025-11-25 22:10:47,160 | DEBUG | root | EnvInputPolicy is released
2025-11-25 22:10:47,355 | DEBUG | root | EnvInputPolicy is released
2025-11-25 22:10:51,563 | DEBUG | root | EnvInputPolicy is released
2025-11-25 22:10:52,430 | DEBUG | root | EnvInputPolicy is released
2025-11-25 22:10:53,250 | DEBUG | root | EnvInputPolicy is released
2025-11-25 22:10:55,690 | DEBUG | root | IDMPolicy is released
2025-11-25 22:10:55,912 | DEBUG | root | EnvInputPolicy is released
2025-11-25 22:10:58,245 | DEBUG | root | EnvInputPolicy is released
2025-11-25 22:11:04,358 | DEBUG | root | IDMPolicy is released
2025-11-25 22:11:05,544 | DEBUG | root | EnvInputPolicy is released
2025-11-25 22:11:07,080 | DEBUG | root | Roundabout, ID:None is destroyed
2025-11-25 22:11:07,080 | DEBUG | root | StdTInterSection, ID:None is destroyed
2025-11-25 22:11:07,080 | DEBUG | root | Curve, ID:None is destroyed
2025-11-25 22:11:07,085 | DEBUG | root | StdInterSection, ID:None is destroyed
2025-11-25 22:11:07,085 | DEBUG | root | Roundabout, ID:None is destroyed
2025-11-25 22:11:07,085 | DEBUG | root | StdTInterSection, ID:None is destroyed
2025-11-25 22:11:07,085 | DEBUG | root | Curve, ID:None is destroyed
2025-11-25 22:11:07,085 | DEBUG | root | StdInterSection, ID:None is destroyed
2025-11-25 22:11:07,085 | DEBUG | root | FirstPGBlock, ID:None is destroyed
2025-11-25 22:11:07,085 | DEBUG | root | StdInterSection, ID:None is destroyed
2025-11-25 22:11:07,085 | DEBUG | root | EnvInputPolicy is released
2025-11-25 22:11:07,090 | DEBUG | root | NodeNetworkNavigation is destroyed
2025-11-25 22:11:07,090 | DEBUG | root | EnvInputPolicy is released
2025-11-25 22:11:07,092 | DEBUG | root | NodeNetworkNavigation is destroyed
2025-11-25 22:11:07,092 | DEBUG | root | EnvInputPolicy is released
2025-11-25 22:11:07,094 | DEBUG | root | NodeNetworkNavigation is destroyed
2025-11-25 22:11:07,094 | DEBUG | root | EnvInputPolicy is released
2025-11-25 22:11:07,094 | DEBUG | root | NodeNetworkNavigation is destroyed
2025-11-25 22:11:07,094 | DEBUG | root | EnvInputPolicy is released
2025-11-25 22:11:07,099 | DEBUG | root | NodeNetworkNavigation is destroyed
2025-11-25 22:11:07,100 | DEBUG | root | EnvInputPolicy is released
2025-11-25 22:11:07,100 | DEBUG | root | NodeNetworkNavigation is destroyed
2025-11-25 22:11:07,100 | DEBUG | root | EnvInputPolicy is released
2025-11-25 22:11:07,103 | DEBUG | root | NodeNetworkNavigation is destroyed
2025-11-25 22:11:07,104 | DEBUG | root | EnvInputPolicy is released
2025-11-25 22:11:07,105 | DEBUG | root | NodeNetworkNavigation is destroyed
2025-11-25 22:11:07,106 | DEBUG | root | IDMPolicy is released
2025-11-25 22:11:07,106 | DEBUG | root | IDMPolicy is released
2025-11-25 22:11:07,106 | DEBUG | root | IDMPolicy is released
2025-11-25 22:11:07,106 | DEBUG | root | IDMPolicy is released
2025-11-25 22:11:07,110 | DEBUG | root | IDMPolicy is released
2025-11-25 22:11:07,110 | DEBUG | root | IDMPolicy is released
2025-11-25 22:11:07,111 | DEBUG | root | IDMPolicy is released
2025-11-25 22:11:07,112 | DEBUG | root | IDMPolicy is released
2025-11-25 22:11:07,112 | DEBUG | root | IDMPolicy is released
2025-11-25 22:11:07,113 | DEBUG | root | IDMPolicy is released
2025-11-25 22:11:07,113 | DEBUG | root | IDMPolicy is released
2025-11-25 22:11:07,113 | DEBUG | root | IDMPolicy is released
2025-11-25 22:11:07,113 | DEBUG | root | IDMPolicy is released
2025-11-25 22:11:07,113 | DEBUG | root | IDMPolicy is released
2025-11-25 22:11:07,113 | DEBUG | root | IDMPolicy is released
2025-11-25 22:11:07,113 | DEBUG | root | IDMPolicy is released
2025-11-25 22:11:07,113 | DEBUG | root | IDMPolicy is released
2025-11-25 22:11:07,113 | DEBUG | root | IDMPolicy is released
2025-11-25 22:11:07,113 | DEBUG | root | IDMPolicy is released
2025-11-25 22:11:07,119 | DEBUG | root | IDMPolicy is released
2025-11-25 22:11:07,119 | DEBUG | root | IDMPolicy is released
2025-11-25 22:11:07,120 | DEBUG | root | IDMPolicy is released
2025-11-25 22:11:07,122 | DEBUG | root | IDMPolicy is released
2025-11-25 22:11:07,124 | DEBUG | root | IDMPolicy is released
2025-11-25 22:11:07,126 | DEBUG | root | IDMPolicy is released
2025-11-25 22:11:07,127 | DEBUG | root | IDMPolicy is released
2025-11-25 22:11:07,127 | DEBUG | root | IDMPolicy is released
2025-11-25 22:11:07,130 | DEBUG | root | IDMPolicy is released
2025-11-25 22:11:07,130 | DEBUG | root | IDMPolicy is released
2025-11-25 22:11:07,131 | DEBUG | root | IDMPolicy is released
2025-11-25 22:11:07,132 | DEBUG | root | IDMPolicy is released
2025-11-25 22:11:07,133 | DEBUG | root | IDMPolicy is released
2025-11-25 22:11:07,134 | DEBUG | root | IDMPolicy is released
2025-11-25 22:11:07,134 | DEBUG | root | IDMPolicy is released
2025-11-25 22:11:07,134 | DEBUG | root | IDMPolicy is released
2025-11-25 22:11:07,134 | DEBUG | root | IDMPolicy is released
2025-11-25 22:11:07,134 | DEBUG | root | IDMPolicy is released
2025-11-25 22:11:07,137 | DEBUG | root | IDMPolicy is released
2025-11-25 22:11:07,137 | DEBUG | root | IDMPolicy is released
2025-11-25 22:11:07,138 | DEBUG | root | IDMPolicy is released
2025-11-25 22:11:07,138 | DEBUG | root | IDMPolicy is released
2025-11-25 22:11:07,138 | DEBUG | root | IDMPolicy is released
2025-11-25 22:11:07,141 | DEBUG | root | NodeNetworkNavigation is destroyed
2025-11-25 22:11:07,143 | DEBUG | root | NodeNetworkNavigation is destroyed
2025-11-25 22:11:07,144 | DEBUG | root | NodeNetworkNavigation is destroyed
2025-11-25 22:11:07,145 | DEBUG | root | NodeNetworkNavigation is destroyed
2025-11-25 22:11:07,147 | DEBUG | root | NodeNetworkNavigation is destroyed
2025-11-25 22:11:07,148 | DEBUG | root | NodeNetworkNavigation is destroyed
2025-11-25 22:11:07,150 | DEBUG | root | NodeNetworkNavigation is destroyed
2025-11-25 22:11:07,153 | DEBUG | root | NodeNetworkNavigation is destroyed
2025-11-25 22:11:07,155 | DEBUG | root | NodeNetworkNavigation is destroyed
2025-11-25 22:11:07,158 | DEBUG | root | NodeNetworkNavigation is destroyed
2025-11-25 22:11:07,161 | DEBUG | root | NodeNetworkNavigation is destroyed
2025-11-25 22:11:07,163 | DEBUG | root | NodeNetworkNavigation is destroyed
2025-11-25 22:11:07,165 | DEBUG | root | NodeNetworkNavigation is destroyed
2025-11-25 22:11:07,169 | DEBUG | root | NodeNetworkNavigation is destroyed
2025-11-25 22:11:07,172 | DEBUG | root | NodeNetworkNavigation is destroyed
2025-11-25 22:11:07,174 | DEBUG | root | NodeNetworkNavigation is destroyed
2025-11-25 22:11:07,176 | DEBUG | root | NodeNetworkNavigation is destroyed
2025-11-25 22:11:07,179 | DEBUG | root | NodeNetworkNavigation is destroyed
2025-11-25 22:11:07,182 | DEBUG | root | NodeNetworkNavigation is destroyed
2025-11-25 22:11:07,183 | DEBUG | root | NodeNetworkNavigation is destroyed
2025-11-25 22:11:07,183 | DEBUG | root | NodeNetworkNavigation is destroyed
2025-11-25 22:11:07,192 | DEBUG | root | NodeNetworkNavigation is destroyed
2025-11-25 22:11:07,195 | DEBUG | root | NodeNetworkNavigation is destroyed
2025-11-25 22:11:07,202 | DEBUG | root | NodeNetworkNavigation is destroyed
2025-11-25 22:11:07,206 | DEBUG | root | NodeNetworkNavigation is destroyed
2025-11-25 22:11:07,210 | DEBUG | root | NodeNetworkNavigation is destroyed
2025-11-25 22:11:07,215 | DEBUG | root | NodeNetworkNavigation is destroyed
2025-11-25 22:11:07,220 | DEBUG | root | NodeNetworkNavigation is destroyed
2025-11-25 22:11:07,222 | DEBUG | root | NodeNetworkNavigation is destroyed
2025-11-25 22:11:07,228 | DEBUG | root | NodeNetworkNavigation is destroyed
2025-11-25 22:11:07,230 | DEBUG | root | NodeNetworkNavigation is destroyed
2025-11-25 22:11:07,232 | DEBUG | root | NodeNetworkNavigation is destroyed
2025-11-25 22:11:07,233 | DEBUG | root | NodeNetworkNavigation is destroyed
2025-11-25 22:11:07,235 | DEBUG | root | NodeNetworkNavigation is destroyed
2025-11-25 22:11:07,236 | DEBUG | root | NodeNetworkNavigation is destroyed
2025-11-25 22:11:07,237 | DEBUG | root | NodeNetworkNavigation is destroyed
2025-11-25 22:11:07,240 | DEBUG | root | NodeNetworkNavigation is destroyed
2025-11-25 22:11:07,240 | DEBUG | root | NodeNetworkNavigation is destroyed
2025-11-25 22:11:07,242 | DEBUG | root | NodeNetworkNavigation is destroyed
2025-11-25 22:11:07,244 | DEBUG | root | NodeNetworkNavigation is destroyed
2025-11-25 22:11:07,245 | DEBUG | root | NodeNetworkNavigation is destroyed
2025-11-25 22:11:07,246 | DEBUG | root | NodeNetworkNavigation is destroyed
2025-11-25 22:11:07,248 | DEBUG | root | Pedestrian, ID:None is destroyed
2025-11-25 22:11:07,248 | DEBUG | root | BaseTrafficLight, ID:None is destroyed
2025-11-25 22:11:07,249 | DEBUG | root | TrafficBarrier, ID:None is destroyed
2025-11-25 22:11:07,250 | DEBUG | root | TrafficCone, ID:None is destroyed
2025-11-25 22:11:07,250 | DEBUG | root | SVehicle, ID:None is destroyed
2025-11-25 22:11:07,252 | DEBUG | root | SVehicle, ID:None is destroyed
2025-11-25 22:11:07,252 | DEBUG | root | SVehicle, ID:None is destroyed
2025-11-25 22:11:07,253 | DEBUG | root | SVehicle, ID:None is destroyed
2025-11-25 22:11:07,254 | DEBUG | root | SVehicle, ID:None is destroyed
2025-11-25 22:11:07,255 | DEBUG | root | SVehicle, ID:None is destroyed
2025-11-25 22:11:07,255 | DEBUG | root | SVehicle, ID:None is destroyed
2025-11-25 22:11:07,256 | DEBUG | root | LVehicle, ID:None is destroyed
2025-11-25 22:11:07,256 | DEBUG | root | LVehicle, ID:None is destroyed
2025-11-25 22:11:07,257 | DEBUG | root | LVehicle, ID:None is destroyed
2025-11-25 22:11:07,257 | DEBUG | root | LVehicle, ID:None is destroyed
2025-11-25 22:11:07,258 | DEBUG | root | LVehicle, ID:None is destroyed
2025-11-25 22:11:07,258 | DEBUG | root | LVehicle, ID:None is destroyed
2025-11-25 22:11:07,259 | DEBUG | root | LVehicle, ID:None is destroyed
2025-11-25 22:11:07,260 | DEBUG | root | LVehicle, ID:None is destroyed
2025-11-25 22:11:07,260 | DEBUG | root | LVehicle, ID:None is destroyed
2025-11-25 22:11:07,260 | DEBUG | root | LVehicle, ID:None is destroyed
2025-11-25 22:11:07,262 | DEBUG | root | LVehicle, ID:None is destroyed
2025-11-25 22:11:07,262 | DEBUG | root | LVehicle, ID:None is destroyed
2025-11-25 22:11:07,263 | DEBUG | root | LVehicle, ID:None is destroyed
2025-11-25 22:11:07,263 | DEBUG | root | LVehicle, ID:None is destroyed
2025-11-25 22:11:07,264 | DEBUG | root | XLVehicle, ID:None is destroyed
2025-11-25 22:11:07,264 | DEBUG | root | XLVehicle, ID:None is destroyed
2025-11-25 22:11:07,265 | DEBUG | root | XLVehicle, ID:None is destroyed
2025-11-25 22:11:07,265 | DEBUG | root | XLVehicle, ID:None is destroyed
2025-11-25 22:11:07,266 | DEBUG | root | XLVehicle, ID:None is destroyed
2025-11-25 22:11:07,266 | DEBUG | root | XLVehicle, ID:None is destroyed
2025-11-25 22:11:07,266 | DEBUG | root | XLVehicle, ID:None is destroyed
2025-11-25 22:11:07,266 | DEBUG | root | XLVehicle, ID:None is destroyed
2025-11-25 22:11:07,268 | DEBUG | root | XLVehicle, ID:None is destroyed
2025-11-25 22:11:07,524 | DEBUG | root | MVehicle, ID:None is destroyed
2025-11-25 22:11:07,524 | DEBUG | root | MVehicle, ID:None is destroyed
2025-11-25 22:11:07,524 | DEBUG | root | MVehicle, ID:None is destroyed
2025-11-25 22:11:07,524 | DEBUG | root | MVehicle, ID:None is destroyed
2025-11-25 22:11:07,524 | DEBUG | root | MVehicle, ID:None is destroyed
2025-11-25 22:11:07,524 | DEBUG | root | MVehicle, ID:None is destroyed
2025-11-25 22:11:07,524 | DEBUG | root | MVehicle, ID:None is destroyed
2025-11-25 22:11:07,524 | DEBUG | root | MVehicle, ID:None is destroyed
2025-11-25 22:11:07,524 | DEBUG | root | MVehicle, ID:None is destroyed
2025-11-25 22:11:07,524 | DEBUG | root | MVehicle, ID:None is destroyed
2025-11-25 22:11:07,524 | DEBUG | root | MVehicle, ID:None is destroyed
2025-11-25 22:11:07,524 | DEBUG | root | MVehicle, ID:None is destroyed
2025-12-12 07:57:39,635 | DEBUG | matplotlib | matplotlib data path: C:\Users\Pushpak Chakraborty\Desktop\Final Year Project\venv\lib\site-packages\matplotlib\mpl-data
2025-12-12 07:57:39,650 | DEBUG | matplotlib | CONFIGDIR=C:\Users\Pushpak Chakraborty\.matplotlib
2025-12-12 07:57:39,652 | DEBUG | matplotlib | interactive is False
2025-12-12 07:57:39,653 | DEBUG | matplotlib | platform is win32
2025-12-12 07:57:41,151 | DEBUG | matplotlib | CACHEDIR=C:\Users\Pushpak Chakraborty\.matplotlib
2025-12-12 07:57:41,162 | DEBUG | matplotlib.font_manager | Using fontManager instance from C:\Users\Pushpak Chakraborty\.matplotlib\fontlist-v330.json
2025-12-12 07:57:48,005 | DEBUG | root | forward
2025-12-12 07:57:48,065 | DEBUG | root | forward
2025-12-12 07:57:48,090 | DEBUG | root | forward
2025-12-12 07:57:48,153 | DEBUG | root | forward
2025-12-12 07:57:48,263 | DEBUG | root | forward
2025-12-12 07:57:48,368 | DEBUG | root | forward
2025-12-12 07:57:48,406 | DEBUG | root | forward
2025-12-12 07:57:48,519 | DEBUG | root | forward
2025-12-12 07:57:48,914 | DEBUG | root | forward
2025-12-12 07:57:49,063 | DEBUG | root | Destroy Big
2025-12-12 07:57:49,253 | DEBUG | root | Load Vehicle Module: NodeNetworkNavigation
2025-12-12 07:57:49,266 | DEBUG | root | Load Vehicle Module: NodeNetworkNavigation
2025-12-12 07:57:49,282 | DEBUG | root | Load Vehicle Module: NodeNetworkNavigation
2025-12-12 07:57:49,297 | DEBUG | root | Load Vehicle Module: NodeNetworkNavigation
2025-12-12 07:57:49,313 | DEBUG | root | Load Vehicle Module: NodeNetworkNavigation
2025-12-12 07:57:49,329 | DEBUG | root | Load Vehicle Module: NodeNetworkNavigation
2025-12-12 07:57:49,343 | DEBUG | root | Load Vehicle Module: NodeNetworkNavigation
2025-12-12 07:57:49,358 | DEBUG | root | Load Vehicle Module: NodeNetworkNavigation
2025-12-12 07:57:49,370 | DEBUG | root | load scene Use random traffic
2025-12-12 07:57:49,459 | DEBUG | root | Load Vehicle Module: NodeNetworkNavigation
2025-12-12 07:57:49,538 | DEBUG | root | Load Vehicle Module: NodeNetworkNavigation
2025-12-12 07:57:49,595 | DEBUG | root | Load Vehicle Module: NodeNetworkNavigation
2025-12-12 07:57:49,605 | DEBUG | root | Load Vehicle Module: NodeNetworkNavigation
2025-12-12 07:57:49,619 | DEBUG | root | Load Vehicle Module: NodeNetworkNavigation
2025-12-12 07:57:49,630 | DEBUG | root | Load Vehicle Module: NodeNetworkNavigation
2025-12-12 07:57:49,644 | DEBUG | root | Load Vehicle Module: NodeNetworkNavigation
2025-12-12 07:57:49,657 | DEBUG | root | Load Vehicle Module: NodeNetworkNavigation
2025-12-12 07:57:49,671 | DEBUG | root | Load Vehicle Module: NodeNetworkNavigation
2025-12-12 07:57:49,684 | DEBUG | root | Load Vehicle Module: NodeNetworkNavigation
2025-12-12 07:57:49,696 | DEBUG | root | Load Vehicle Module: NodeNetworkNavigation
2025-12-12 07:57:49,759 | DEBUG | root | Load Vehicle Module: NodeNetworkNavigation
2025-12-12 07:57:49,769 | DEBUG | root | Load Vehicle Module: NodeNetworkNavigation
2025-12-12 07:57:49,781 | DEBUG | root | Load Vehicle Module: NodeNetworkNavigation
2025-12-12 07:57:49,792 | DEBUG | root | Load Vehicle Module: NodeNetworkNavigation
2025-12-12 07:57:49,805 | DEBUG | root | Load Vehicle Module: NodeNetworkNavigation
2025-12-12 07:57:49,816 | DEBUG | root | Load Vehicle Module: NodeNetworkNavigation
2025-12-12 07:57:49,829 | DEBUG | root | Load Vehicle Module: NodeNetworkNavigation
2025-12-12 07:57:49,841 | DEBUG | root | Load Vehicle Module: NodeNetworkNavigation
2025-12-12 07:57:49,855 | DEBUG | root | Load Vehicle Module: NodeNetworkNavigation
2025-12-12 07:57:49,867 | DEBUG | root | Load Vehicle Module: NodeNetworkNavigation
2025-12-12 07:57:49,878 | DEBUG | root | Load Vehicle Module: NodeNetworkNavigation
2025-12-12 07:57:49,891 | DEBUG | root | Load Vehicle Module: NodeNetworkNavigation
2025-12-12 07:57:49,903 | DEBUG | root | Load Vehicle Module: NodeNetworkNavigation
2025-12-12 07:57:49,915 | DEBUG | root | Load Vehicle Module: NodeNetworkNavigation
2025-12-12 07:57:49,928 | DEBUG | root | Load Vehicle Module: NodeNetworkNavigation
2025-12-12 07:57:49,942 | DEBUG | root | Load Vehicle Module: NodeNetworkNavigation
2025-12-12 07:57:49,955 | DEBUG | root | Load Vehicle Module: NodeNetworkNavigation
2025-12-12 07:57:49,967 | DEBUG | root | Load Vehicle Module: NodeNetworkNavigation
2025-12-12 07:57:49,980 | DEBUG | root | Load Vehicle Module: NodeNetworkNavigation
2025-12-12 07:57:49,994 | DEBUG | root | Load Vehicle Module: NodeNetworkNavigation
2025-12-12 07:57:50,005 | DEBUG | root | Load Vehicle Module: NodeNetworkNavigation
2025-12-12 07:57:50,017 | DEBUG | root | Load Vehicle Module: NodeNetworkNavigation
2025-12-12 07:57:50,030 | DEBUG | root | Load Vehicle Module: NodeNetworkNavigation
2025-12-12 07:57:50,041 | DEBUG | root | Load Vehicle Module: NodeNetworkNavigation
2025-12-12 07:57:50,053 | DEBUG | root | Load Vehicle Module: NodeNetworkNavigation
2025-12-12 07:57:50,067 | DEBUG | root | Load Vehicle Module: NodeNetworkNavigation
2025-12-12 07:57:50,081 | DEBUG | root | Load Vehicle Module: NodeNetworkNavigation
2025-12-12 07:57:50,095 | DEBUG | root | Load Vehicle Module: NodeNetworkNavigation
2025-12-12 07:57:50,107 | DEBUG | root | Load Vehicle Module: NodeNetworkNavigation
2025-12-12 07:57:50,120 | DEBUG | root | Load Vehicle Module: NodeNetworkNavigation
2025-12-12 07:57:50,132 | DEBUG | root | Load Vehicle Module: NodeNetworkNavigation
2025-12-12 07:58:01,938 | DEBUG | root | EnvInputPolicy is released
2025-12-12 07:58:01,939 | DEBUG | root | EnvInputPolicy is released
2025-12-12 07:58:06,246 | DEBUG | root | EnvInputPolicy is released
2025-12-12 07:58:07,030 | DEBUG | root | EnvInputPolicy is released
2025-12-12 07:58:09,526 | DEBUG | root | EnvInputPolicy is released
2025-12-12 07:58:15,453 | DEBUG | root | EnvInputPolicy is released
2025-12-12 07:58:16,759 | DEBUG | root | EnvInputPolicy is released
2025-12-12 07:58:18,034 | DEBUG | root | EnvInputPolicy is released
2025-12-12 07:58:23,549 | DEBUG | root | EnvInputPolicy is released
2025-12-12 07:58:28,005 | DEBUG | root | EnvInputPolicy is released
2025-12-12 07:58:29,612 | DEBUG | root | EnvInputPolicy is released
2025-12-12 07:58:30,661 | DEBUG | root | EnvInputPolicy is released
2025-12-12 07:58:35,133 | DEBUG | root | EnvInputPolicy is released
2025-12-12 07:58:36,774 | DEBUG | root | IDMPolicy is released
2025-12-12 07:58:39,809 | DEBUG | root | EnvInputPolicy is released
2025-12-12 07:58:40,020 | DEBUG | root | IDMPolicy is released
2025-12-12 07:58:42,814 | DEBUG | root | IDMPolicy is released
2025-12-12 07:58:43,282 | DEBUG | root | EnvInputPolicy is released
2025-12-12 07:58:46,382 | DEBUG | root | EnvInputPolicy is released
2025-12-12 07:58:51,404 | DEBUG | root | IDMPolicy is released
2025-12-12 07:58:52,781 | DEBUG | root | EnvInputPolicy is released
2025-12-12 07:58:53,330 | DEBUG | root | EnvInputPolicy is released
2025-12-12 07:58:54,949 | DEBUG | root | Roundabout, ID:None is destroyed
2025-12-12 07:58:54,950 | DEBUG | root | StdTInterSection, ID:None is destroyed
2025-12-12 07:58:54,950 | DEBUG | root | Curve, ID:None is destroyed
2025-12-12 07:58:54,951 | DEBUG | root | StdInterSection, ID:None is destroyed
2025-12-12 07:58:54,951 | DEBUG | root | Roundabout, ID:None is destroyed
2025-12-12 07:58:54,951 | DEBUG | root | StdTInterSection, ID:None is destroyed
2025-12-12 07:58:54,952 | DEBUG | root | Curve, ID:None is destroyed
2025-12-12 07:58:54,952 | DEBUG | root | StdInterSection, ID:None is destroyed
2025-12-12 07:58:54,953 | DEBUG | root | FirstPGBlock, ID:None is destroyed
2025-12-12 07:58:54,953 | DEBUG | root | StdInterSection, ID:None is destroyed
2025-12-12 07:58:54,954 | DEBUG | root | EnvInputPolicy is released
2025-12-12 07:58:54,954 | DEBUG | root | NodeNetworkNavigation is destroyed
2025-12-12 07:58:54,957 | DEBUG | root | EnvInputPolicy is released
2025-12-12 07:58:54,958 | DEBUG | root | NodeNetworkNavigation is destroyed
2025-12-12 07:58:54,958 | DEBUG | root | EnvInputPolicy is released
2025-12-12 07:58:54,960 | DEBUG | root | NodeNetworkNavigation is destroyed
2025-12-12 07:58:54,960 | DEBUG | root | EnvInputPolicy is released
2025-12-12 07:58:54,962 | DEBUG | root | NodeNetworkNavigation is destroyed
2025-12-12 07:58:54,962 | DEBUG | root | EnvInputPolicy is released
2025-12-12 07:58:54,963 | DEBUG | root | NodeNetworkNavigation is destroyed
2025-12-12 07:58:54,964 | DEBUG | root | EnvInputPolicy is released
2025-12-12 07:58:54,966 | DEBUG | root | NodeNetworkNavigation is destroyed
2025-12-12 07:58:54,968 | DEBUG | root | EnvInputPolicy is released
2025-12-12 07:58:54,969 | DEBUG | root | NodeNetworkNavigation is destroyed
2025-12-12 07:58:54,970 | DEBUG | root | EnvInputPolicy is released
2025-12-12 07:58:54,972 | DEBUG | root | NodeNetworkNavigation is destroyed
2025-12-12 07:58:54,973 | DEBUG | root | IDMPolicy is released
2025-12-12 07:58:54,974 | DEBUG | root | IDMPolicy is released
2025-12-12 07:58:54,976 | DEBUG | root | IDMPolicy is released
2025-12-12 07:58:54,977 | DEBUG | root | IDMPolicy is released
2025-12-12 07:58:54,978 | DEBUG | root | IDMPolicy is released
2025-12-12 07:58:54,978 | DEBUG | root | IDMPolicy is released
2025-12-12 07:58:54,979 | DEBUG | root | IDMPolicy is released
2025-12-12 07:58:54,980 | DEBUG | root | IDMPolicy is released
2025-12-12 07:58:54,983 | DEBUG | root | IDMPolicy is released
2025-12-12 07:58:54,984 | DEBUG | root | IDMPolicy is released
2025-12-12 07:58:54,985 | DEBUG | root | IDMPolicy is released
2025-12-12 07:58:54,985 | DEBUG | root | IDMPolicy is released
2025-12-12 07:58:54,986 | DEBUG | root | IDMPolicy is released
2025-12-12 07:58:54,987 | DEBUG | root | IDMPolicy is released
2025-12-12 07:58:54,990 | DEBUG | root | IDMPolicy is released
2025-12-12 07:58:54,990 | DEBUG | root | IDMPolicy is released
2025-12-12 07:58:54,991 | DEBUG | root | IDMPolicy is released
2025-12-12 07:58:54,991 | DEBUG | root | IDMPolicy is released
2025-12-12 07:58:54,992 | DEBUG | root | IDMPolicy is released
2025-12-12 07:58:54,992 | DEBUG | root | IDMPolicy is released
2025-12-12 07:58:54,993 | DEBUG | root | IDMPolicy is released
2025-12-12 07:58:54,993 | DEBUG | root | IDMPolicy is released
2025-12-12 07:58:54,994 | DEBUG | root | IDMPolicy is released
2025-12-12 07:58:54,997 | DEBUG | root | IDMPolicy is released
2025-12-12 07:58:54,997 | DEBUG | root | IDMPolicy is released
2025-12-12 07:58:54,998 | DEBUG | root | IDMPolicy is released
2025-12-12 07:58:54,998 | DEBUG | root | IDMPolicy is released
2025-12-12 07:58:54,998 | DEBUG | root | IDMPolicy is released
2025-12-12 07:58:54,999 | DEBUG | root | IDMPolicy is released
2025-12-12 07:58:54,999 | DEBUG | root | IDMPolicy is released
2025-12-12 07:58:55,000 | DEBUG | root | IDMPolicy is released
2025-12-12 07:58:55,001 | DEBUG | root | IDMPolicy is released
2025-12-12 07:58:55,002 | DEBUG | root | IDMPolicy is released
2025-12-12 07:58:55,002 | DEBUG | root | IDMPolicy is released
2025-12-12 07:58:55,003 | DEBUG | root | IDMPolicy is released
2025-12-12 07:58:55,003 | DEBUG | root | IDMPolicy is released
2025-12-12 07:58:55,004 | DEBUG | root | IDMPolicy is released
2025-12-12 07:58:55,004 | DEBUG | root | IDMPolicy is released
2025-12-12 07:58:55,004 | DEBUG | root | IDMPolicy is released
2025-12-12 07:58:55,005 | DEBUG | root | IDMPolicy is released
2025-12-12 07:58:55,005 | DEBUG | root | IDMPolicy is released
2025-12-12 07:58:55,005 | DEBUG | root | IDMPolicy is released
2025-12-12 07:58:55,007 | DEBUG | root | NodeNetworkNavigation is destroyed
2025-12-12 07:58:55,009 | DEBUG | root | NodeNetworkNavigation is destroyed
2025-12-12 07:58:55,010 | DEBUG | root | NodeNetworkNavigation is destroyed
2025-12-12 07:58:55,011 | DEBUG | root | NodeNetworkNavigation is destroyed
2025-12-12 07:58:55,011 | DEBUG | root | NodeNetworkNavigation is destroyed
2025-12-12 07:58:55,013 | DEBUG | root | NodeNetworkNavigation is destroyed
2025-12-12 07:58:55,014 | DEBUG | root | NodeNetworkNavigation is destroyed
2025-12-12 07:58:55,016 | DEBUG | root | NodeNetworkNavigation is destroyed
2025-12-12 07:58:55,017 | DEBUG | root | NodeNetworkNavigation is destroyed
2025-12-12 07:58:55,018 | DEBUG | root | NodeNetworkNavigation is destroyed
2025-12-12 07:58:55,019 | DEBUG | root | NodeNetworkNavigation is destroyed
2025-12-12 07:58:55,020 | DEBUG | root | NodeNetworkNavigation is destroyed
2025-12-12 07:58:55,022 | DEBUG | root | NodeNetworkNavigation is destroyed
2025-12-12 07:58:55,025 | DEBUG | root | NodeNetworkNavigation is destroyed
2025-12-12 07:58:55,028 | DEBUG | root | NodeNetworkNavigation is destroyed
2025-12-12 07:58:55,030 | DEBUG | root | NodeNetworkNavigation is destroyed
2025-12-12 07:58:55,033 | DEBUG | root | NodeNetworkNavigation is destroyed
2025-12-12 07:58:55,036 | DEBUG | root | NodeNetworkNavigation is destroyed
2025-12-12 07:58:55,038 | DEBUG | root | NodeNetworkNavigation is destroyed
2025-12-12 07:58:55,041 | DEBUG | root | NodeNetworkNavigation is destroyed
2025-12-12 07:58:55,045 | DEBUG | root | NodeNetworkNavigation is destroyed
2025-12-12 07:58:55,047 | DEBUG | root | NodeNetworkNavigation is destroyed
2025-12-12 07:58:55,050 | DEBUG | root | NodeNetworkNavigation is destroyed
2025-12-12 07:58:55,053 | DEBUG | root | NodeNetworkNavigation is destroyed
2025-12-12 07:58:55,055 | DEBUG | root | NodeNetworkNavigation is destroyed
2025-12-12 07:58:55,058 | DEBUG | root | NodeNetworkNavigation is destroyed
2025-12-12 07:58:55,060 | DEBUG | root | NodeNetworkNavigation is destroyed
2025-12-12 07:58:55,061 | DEBUG | root | NodeNetworkNavigation is destroyed
2025-12-12 07:58:55,064 | DEBUG | root | NodeNetworkNavigation is destroyed
2025-12-12 07:58:55,066 | DEBUG | root | NodeNetworkNavigation is destroyed
2025-12-12 07:58:55,068 | DEBUG | root | NodeNetworkNavigation is destroyed
2025-12-12 07:58:55,072 | DEBUG | root | NodeNetworkNavigation is destroyed
2025-12-12 07:58:55,073 | DEBUG | root | NodeNetworkNavigation is destroyed
2025-12-12 07:58:55,075 | DEBUG | root | NodeNetworkNavigation is destroyed
2025-12-12 07:58:55,078 | DEBUG | root | NodeNetworkNavigation is destroyed
2025-12-12 07:58:55,079 | DEBUG | root | NodeNetworkNavigation is destroyed
2025-12-12 07:58:55,080 | DEBUG | root | NodeNetworkNavigation is destroyed
2025-12-12 07:58:55,082 | DEBUG | root | NodeNetworkNavigation is destroyed
2025-12-12 07:58:55,083 | DEBUG | root | NodeNetworkNavigation is destroyed
2025-12-12 07:58:55,084 | DEBUG | root | NodeNetworkNavigation is destroyed
2025-12-12 07:58:55,086 | DEBUG | root | NodeNetworkNavigation is destroyed
2025-12-12 07:58:55,087 | DEBUG | root | NodeNetworkNavigation is destroyed
2025-12-12 07:58:55,088 | DEBUG | root | Pedestrian, ID:None is destroyed
2025-12-12 07:58:55,089 | DEBUG | root | BaseTrafficLight, ID:None is destroyed
2025-12-12 07:58:55,089 | DEBUG | root | TrafficBarrier, ID:None is destroyed
2025-12-12 07:58:55,089 | DEBUG | root | TrafficCone, ID:None is destroyed
2025-12-12 07:58:55,090 | DEBUG | root | MVehicle, ID:None is destroyed
2025-12-12 07:58:55,090 | DEBUG | root | MVehicle, ID:None is destroyed
2025-12-12 07:58:55,092 | DEBUG | root | MVehicle, ID:None is destroyed
2025-12-12 07:58:55,093 | DEBUG | root | MVehicle, ID:None is destroyed
2025-12-12 07:58:55,093 | DEBUG | root | MVehicle, ID:None is destroyed
2025-12-12 07:58:55,094 | DEBUG | root | MVehicle, ID:None is destroyed
2025-12-12 07:58:55,094 | DEBUG | root | MVehicle, ID:None is destroyed
2025-12-12 07:58:55,095 | DEBUG | root | MVehicle, ID:None is destroyed
2025-12-12 07:58:55,095 | DEBUG | root | MVehicle, ID:None is destroyed
2025-12-12 07:58:55,096 | DEBUG | root | MVehicle, ID:None is destroyed
2025-12-12 07:58:55,096 | DEBUG | root | MVehicle, ID:None is destroyed
2025-12-12 07:58:55,096 | DEBUG | root | MVehicle, ID:None is destroyed
2025-12-12 07:58:55,098 | DEBUG | root | MVehicle, ID:None is destroyed
2025-12-12 07:58:55,099 | DEBUG | root | XLVehicle, ID:None is destroyed
2025-12-12 07:58:55,100 | DEBUG | root | XLVehicle, ID:None is destroyed
2025-12-12 07:58:55,100 | DEBUG | root | XLVehicle, ID:None is destroyed
2025-12-12 07:58:55,101 | DEBUG | root | XLVehicle, ID:None is destroyed
2025-12-12 07:58:55,101 | DEBUG | root | XLVehicle, ID:None is destroyed
2025-12-12 07:58:55,101 | DEBUG | root | XLVehicle, ID:None is destroyed
2025-12-12 07:58:55,102 | DEBUG | root | XLVehicle, ID:None is destroyed
2025-12-12 07:58:55,102 | DEBUG | root | XLVehicle, ID:None is destroyed
2025-12-12 07:58:55,103 | DEBUG | root | XLVehicle, ID:None is destroyed
2025-12-12 07:58:55,103 | DEBUG | root | XLVehicle, ID:None is destroyed
2025-12-12 07:58:55,103 | DEBUG | root | XLVehicle, ID:None is destroyed
2025-12-12 07:58:55,105 | DEBUG | root | LVehicle, ID:None is destroyed
2025-12-12 07:58:55,106 | DEBUG | root | LVehicle, ID:None is destroyed
2025-12-12 07:58:55,106 | DEBUG | root | LVehicle, ID:None is destroyed
2025-12-12 07:58:55,107 | DEBUG | root | LVehicle, ID:None is destroyed
2025-12-12 07:58:55,107 | DEBUG | root | LVehicle, ID:None is destroyed
2025-12-12 07:58:55,107 | DEBUG | root | LVehicle, ID:None is destroyed
2025-12-12 07:58:55,108 | DEBUG | root | LVehicle, ID:None is destroyed
2025-12-12 07:58:55,108 | DEBUG | root | LVehicle, ID:None is destroyed
2025-12-12 07:58:55,108 | DEBUG | root | LVehicle, ID:None is destroyed
2025-12-12 07:58:55,109 | DEBUG | root | LVehicle, ID:None is destroyed
2025-12-12 07:58:55,109 | DEBUG | root | LVehicle, ID:None is destroyed
2025-12-12 07:58:55,215 | DEBUG | root | SVehicle, ID:None is destroyed
2025-12-12 07:58:55,216 | DEBUG | root | SVehicle, ID:None is destroyed
2025-12-12 07:58:55,216 | DEBUG | root | SVehicle, ID:None is destroyed
2025-12-12 07:58:55,217 | DEBUG | root | SVehicle, ID:None is destroyed
2025-12-12 07:58:55,217 | DEBUG | root | SVehicle, ID:None is destroyed
2025-12-12 07:58:55,218 | DEBUG | root | SVehicle, ID:None is destroyed
2025-12-12 07:58:55,218 | DEBUG | root | SVehicle, ID:None is destroyed
2025-12-12 10:22:45,544 | DEBUG | matplotlib | matplotlib data path: C:\Users\Pushpak Chakraborty\Desktop\Final Year Project\venv\lib\site-packages\matplotlib\mpl-data
2025-12-12 10:22:45,560 | DEBUG | matplotlib | CONFIGDIR=C:\Users\Pushpak Chakraborty\.matplotlib
2025-12-12 10:22:45,560 | DEBUG | matplotlib | interactive is False
2025-12-12 10:22:45,560 | DEBUG | matplotlib | platform is win32
2025-12-12 10:22:46,765 | DEBUG | matplotlib | CACHEDIR=C:\Users\Pushpak Chakraborty\.matplotlib
2025-12-12 10:22:46,781 | DEBUG | matplotlib.font_manager | Using fontManager instance from C:\Users\Pushpak Chakraborty\.matplotlib\fontlist-v330.json
2025-12-12 10:22:52,157 | DEBUG | root | forward
2025-12-12 10:22:52,206 | DEBUG | root | forward
2025-12-12 10:22:52,234 | DEBUG | root | forward
2025-12-12 10:22:52,282 | DEBUG | root | forward
2025-12-12 10:22:52,362 | DEBUG | root | destruct
2025-12-12 10:22:52,382 | DEBUG | root | sibling
2025-12-12 10:22:52,470 | DEBUG | root | destruct
2025-12-12 10:22:52,470 | DEBUG | root | sibling
2025-12-12 10:22:52,596 | DEBUG | root | forward
2025-12-12 10:22:52,675 | DEBUG | root | forward
2025-12-12 10:22:52,733 | DEBUG | root | forward
2025-12-12 10:22:52,822 | DEBUG | root | forward
2025-12-12 10:22:52,961 | DEBUG | root | destruct
2025-12-12 10:22:52,988 | DEBUG | root | sibling
2025-12-12 10:22:53,111 | DEBUG | root | destruct
2025-12-12 10:22:53,143 | DEBUG | root | sibling
2025-12-12 10:22:53,257 | DEBUG | root | destruct
2025-12-12 10:22:53,292 | DEBUG | root | sibling
2025-12-12 10:22:53,412 | DEBUG | root | destruct
2025-12-12 10:22:53,445 | DEBUG | root | sibling
2025-12-12 10:22:53,586 | DEBUG | root | destruct
2025-12-12 10:22:53,611 | DEBUG | root | back
2025-12-12 10:22:53,637 | DEBUG | root | Roundabout, ID:None is destroyed
2025-12-12 10:22:53,647 | DEBUG | root | sibling
2025-12-12 10:22:53,737 | DEBUG | root | forward
2025-12-12 10:22:53,883 | DEBUG | root | destruct
2025-12-12 10:22:53,911 | DEBUG | root | sibling
2025-12-12 10:22:54,058 | DEBUG | root | destruct
2025-12-12 10:22:54,086 | DEBUG | root | sibling
2025-12-12 10:22:54,222 | DEBUG | root | destruct
2025-12-12 10:22:54,246 | DEBUG | root | sibling
2025-12-12 10:22:54,382 | DEBUG | root | destruct
2025-12-12 10:22:54,413 | DEBUG | root | sibling
2025-12-12 10:22:54,539 | DEBUG | root | destruct
2025-12-12 10:22:54,566 | DEBUG | root | back
2025-12-12 10:22:54,595 | DEBUG | root | Roundabout, ID:None is destroyed
2025-12-12 10:22:54,604 | DEBUG | root | sibling
2025-12-12 10:22:54,695 | DEBUG | root | forward
2025-12-12 10:22:54,838 | DEBUG | root | forward
2025-12-12 10:22:54,970 | DEBUG | root | Destroy Big
2025-12-12 10:22:55,145 | DEBUG | root | Load Vehicle Module: NodeNetworkNavigation
2025-12-12 10:22:55,156 | DEBUG | root | Load Vehicle Module: NodeNetworkNavigation
2025-12-12 10:22:55,171 | DEBUG | root | Load Vehicle Module: NodeNetworkNavigation
2025-12-12 10:22:55,184 | DEBUG | root | Load Vehicle Module: NodeNetworkNavigation
2025-12-12 10:22:55,196 | DEBUG | root | Load Vehicle Module: NodeNetworkNavigation
2025-12-12 10:22:55,208 | DEBUG | root | Load Vehicle Module: NodeNetworkNavigation
2025-12-12 10:22:55,219 | DEBUG | root | Load Vehicle Module: NodeNetworkNavigation
2025-12-12 10:22:55,226 | DEBUG | root | Load Vehicle Module: NodeNetworkNavigation
2025-12-12 10:22:55,232 | DEBUG | root | load scene Use random traffic
2025-12-12 10:22:55,274 | DEBUG | root | Load Vehicle Module: NodeNetworkNavigation
2025-12-12 10:22:55,336 | DEBUG | root | Load Vehicle Module: NodeNetworkNavigation
2025-12-12 10:22:55,350 | DEBUG | root | Load Vehicle Module: NodeNetworkNavigation
2025-12-12 10:22:55,360 | DEBUG | root | Load Vehicle Module: NodeNetworkNavigation
2025-12-12 10:22:55,370 | DEBUG | root | Load Vehicle Module: NodeNetworkNavigation
2025-12-12 10:22:55,379 | DEBUG | root | Load Vehicle Module: NodeNetworkNavigation
2025-12-12 10:22:55,387 | DEBUG | root | Load Vehicle Module: NodeNetworkNavigation
2025-12-12 10:22:55,445 | DEBUG | root | Load Vehicle Module: NodeNetworkNavigation
2025-12-12 10:22:55,455 | DEBUG | root | Load Vehicle Module: NodeNetworkNavigation
2025-12-12 10:22:55,463 | DEBUG | root | Load Vehicle Module: NodeNetworkNavigation
2025-12-12 10:22:55,525 | DEBUG | root | Load Vehicle Module: NodeNetworkNavigation
2025-12-12 10:22:55,532 | DEBUG | root | Load Vehicle Module: NodeNetworkNavigation
2025-12-12 10:22:55,542 | DEBUG | root | Load Vehicle Module: NodeNetworkNavigation
2025-12-12 10:22:55,552 | DEBUG | root | Load Vehicle Module: NodeNetworkNavigation
2025-12-12 10:22:55,560 | DEBUG | root | Load Vehicle Module: NodeNetworkNavigation
2025-12-12 10:22:55,570 | DEBUG | root | Load Vehicle Module: NodeNetworkNavigation
2025-12-12 10:22:55,581 | DEBUG | root | Load Vehicle Module: NodeNetworkNavigation
2025-12-12 10:22:55,591 | DEBUG | root | Load Vehicle Module: NodeNetworkNavigation
2025-12-12 10:22:55,601 | DEBUG | root | Load Vehicle Module: NodeNetworkNavigation
2025-12-12 10:22:55,610 | DEBUG | root | Load Vehicle Module: NodeNetworkNavigation
2025-12-12 10:22:55,622 | DEBUG | root | Load Vehicle Module: NodeNetworkNavigation
2025-12-12 10:22:55,630 | DEBUG | root | Load Vehicle Module: NodeNetworkNavigation
2025-12-12 10:22:55,639 | DEBUG | root | Load Vehicle Module: NodeNetworkNavigation
2025-12-12 10:22:55,650 | DEBUG | root | Load Vehicle Module: NodeNetworkNavigation
2025-12-12 10:22:55,657 | DEBUG | root | Load Vehicle Module: NodeNetworkNavigation
2025-12-12 10:22:55,671 | DEBUG | root | Load Vehicle Module: NodeNetworkNavigation
2025-12-12 10:22:55,680 | DEBUG | root | Load Vehicle Module: NodeNetworkNavigation
2025-12-12 10:22:55,685 | DEBUG | root | Load Vehicle Module: NodeNetworkNavigation
2025-12-12 10:22:55,699 | DEBUG | root | Load Vehicle Module: NodeNetworkNavigation
2025-12-12 10:22:55,711 | DEBUG | root | Load Vehicle Module: NodeNetworkNavigation
2025-12-12 10:22:55,722 | DEBUG | root | Load Vehicle Module: NodeNetworkNavigation
2025-12-12 10:22:55,732 | DEBUG | root | Load Vehicle Module: NodeNetworkNavigation
2025-12-12 10:22:55,742 | DEBUG | root | Load Vehicle Module: NodeNetworkNavigation
2025-12-12 10:22:55,751 | DEBUG | root | Load Vehicle Module: NodeNetworkNavigation
2025-12-12 10:22:55,760 | DEBUG | root | Load Vehicle Module: NodeNetworkNavigation
2025-12-12 10:22:55,768 | DEBUG | root | Load Vehicle Module: NodeNetworkNavigation
2025-12-12 10:22:55,774 | DEBUG | root | Load Vehicle Module: NodeNetworkNavigation
2025-12-12 10:22:55,788 | DEBUG | root | Load Vehicle Module: NodeNetworkNavigation
2025-12-12 10:22:55,796 | DEBUG | root | Load Vehicle Module: NodeNetworkNavigation
2025-12-12 10:22:55,810 | DEBUG | root | Load Vehicle Module: NodeNetworkNavigation
2025-12-12 10:22:55,816 | DEBUG | root | Load Vehicle Module: NodeNetworkNavigation
2025-12-12 10:22:55,826 | DEBUG | root | Load Vehicle Module: NodeNetworkNavigation
2025-12-12 10:23:06,618 | DEBUG | root | EnvInputPolicy is released
2025-12-12 10:23:10,658 | DEBUG | root | EnvInputPolicy is released
2025-12-12 10:23:11,041 | DEBUG | root | EnvInputPolicy is released
2025-12-12 10:23:11,224 | DEBUG | root | EnvInputPolicy is released
2025-12-12 10:23:13,113 | DEBUG | root | EnvInputPolicy is released
2025-12-12 10:23:13,452 | DEBUG | root | EnvInputPolicy is released
2025-12-12 10:23:14,271 | DEBUG | root | EnvInputPolicy is released
2025-12-12 10:23:14,736 | DEBUG | root | EnvInputPolicy is released
2025-12-12 10:23:20,482 | DEBUG | root | IDMPolicy is released
2025-12-12 10:23:20,671 | DEBUG | root | IDMPolicy is released
2025-12-12 10:23:21,558 | DEBUG | root | IDMPolicy is released
2025-12-12 10:23:22,425 | DEBUG | root | EnvInputPolicy is released
2025-12-12 10:23:24,976 | DEBUG | root | EnvInputPolicy is released
2025-12-12 10:23:25,235 | DEBUG | root | EnvInputPolicy is released
2025-12-12 10:23:26,570 | DEBUG | root | IDMPolicy is released
2025-12-12 10:23:27,237 | DEBUG | root | EnvInputPolicy is released
2025-12-12 10:23:28,543 | DEBUG | root | EnvInputPolicy is released
2025-12-12 10:23:33,739 | DEBUG | root | EnvInputPolicy is released
2025-12-12 10:23:34,115 | DEBUG | root | EnvInputPolicy is released
2025-12-12 10:23:38,763 | DEBUG | root | EnvInputPolicy is released
2025-12-12 10:23:38,946 | DEBUG | root | EnvInputPolicy is released
2025-12-12 10:23:41,505 | DEBUG | root | EnvInputPolicy is released
2025-12-12 10:23:42,142 | DEBUG | root | EnvInputPolicy is released
2025-12-12 10:23:42,142 | DEBUG | root | EnvInputPolicy is released
2025-12-12 10:23:44,171 | DEBUG | root | IDMPolicy is released
2025-12-12 10:23:45,831 | DEBUG | root | EnvInputPolicy is released
2025-12-12 10:23:47,350 | DEBUG | root | IDMPolicy is released
2025-12-12 10:23:48,249 | DEBUG | root | EnvInputPolicy is released
2025-12-12 10:23:48,926 | DEBUG | root | EnvInputPolicy is released
2025-12-12 10:23:51,406 | DEBUG | root | IDMPolicy is released
2025-12-12 10:23:54,035 | DEBUG | root | IDMPolicy is released
2025-12-12 10:23:54,937 | DEBUG | root | Roundabout, ID:None is destroyed
2025-12-12 10:23:54,938 | DEBUG | root | StdTInterSection, ID:None is destroyed
2025-12-12 10:23:54,938 | DEBUG | root | Curve, ID:None is destroyed
2025-12-12 10:23:54,939 | DEBUG | root | StdInterSection, ID:None is destroyed
2025-12-12 10:23:54,939 | DEBUG | root | Roundabout, ID:None is destroyed
2025-12-12 10:23:54,939 | DEBUG | root | StdTInterSection, ID:None is destroyed
2025-12-12 10:23:54,940 | DEBUG | root | Curve, ID:None is destroyed
2025-12-12 10:23:54,940 | DEBUG | root | StdInterSection, ID:None is destroyed
2025-12-12 10:23:54,940 | DEBUG | root | FirstPGBlock, ID:None is destroyed
2025-12-12 10:23:54,941 | DEBUG | root | StdInterSection, ID:None is destroyed
2025-12-12 10:23:54,942 | DEBUG | root | EnvInputPolicy is released
2025-12-12 10:23:54,942 | DEBUG | root | NodeNetworkNavigation is destroyed
2025-12-12 10:23:54,944 | DEBUG | root | EnvInputPolicy is released
2025-12-12 10:23:54,945 | DEBUG | root | NodeNetworkNavigation is destroyed
2025-12-12 10:23:54,946 | DEBUG | root | EnvInputPolicy is released
2025-12-12 10:23:54,946 | DEBUG | root | NodeNetworkNavigation is destroyed
2025-12-12 10:23:54,947 | DEBUG | root | EnvInputPolicy is released
2025-12-12 10:23:54,947 | DEBUG | root | NodeNetworkNavigation is destroyed
2025-12-12 10:23:54,948 | DEBUG | root | EnvInputPolicy is released
2025-12-12 10:23:54,948 | DEBUG | root | NodeNetworkNavigation is destroyed
2025-12-12 10:23:54,949 | DEBUG | root | EnvInputPolicy is released
2025-12-12 10:23:54,950 | DEBUG | root | NodeNetworkNavigation is destroyed
2025-12-12 10:23:54,950 | DEBUG | root | EnvInputPolicy is released
2025-12-12 10:23:54,952 | DEBUG | root | NodeNetworkNavigation is destroyed
2025-12-12 10:23:54,953 | DEBUG | root | EnvInputPolicy is released
2025-12-12 10:23:54,953 | DEBUG | root | NodeNetworkNavigation is destroyed
2025-12-12 10:23:54,954 | DEBUG | root | IDMPolicy is released
2025-12-12 10:23:54,954 | DEBUG | root | IDMPolicy is released
2025-12-12 10:23:54,955 | DEBUG | root | IDMPolicy is released
2025-12-12 10:23:54,955 | DEBUG | root | IDMPolicy is released
2025-12-12 10:23:54,955 | DEBUG | root | IDMPolicy is released
2025-12-12 10:23:54,955 | DEBUG | root | IDMPolicy is released
2025-12-12 10:23:54,956 | DEBUG | root | IDMPolicy is released
2025-12-12 10:23:54,956 | DEBUG | root | IDMPolicy is released
2025-12-12 10:23:54,956 | DEBUG | root | IDMPolicy is released
2025-12-12 10:23:54,956 | DEBUG | root | IDMPolicy is released
2025-12-12 10:23:54,958 | DEBUG | root | IDMPolicy is released
2025-12-12 10:23:54,958 | DEBUG | root | IDMPolicy is released
2025-12-12 10:23:54,958 | DEBUG | root | IDMPolicy is released
2025-12-12 10:23:54,958 | DEBUG | root | IDMPolicy is released
2025-12-12 10:23:54,959 | DEBUG | root | IDMPolicy is released
2025-12-12 10:23:54,959 | DEBUG | root | IDMPolicy is released
2025-12-12 10:23:54,959 | DEBUG | root | IDMPolicy is released
2025-12-12 10:23:54,960 | DEBUG | root | IDMPolicy is released
2025-12-12 10:23:54,960 | DEBUG | root | IDMPolicy is released
2025-12-12 10:23:54,960 | DEBUG | root | IDMPolicy is released
2025-12-12 10:23:54,960 | DEBUG | root | IDMPolicy is released
2025-12-12 10:23:54,960 | DEBUG | root | IDMPolicy is released
2025-12-12 10:23:54,961 | DEBUG | root | IDMPolicy is released
2025-12-12 10:23:54,962 | DEBUG | root | IDMPolicy is released
2025-12-12 10:23:54,962 | DEBUG | root | IDMPolicy is released
2025-12-12 10:23:54,962 | DEBUG | root | IDMPolicy is released
2025-12-12 10:23:54,962 | DEBUG | root | IDMPolicy is released
2025-12-12 10:23:54,963 | DEBUG | root | IDMPolicy is released
2025-12-12 10:23:54,964 | DEBUG | root | IDMPolicy is released
2025-12-12 10:23:54,964 | DEBUG | root | IDMPolicy is released
2025-12-12 10:23:54,964 | DEBUG | root | IDMPolicy is released
2025-12-12 10:23:54,965 | DEBUG | root | IDMPolicy is released
2025-12-12 10:23:54,965 | DEBUG | root | IDMPolicy is released
2025-12-12 10:23:54,965 | DEBUG | root | IDMPolicy is released
2025-12-12 10:23:54,966 | DEBUG | root | IDMPolicy is released
2025-12-12 10:23:54,966 | DEBUG | root | IDMPolicy is released
2025-12-12 10:23:54,966 | DEBUG | root | IDMPolicy is released
2025-12-12 10:23:54,967 | DEBUG | root | IDMPolicy is released
2025-12-12 10:23:54,967 | DEBUG | root | IDMPolicy is released
2025-12-12 10:23:54,967 | DEBUG | root | IDMPolicy is released
2025-12-12 10:23:54,968 | DEBUG | root | IDMPolicy is released
2025-12-12 10:23:54,968 | DEBUG | root | IDMPolicy is released
2025-12-12 10:23:54,970 | DEBUG | root | NodeNetworkNavigation is destroyed
2025-12-12 10:23:54,971 | DEBUG | root | NodeNetworkNavigation is destroyed
2025-12-12 10:23:54,971 | DEBUG | root | NodeNetworkNavigation is destroyed
2025-12-12 10:23:54,972 | DEBUG | root | NodeNetworkNavigation is destroyed
2025-12-12 10:23:54,973 | DEBUG | root | NodeNetworkNavigation is destroyed
2025-12-12 10:23:54,974 | DEBUG | root | NodeNetworkNavigation is destroyed
2025-12-12 10:23:54,975 | DEBUG | root | NodeNetworkNavigation is destroyed
2025-12-12 10:23:54,975 | DEBUG | root | NodeNetworkNavigation is destroyed
2025-12-12 10:23:54,975 | DEBUG | root | NodeNetworkNavigation is destroyed
2025-12-12 10:23:54,978 | DEBUG | root | NodeNetworkNavigation is destroyed
2025-12-12 10:23:54,978 | DEBUG | root | NodeNetworkNavigation is destroyed
2025-12-12 10:23:54,979 | DEBUG | root | NodeNetworkNavigation is destroyed
2025-12-12 10:23:54,980 | DEBUG | root | NodeNetworkNavigation is destroyed
2025-12-12 10:23:54,981 | DEBUG | root | NodeNetworkNavigation is destroyed
2025-12-12 10:23:54,982 | DEBUG | root | NodeNetworkNavigation is destroyed
2025-12-12 10:23:54,982 | DEBUG | root | NodeNetworkNavigation is destroyed
2025-12-12 10:23:54,983 | DEBUG | root | NodeNetworkNavigation is destroyed
2025-12-12 10:23:54,984 | DEBUG | root | NodeNetworkNavigation is destroyed
2025-12-12 10:23:54,984 | DEBUG | root | NodeNetworkNavigation is destroyed
2025-12-12 10:23:54,985 | DEBUG | root | NodeNetworkNavigation is destroyed
2025-12-12 10:23:54,987 | DEBUG | root | NodeNetworkNavigation is destroyed
2025-12-12 10:23:54,988 | DEBUG | root | NodeNetworkNavigation is destroyed
2025-12-12 10:23:54,988 | DEBUG | root | NodeNetworkNavigation is destroyed
2025-12-12 10:23:54,989 | DEBUG | root | NodeNetworkNavigation is destroyed
2025-12-12 10:23:54,991 | DEBUG | root | NodeNetworkNavigation is destroyed
2025-12-12 10:23:54,992 | DEBUG | root | NodeNetworkNavigation is destroyed
2025-12-12 10:23:54,993 | DEBUG | root | NodeNetworkNavigation is destroyed
2025-12-12 10:23:54,994 | DEBUG | root | NodeNetworkNavigation is destroyed
2025-12-12 10:23:54,996 | DEBUG | root | NodeNetworkNavigation is destroyed
2025-12-12 10:23:54,997 | DEBUG | root | NodeNetworkNavigation is destroyed
2025-12-12 10:23:55,000 | DEBUG | root | NodeNetworkNavigation is destroyed
2025-12-12 10:23:55,001 | DEBUG | root | NodeNetworkNavigation is destroyed
2025-12-12 10:23:55,002 | DEBUG | root | NodeNetworkNavigation is destroyed
2025-12-12 10:23:55,002 | DEBUG | root | NodeNetworkNavigation is destroyed
2025-12-12 10:23:55,002 | DEBUG | root | NodeNetworkNavigation is destroyed
2025-12-12 10:23:55,007 | DEBUG | root | NodeNetworkNavigation is destroyed
2025-12-12 10:23:55,010 | DEBUG | root | NodeNetworkNavigation is destroyed
2025-12-12 10:23:55,012 | DEBUG | root | NodeNetworkNavigation is destroyed
2025-12-12 10:23:55,014 | DEBUG | root | NodeNetworkNavigation is destroyed
2025-12-12 10:23:55,016 | DEBUG | root | NodeNetworkNavigation is destroyed
2025-12-12 10:23:55,018 | DEBUG | root | NodeNetworkNavigation is destroyed
2025-12-12 10:23:55,019 | DEBUG | root | NodeNetworkNavigation is destroyed
2025-12-12 10:23:55,021 | DEBUG | root | Pedestrian, ID:None is destroyed
2025-12-12 10:23:55,021 | DEBUG | root | BaseTrafficLight, ID:None is destroyed
2025-12-12 10:23:55,022 | DEBUG | root | TrafficBarrier, ID:None is destroyed
2025-12-12 10:23:55,022 | DEBUG | root | TrafficCone, ID:None is destroyed
2025-12-12 10:23:55,022 | DEBUG | root | MVehicle, ID:None is destroyed
2025-12-12 10:23:55,022 | DEBUG | root | MVehicle, ID:None is destroyed
2025-12-12 10:23:55,022 | DEBUG | root | MVehicle, ID:None is destroyed
2025-12-12 10:23:55,023 | DEBUG | root | MVehicle, ID:None is destroyed
2025-12-12 10:23:55,023 | DEBUG | root | MVehicle, ID:None is destroyed
2025-12-12 10:23:55,023 | DEBUG | root | MVehicle, ID:None is destroyed
2025-12-12 10:23:55,024 | DEBUG | root | MVehicle, ID:None is destroyed
2025-12-12 10:23:55,024 | DEBUG | root | MVehicle, ID:None is destroyed
2025-12-12 10:23:55,024 | DEBUG | root | MVehicle, ID:None is destroyed
2025-12-12 10:23:55,025 | DEBUG | root | MVehicle, ID:None is destroyed
2025-12-12 10:23:55,026 | DEBUG | root | MVehicle, ID:None is destroyed
2025-12-12 10:23:55,026 | DEBUG | root | MVehicle, ID:None is destroyed
2025-12-12 10:23:55,026 | DEBUG | root | MVehicle, ID:None is destroyed
2025-12-12 10:23:55,026 | DEBUG | root | MVehicle, ID:None is destroyed
2025-12-12 10:23:55,027 | DEBUG | root | MVehicle, ID:None is destroyed
2025-12-12 10:23:55,027 | DEBUG | root | MVehicle, ID:None is destroyed
2025-12-12 10:23:55,027 | DEBUG | root | MVehicle, ID:None is destroyed
2025-12-12 10:23:55,027 | DEBUG | root | SVehicle, ID:None is destroyed
2025-12-12 10:23:55,028 | DEBUG | root | SVehicle, ID:None is destroyed
2025-12-12 10:23:55,028 | DEBUG | root | SVehicle, ID:None is destroyed
2025-12-12 10:23:55,028 | DEBUG | root | SVehicle, ID:None is destroyed
2025-12-12 10:23:55,028 | DEBUG | root | SVehicle, ID:None is destroyed
2025-12-12 10:23:55,028 | DEBUG | root | SVehicle, ID:None is destroyed
2025-12-12 10:23:55,029 | DEBUG | root | SVehicle, ID:None is destroyed
2025-12-12 10:23:55,029 | DEBUG | root | LVehicle, ID:None is destroyed
2025-12-12 10:23:55,029 | DEBUG | root | LVehicle, ID:None is destroyed
2025-12-12 10:23:55,029 | DEBUG | root | LVehicle, ID:None is destroyed
2025-12-12 10:23:55,029 | DEBUG | root | LVehicle, ID:None is destroyed
2025-12-12 10:23:55,031 | DEBUG | root | LVehicle, ID:None is destroyed
2025-12-12 10:23:55,031 | DEBUG | root | LVehicle, ID:None is destroyed
2025-12-12 10:23:55,032 | DEBUG | root | LVehicle, ID:None is destroyed
2025-12-12 10:23:55,032 | DEBUG | root | LVehicle, ID:None is destroyed
2025-12-12 10:23:55,032 | DEBUG | root | LVehicle, ID:None is destroyed
2025-12-12 10:23:55,032 | DEBUG | root | LVehicle, ID:None is destroyed
2025-12-12 10:23:55,033 | DEBUG | root | LVehicle, ID:None is destroyed
2025-12-12 10:23:55,294 | DEBUG | root | XLVehicle, ID:None is destroyed
2025-12-12 10:23:55,294 | DEBUG | root | XLVehicle, ID:None is destroyed
2025-12-12 10:23:55,294 | DEBUG | root | XLVehicle, ID:None is destroyed
2025-12-12 10:23:55,294 | DEBUG | root | XLVehicle, ID:None is destroyed
2025-12-12 10:23:55,294 | DEBUG | root | XLVehicle, ID:None is destroyed
2025-12-12 10:23:55,294 | DEBUG | root | XLVehicle, ID:None is destroyed
2025-12-12 10:23:55,294 | DEBUG | root | XLVehicle, ID:None is destroyed
2025-12-12 10:39:53,057 | DEBUG | matplotlib | matplotlib data path: C:\Users\Pushpak Chakraborty\Desktop\Final Year Project\venv\lib\site-packages\matplotlib\mpl-data
2025-12-12 10:39:53,059 | DEBUG | matplotlib | CONFIGDIR=C:\Users\Pushpak Chakraborty\.matplotlib
2025-12-12 10:39:53,059 | DEBUG | matplotlib | interactive is False
2025-12-12 10:39:53,059 | DEBUG | matplotlib | platform is win32
2025-12-12 10:39:53,354 | DEBUG | matplotlib | CACHEDIR=C:\Users\Pushpak Chakraborty\.matplotlib
2025-12-12 10:39:53,369 | DEBUG | matplotlib.font_manager | Using fontManager instance from C:\Users\Pushpak Chakraborty\.matplotlib\fontlist-v330.json
2025-12-12 10:39:56,322 | DEBUG | root | forward
2025-12-12 10:39:56,374 | DEBUG | root | forward
2025-12-12 10:39:56,428 | DEBUG | root | forward
2025-12-12 10:39:56,470 | DEBUG | root | forward
2025-12-12 10:39:56,566 | DEBUG | root | forward
2025-12-12 10:39:56,656 | DEBUG | root | forward
2025-12-12 10:39:56,699 | DEBUG | root | forward
2025-12-12 10:39:56,828 | DEBUG | root | destruct
2025-12-12 10:39:56,828 | DEBUG | root | sibling
2025-12-12 10:39:56,935 | DEBUG | root | destruct
2025-12-12 10:39:56,944 | DEBUG | root | sibling
2025-12-12 10:39:57,039 | DEBUG | root | destruct
2025-12-12 10:39:57,039 | DEBUG | root | sibling
2025-12-12 10:39:57,143 | DEBUG | root | destruct
2025-12-12 10:39:57,148 | DEBUG | root | sibling
2025-12-12 10:39:57,232 | DEBUG | root | destruct
2025-12-12 10:39:57,248 | DEBUG | root | back
2025-12-12 10:39:57,263 | DEBUG | root | StdTInterSection, ID:None is destroyed
2025-12-12 10:39:57,268 | DEBUG | root | sibling
2025-12-12 10:39:57,305 | DEBUG | root | forward
2025-12-12 10:39:57,400 | DEBUG | root | destruct
2025-12-12 10:39:57,406 | DEBUG | root | sibling
2025-12-12 10:39:57,497 | DEBUG | root | destruct
2025-12-12 10:39:57,509 | DEBUG | root | sibling
2025-12-12 10:39:57,601 | DEBUG | root | destruct
2025-12-12 10:39:57,601 | DEBUG | root | sibling
2025-12-12 10:39:57,705 | DEBUG | root | destruct
2025-12-12 10:39:57,705 | DEBUG | root | sibling
2025-12-12 10:39:57,810 | DEBUG | root | destruct
2025-12-12 10:39:57,810 | DEBUG | root | back
2025-12-12 10:39:57,824 | DEBUG | root | StdTInterSection, ID:None is destroyed
2025-12-12 10:39:57,831 | DEBUG | root | sibling
2025-12-12 10:39:57,877 | DEBUG | root | forward
2025-12-12 10:39:57,962 | DEBUG | root | forward
2025-12-12 10:39:58,106 | DEBUG | root | forward
2025-12-12 10:39:58,223 | DEBUG | root | Destroy Big
2025-12-12 10:39:58,324 | DEBUG | root | Load Vehicle Module: NodeNetworkNavigation
2025-12-12 10:39:58,349 | DEBUG | root | Load Vehicle Module: NodeNetworkNavigation
2025-12-12 10:39:58,362 | DEBUG | root | Load Vehicle Module: NodeNetworkNavigation
2025-12-12 10:39:58,375 | DEBUG | root | Load Vehicle Module: NodeNetworkNavigation
2025-12-12 10:39:58,386 | DEBUG | root | Load Vehicle Module: NodeNetworkNavigation
2025-12-12 10:39:58,396 | DEBUG | root | Load Vehicle Module: NodeNetworkNavigation
2025-12-12 10:39:58,408 | DEBUG | root | Load Vehicle Module: NodeNetworkNavigation
2025-12-12 10:39:58,415 | DEBUG | root | Load Vehicle Module: NodeNetworkNavigation
2025-12-12 10:39:58,422 | DEBUG | root | load scene Use random traffic
2025-12-12 10:39:58,454 | DEBUG | root | Load Vehicle Module: NodeNetworkNavigation
2025-12-12 10:39:58,462 | DEBUG | root | Load Vehicle Module: NodeNetworkNavigation
2025-12-12 10:39:58,471 | DEBUG | root | Load Vehicle Module: NodeNetworkNavigation
2025-12-12 10:39:58,502 | DEBUG | root | Load Vehicle Module: NodeNetworkNavigation
2025-12-12 10:39:58,511 | DEBUG | root | Load Vehicle Module: NodeNetworkNavigation
2025-12-12 10:39:58,521 | DEBUG | root | Load Vehicle Module: NodeNetworkNavigation
2025-12-12 10:39:58,531 | DEBUG | root | Load Vehicle Module: NodeNetworkNavigation
2025-12-12 10:39:58,567 | DEBUG | root | Load Vehicle Module: NodeNetworkNavigation
2025-12-12 10:39:58,574 | DEBUG | root | Load Vehicle Module: NodeNetworkNavigation
2025-12-12 10:39:58,603 | DEBUG | root | Load Vehicle Module: NodeNetworkNavigation
2025-12-12 10:39:58,612 | DEBUG | root | Load Vehicle Module: NodeNetworkNavigation
2025-12-12 10:39:58,622 | DEBUG | root | Load Vehicle Module: NodeNetworkNavigation
2025-12-12 10:39:58,633 | DEBUG | root | Load Vehicle Module: NodeNetworkNavigation
2025-12-12 10:39:58,639 | DEBUG | root | Load Vehicle Module: NodeNetworkNavigation
2025-12-12 10:39:58,651 | DEBUG | root | Load Vehicle Module: NodeNetworkNavigation
2025-12-12 10:39:58,661 | DEBUG | root | Load Vehicle Module: NodeNetworkNavigation
2025-12-12 10:39:58,671 | DEBUG | root | Load Vehicle Module: NodeNetworkNavigation
2025-12-12 10:39:58,679 | DEBUG | root | Load Vehicle Module: NodeNetworkNavigation
2025-12-12 10:39:58,688 | DEBUG | root | Load Vehicle Module: NodeNetworkNavigation
2025-12-12 10:39:58,699 | DEBUG | root | Load Vehicle Module: NodeNetworkNavigation
2025-12-12 10:39:58,707 | DEBUG | root | Load Vehicle Module: NodeNetworkNavigation
2025-12-12 10:39:58,716 | DEBUG | root | Load Vehicle Module: NodeNetworkNavigation
2025-12-12 10:39:58,729 | DEBUG | root | Load Vehicle Module: NodeNetworkNavigation
2025-12-12 10:39:58,738 | DEBUG | root | Load Vehicle Module: NodeNetworkNavigation
2025-12-12 10:39:58,747 | DEBUG | root | Load Vehicle Module: NodeNetworkNavigation
2025-12-12 10:39:58,756 | DEBUG | root | Load Vehicle Module: NodeNetworkNavigation
2025-12-12 10:39:58,767 | DEBUG | root | Load Vehicle Module: NodeNetworkNavigation
2025-12-12 10:39:58,777 | DEBUG | root | Load Vehicle Module: NodeNetworkNavigation
2025-12-12 10:39:58,787 | DEBUG | root | Load Vehicle Module: NodeNetworkNavigation
2025-12-12 10:39:58,796 | DEBUG | root | Load Vehicle Module: NodeNetworkNavigation
2025-12-12 10:39:58,805 | DEBUG | root | Load Vehicle Module: NodeNetworkNavigation
2025-12-12 10:39:58,814 | DEBUG | root | Load Vehicle Module: NodeNetworkNavigation
2025-12-12 10:39:58,818 | DEBUG | root | Load Vehicle Module: NodeNetworkNavigation
2025-12-12 10:39:58,831 | DEBUG | root | Load Vehicle Module: NodeNetworkNavigation
2025-12-12 10:39:58,842 | DEBUG | root | Load Vehicle Module: NodeNetworkNavigation
2025-12-12 10:39:58,846 | DEBUG | root | Load Vehicle Module: NodeNetworkNavigation
2025-12-12 10:39:58,860 | DEBUG | root | Load Vehicle Module: NodeNetworkNavigation
2025-12-12 10:39:58,869 | DEBUG | root | Load Vehicle Module: NodeNetworkNavigation
2025-12-12 10:39:58,879 | DEBUG | root | Load Vehicle Module: NodeNetworkNavigation
2025-12-12 10:39:58,888 | DEBUG | root | Load Vehicle Module: NodeNetworkNavigation
2025-12-12 10:39:58,897 | DEBUG | root | Load Vehicle Module: NodeNetworkNavigation
2025-12-12 10:39:58,907 | DEBUG | root | Load Vehicle Module: NodeNetworkNavigation
2025-12-12 10:40:06,695 | DEBUG | root | EnvInputPolicy is released
2025-12-12 10:40:06,695 | DEBUG | root | EnvInputPolicy is released
2025-12-12 10:40:18,205 | DEBUG | root | EnvInputPolicy is released
2025-12-12 10:40:18,902 | DEBUG | root | EnvInputPolicy is released
2025-12-12 10:40:19,060 | DEBUG | root | EnvInputPolicy is released
2025-12-12 10:40:25,077 | DEBUG | root | EnvInputPolicy is released
2025-12-12 10:40:25,077 | DEBUG | root | EnvInputPolicy is released
2025-12-12 10:40:25,329 | DEBUG | root | EnvInputPolicy is released
2025-12-12 10:40:25,547 | DEBUG | root | EnvInputPolicy is released
2025-12-12 10:40:25,793 | DEBUG | root | EnvInputPolicy is released
2025-12-12 10:40:33,008 | DEBUG | root | IDMPolicy is released
2025-12-12 10:40:35,872 | DEBUG | root | IDMPolicy is released
2025-12-12 10:40:41,329 | DEBUG | root | EnvInputPolicy is released
2025-12-12 10:40:41,329 | DEBUG | root | EnvInputPolicy is released
2025-12-12 10:40:46,880 | DEBUG | root | EnvInputPolicy is released
2025-12-12 10:40:46,880 | DEBUG | root | EnvInputPolicy is released
2025-12-12 10:40:49,618 | DEBUG | root | EnvInputPolicy is released
2025-12-12 10:40:51,340 | DEBUG | root | EnvInputPolicy is released
2025-12-12 10:40:54,689 | DEBUG | root | EnvInputPolicy is released
2025-12-12 10:41:00,642 | DEBUG | root | EnvInputPolicy is released
2025-12-12 10:41:01,799 | DEBUG | root | EnvInputPolicy is released
2025-12-12 10:41:04,776 | DEBUG | root | IDMPolicy is released
2025-12-12 10:41:06,647 | DEBUG | root | IDMPolicy is released
2025-12-12 10:41:06,885 | DEBUG | root | EnvInputPolicy is released
2025-12-12 10:41:10,160 | DEBUG | root | EnvInputPolicy is released
2025-12-12 10:41:10,160 | DEBUG | root | EnvInputPolicy is released
2025-12-12 10:41:10,800 | DEBUG | root | IDMPolicy is released
2025-12-12 10:41:15,169 | DEBUG | root | EnvInputPolicy is released
2025-12-12 10:41:16,281 | DEBUG | root | EnvInputPolicy is released
2025-12-12 10:41:17,977 | DEBUG | root | EnvInputPolicy is released
2025-12-12 10:41:21,727 | DEBUG | root | EnvInputPolicy is released
2025-12-12 10:41:23,063 | DEBUG | root | EnvInputPolicy is released
2025-12-12 10:41:23,890 | DEBUG | root | EnvInputPolicy is released
2025-12-12 10:41:29,226 | DEBUG | root | EnvInputPolicy is released
2025-12-12 10:41:30,479 | DEBUG | root | EnvInputPolicy is released
2025-12-12 10:41:31,927 | DEBUG | root | EnvInputPolicy is released
2025-12-12 10:41:33,546 | DEBUG | root | IDMPolicy is released
2025-12-12 10:41:33,808 | DEBUG | root | EnvInputPolicy is released
2025-12-12 10:41:40,873 | DEBUG | root | EnvInputPolicy is released
2025-12-12 10:41:42,647 | DEBUG | root | EnvInputPolicy is released
2025-12-12 10:41:43,220 | DEBUG | root | IDMPolicy is released
2025-12-12 10:41:45,725 | DEBUG | root | IDMPolicy is released
2025-12-12 10:41:47,047 | DEBUG | root | EnvInputPolicy is released
2025-12-12 10:41:50,171 | DEBUG | root | EnvInputPolicy is released
2025-12-12 10:41:57,971 | DEBUG | root | EnvInputPolicy is released
2025-12-12 10:42:06,580 | DEBUG | root | EnvInputPolicy is released
2025-12-12 10:42:06,901 | DEBUG | root | EnvInputPolicy is released
2025-12-12 10:42:10,089 | DEBUG | root | EnvInputPolicy is released
2025-12-12 10:42:11,509 | DEBUG | root | EnvInputPolicy is released
2025-12-12 10:42:12,265 | DEBUG | root | IDMPolicy is released
2025-12-12 10:42:12,725 | DEBUG | root | EnvInputPolicy is released
2025-12-12 10:42:15,691 | DEBUG | root | EnvInputPolicy is released
2025-12-12 10:42:18,885 | DEBUG | root | EnvInputPolicy is released
2025-12-12 10:42:25,218 | DEBUG | root | EnvInputPolicy is released
2025-12-12 10:42:31,546 | DEBUG | root | EnvInputPolicy is released
2025-12-12 10:42:32,092 | DEBUG | root | EnvInputPolicy is released
2025-12-12 10:42:34,772 | DEBUG | root | EnvInputPolicy is released
2025-12-12 10:42:36,171 | DEBUG | root | EnvInputPolicy is released
2025-12-12 10:42:37,989 | DEBUG | root | EnvInputPolicy is released
2025-12-12 10:42:41,396 | DEBUG | root | EnvInputPolicy is released
2025-12-12 10:42:44,579 | DEBUG | root | EnvInputPolicy is released
2025-12-12 10:42:51,297 | DEBUG | root | EnvInputPolicy is released
2025-12-12 10:42:58,811 | DEBUG | root | EnvInputPolicy is released
2025-12-12 10:42:59,483 | DEBUG | root | EnvInputPolicy is released
2025-12-12 10:43:02,522 | DEBUG | root | EnvInputPolicy is released
2025-12-12 10:43:03,856 | DEBUG | root | EnvInputPolicy is released
2025-12-12 10:43:05,110 | DEBUG | root | EnvInputPolicy is released
2025-12-12 10:43:08,274 | DEBUG | root | EnvInputPolicy is released
2025-12-12 10:43:10,917 | DEBUG | root | IDMPolicy is released
2025-12-12 10:43:11,692 | DEBUG | root | EnvInputPolicy is released
2025-12-12 10:43:19,883 | DEBUG | root | EnvInputPolicy is released
2025-12-12 10:43:27,144 | DEBUG | root | EnvInputPolicy is released
2025-12-12 10:43:27,475 | DEBUG | root | EnvInputPolicy is released
2025-12-12 10:43:29,707 | DEBUG | root | IDMPolicy is released
2025-12-12 10:43:30,139 | DEBUG | root | EnvInputPolicy is released
2025-12-12 10:43:31,523 | DEBUG | root | EnvInputPolicy is released
2025-12-12 10:43:32,935 | DEBUG | root | EnvInputPolicy is released
2025-12-12 10:43:36,715 | DEBUG | root | EnvInputPolicy is released
2025-12-12 10:43:40,110 | DEBUG | root | EnvInputPolicy is released
2025-12-12 10:43:46,503 | DEBUG | root | EnvInputPolicy is released
2025-12-12 10:43:54,089 | DEBUG | root | EnvInputPolicy is released
2025-12-12 10:43:54,551 | DEBUG | root | EnvInputPolicy is released
2025-12-12 10:43:58,669 | DEBUG | root | EnvInputPolicy is released
2025-12-12 10:44:00,589 | DEBUG | root | EnvInputPolicy is released
2025-12-12 10:44:01,663 | DEBUG | root | EnvInputPolicy is released
2025-12-12 10:44:04,460 | DEBUG | root | EnvInputPolicy is released
2025-12-12 10:44:06,668 | DEBUG | root | EnvInputPolicy is released
2025-12-12 10:44:11,917 | DEBUG | root | EnvInputPolicy is released
2025-12-12 10:44:17,867 | DEBUG | root | EnvInputPolicy is released
2025-12-12 10:44:18,324 | DEBUG | root | EnvInputPolicy is released
2025-12-12 10:44:20,461 | DEBUG | root | IDMPolicy is released
2025-12-12 10:44:22,262 | DEBUG | root | EnvInputPolicy is released
2025-12-12 10:44:24,155 | DEBUG | root | EnvInputPolicy is released
2025-12-12 10:44:25,149 | DEBUG | root | EnvInputPolicy is released
2025-12-12 10:44:26,434 | DEBUG | root | IDMPolicy is released
2025-12-12 10:44:28,122 | DEBUG | root | EnvInputPolicy is released
2025-12-12 10:44:29,625 | DEBUG | root | IDMPolicy is released
2025-12-12 10:44:30,083 | DEBUG | root | EnvInputPolicy is released
2025-12-12 10:44:30,200 | DEBUG | root | IDMPolicy is released
2025-12-12 10:44:31,155 | DEBUG | root | IDMPolicy is released
2025-12-12 10:44:35,530 | DEBUG | root | EnvInputPolicy is released
2025-12-12 10:44:37,200 | DEBUG | root | IDMPolicy is released
2025-12-12 10:44:37,771 | DEBUG | root | IDMPolicy is released
2025-12-12 10:44:42,923 | DEBUG | root | EnvInputPolicy is released
2025-12-12 10:44:43,369 | DEBUG | root | EnvInputPolicy is released
2025-12-12 10:44:46,191 | DEBUG | root | IDMPolicy is released
2025-12-12 10:44:47,282 | DEBUG | root | EnvInputPolicy is released
2025-12-12 10:44:49,127 | DEBUG | root | EnvInputPolicy is released
2025-12-12 10:44:49,933 | DEBUG | root | EnvInputPolicy is released
2025-12-12 10:44:52,866 | DEBUG | root | IDMPolicy is released
2025-12-12 10:44:53,064 | DEBUG | root | EnvInputPolicy is released
2025-12-12 10:44:55,005 | DEBUG | root | EnvInputPolicy is released
2025-12-12 10:45:01,845 | DEBUG | root | EnvInputPolicy is released
2025-12-12 10:45:06,873 | DEBUG | root | IDMPolicy is released
2025-12-12 10:45:10,574 | DEBUG | root | EnvInputPolicy is released
2025-12-12 10:45:11,086 | DEBUG | root | EnvInputPolicy is released
2025-12-12 10:45:13,726 | DEBUG | root | EnvInputPolicy is released
2025-12-12 10:45:15,247 | DEBUG | root | EnvInputPolicy is released
2025-12-12 10:45:15,726 | DEBUG | root | EnvInputPolicy is released
2025-12-12 10:45:18,208 | DEBUG | root | IDMPolicy is released
2025-12-12 10:45:18,534 | DEBUG | root | EnvInputPolicy is released
2025-12-12 10:45:20,325 | DEBUG | root | EnvInputPolicy is released
2025-12-12 10:45:24,379 | DEBUG | root | EnvInputPolicy is released
2025-12-12 10:45:25,771 | DEBUG | root | EnvInputPolicy is released
2025-12-12 10:45:27,794 | DEBUG | root | EnvInputPolicy is released
2025-12-12 10:45:31,636 | DEBUG | root | EnvInputPolicy is released
2025-12-12 10:45:33,305 | DEBUG | root | IDMPolicy is released
2025-12-12 10:45:34,219 | DEBUG | root | IDMPolicy is released
2025-12-12 10:45:35,345 | DEBUG | root | IDMPolicy is released
2025-12-12 10:45:35,589 | DEBUG | root | EnvInputPolicy is released
2025-12-12 10:45:38,198 | DEBUG | root | EnvInputPolicy is released
2025-12-12 10:45:38,677 | DEBUG | root | IDMPolicy is released
2025-12-12 10:45:41,071 | DEBUG | root | EnvInputPolicy is released
2025-12-12 10:45:42,926 | DEBUG | root | EnvInputPolicy is released
2025-12-12 10:45:48,398 | DEBUG | root | EnvInputPolicy is released
2025-12-12 10:45:50,283 | DEBUG | root | IDMPolicy is released
2025-12-12 10:45:50,312 | DEBUG | root | EnvInputPolicy is released
2025-12-12 10:45:53,362 | DEBUG | root | EnvInputPolicy is released
2025-12-12 10:45:57,298 | DEBUG | root | EnvInputPolicy is released
2025-12-12 10:46:01,135 | DEBUG | root | EnvInputPolicy is released
2025-12-12 10:46:04,016 | DEBUG | root | EnvInputPolicy is released
2025-12-12 10:46:04,530 | DEBUG | root | EnvInputPolicy is released
2025-12-12 10:46:05,959 | DEBUG | root | IDMPolicy is released
2025-12-12 10:46:08,209 | DEBUG | root | EnvInputPolicy is released
2025-12-12 10:46:11,174 | DEBUG | root | EnvInputPolicy is released
2025-12-12 10:46:14,306 | DEBUG | root | EnvInputPolicy is released
2025-12-12 10:46:16,092 | DEBUG | root | IDMPolicy is released
2025-12-12 10:46:18,702 | DEBUG | root | EnvInputPolicy is released
2025-12-12 10:46:19,595 | DEBUG | root | EnvInputPolicy is released
2025-12-12 10:46:19,974 | DEBUG | root | IDMPolicy is released
2025-12-12 10:46:28,594 | DEBUG | root | IDMPolicy is released
2025-12-12 10:46:29,427 | DEBUG | root | EnvInputPolicy is released
2025-12-12 10:46:30,155 | DEBUG | root | EnvInputPolicy is released
2025-12-12 10:46:31,477 | DEBUG | root | EnvInputPolicy is released
2025-12-12 10:46:31,634 | DEBUG | root | EnvInputPolicy is released
2025-12-12 10:46:34,200 | DEBUG | root | EnvInputPolicy is released
2025-12-12 10:46:36,426 | DEBUG | root | IDMPolicy is released
2025-12-12 10:46:37,160 | DEBUG | root | EnvInputPolicy is released
2025-12-12 10:46:40,683 | DEBUG | root | EnvInputPolicy is released
2025-12-12 10:46:44,727 | DEBUG | root | EnvInputPolicy is released
2025-12-12 10:46:45,415 | DEBUG | root | IDMPolicy is released
2025-12-12 10:46:45,653 | DEBUG | root | IDMPolicy is released
2025-12-12 10:46:46,622 | DEBUG | root | EnvInputPolicy is released
2025-12-12 10:46:49,570 | DEBUG | root | EnvInputPolicy is released
2025-12-12 10:46:49,570 | DEBUG | root | EnvInputPolicy is released
2025-12-12 10:46:50,385 | DEBUG | root | EnvInputPolicy is released
2025-12-12 10:46:52,450 | DEBUG | root | IDMPolicy is released
2025-12-12 10:46:53,078 | DEBUG | root | EnvInputPolicy is released
2025-12-12 10:46:53,238 | DEBUG | root | EnvInputPolicy is released
2025-12-12 10:46:53,795 | DEBUG | root | IDMPolicy is released
2025-12-12 10:46:58,513 | DEBUG | root | IDMPolicy is released
2025-12-12 10:47:00,059 | DEBUG | root | EnvInputPolicy is released
2025-12-12 10:47:02,679 | DEBUG | root | EnvInputPolicy is released
2025-12-12 10:47:02,881 | DEBUG | root | IDMPolicy is released
2025-12-12 10:47:03,769 | DEBUG | root | EnvInputPolicy is released
2025-12-12 10:47:05,883 | DEBUG | root | EnvInputPolicy is released
2025-12-12 10:47:09,075 | DEBUG | root | EnvInputPolicy is released
2025-12-12 10:47:10,490 | DEBUG | root | EnvInputPolicy is released
2025-12-12 10:47:11,420 | DEBUG | root | EnvInputPolicy is released
2025-12-12 10:47:12,749 | DEBUG | root | IDMPolicy is released
2025-12-12 10:47:17,428 | DEBUG | root | IDMPolicy is released
2025-12-12 10:47:18,770 | DEBUG | root | IDMPolicy is released
2025-12-12 10:47:20,370 | DEBUG | root | EnvInputPolicy is released
2025-12-12 10:47:20,546 | DEBUG | root | EnvInputPolicy is released
2025-12-12 10:47:21,835 | DEBUG | root | IDMPolicy is released
2025-12-12 10:47:23,000 | DEBUG | root | EnvInputPolicy is released
2025-12-12 10:47:24,438 | DEBUG | root | EnvInputPolicy is released
2025-12-12 10:47:25,777 | DEBUG | root | EnvInputPolicy is released
2025-12-12 10:47:26,743 | DEBUG | root | EnvInputPolicy is released
2025-12-12 10:47:27,189 | DEBUG | root | EnvInputPolicy is released
2025-12-12 10:47:29,698 | DEBUG | root | IDMPolicy is released
2025-12-12 10:47:31,141 | DEBUG | root | EnvInputPolicy is released
2025-12-12 10:47:31,550 | DEBUG | root | IDMPolicy is released
2025-12-12 10:47:37,456 | DEBUG | root | EnvInputPolicy is released
2025-12-12 10:47:37,703 | DEBUG | root | EnvInputPolicy is released
2025-12-12 10:47:37,703 | DEBUG | root | EnvInputPolicy is released
2025-12-12 10:47:41,330 | DEBUG | root | IDMPolicy is released
2025-12-12 10:47:42,300 | DEBUG | root | EnvInputPolicy is released
2025-12-12 10:47:43,258 | DEBUG | root | EnvInputPolicy is released
2025-12-12 10:47:45,833 | DEBUG | root | EnvInputPolicy is released
2025-12-12 10:47:46,107 | DEBUG | root | IDMPolicy is released
2025-12-12 10:47:46,359 | DEBUG | root | IDMPolicy is released
2025-12-12 10:47:48,711 | DEBUG | root | EnvInputPolicy is released
2025-12-12 10:47:51,406 | DEBUG | root | EnvInputPolicy is released
2025-12-12 10:47:51,840 | DEBUG | root | IDMPolicy is released
2025-12-12 10:47:56,713 | DEBUG | root | EnvInputPolicy is released
2025-12-12 10:47:57,945 | DEBUG | root | IDMPolicy is released
2025-12-12 10:47:57,983 | DEBUG | root | EnvInputPolicy is released
2025-12-12 10:47:59,440 | DEBUG | root | EnvInputPolicy is released
2025-12-12 10:48:00,170 | DEBUG | root | IDMPolicy is released
2025-12-12 10:48:00,921 | DEBUG | root | IDMPolicy is released
2025-12-12 10:48:04,004 | DEBUG | root | EnvInputPolicy is released
2025-12-12 10:48:05,271 | DEBUG | root | EnvInputPolicy is released
2025-12-12 10:48:05,523 | DEBUG | root | EnvInputPolicy is released
2025-12-12 10:48:06,909 | DEBUG | root | IDMPolicy is released
2025-12-12 10:48:09,604 | DEBUG | root | EnvInputPolicy is released
2025-12-12 10:48:10,792 | DEBUG | root | EnvInputPolicy is released
2025-12-12 10:48:14,735 | DEBUG | root | IDMPolicy is released
2025-12-12 10:48:15,013 | DEBUG | root | EnvInputPolicy is released
2025-12-12 10:48:15,237 | DEBUG | root | IDMPolicy is released
2025-12-12 10:48:16,265 | DEBUG | root | IDMPolicy is released
2025-12-12 10:48:16,283 | DEBUG | root | EnvInputPolicy is released
2025-12-12 10:48:18,519 | DEBUG | root | EnvInputPolicy is released
2025-12-12 10:48:20,467 | DEBUG | root | EnvInputPolicy is released
2025-12-12 10:48:22,012 | DEBUG | root | EnvInputPolicy is released
2025-12-12 10:48:23,985 | DEBUG | root | EnvInputPolicy is released
2025-12-12 10:48:25,668 | DEBUG | root | EnvInputPolicy is released
2025-12-12 10:48:26,732 | DEBUG | root | IDMPolicy is released
2025-12-12 10:48:27,209 | DEBUG | root | EnvInputPolicy is released
2025-12-12 10:48:27,421 | DEBUG | root | IDMPolicy is released
2025-12-12 10:48:29,262 | DEBUG | root | EnvInputPolicy is released
2025-12-12 10:48:29,715 | DEBUG | root | IDMPolicy is released
2025-12-12 10:48:32,597 | DEBUG | root | EnvInputPolicy is released
2025-12-12 10:48:32,597 | DEBUG | root | EnvInputPolicy is released
2025-12-12 10:48:37,187 | DEBUG | root | EnvInputPolicy is released
2025-12-12 10:48:37,969 | DEBUG | root | IDMPolicy is released
2025-12-12 10:48:37,988 | DEBUG | root | EnvInputPolicy is released
2025-12-12 10:48:38,728 | DEBUG | root | IDMPolicy is released
2025-12-12 10:48:41,528 | DEBUG | root | EnvInputPolicy is released
2025-12-12 10:48:43,085 | DEBUG | root | EnvInputPolicy is released
2025-12-12 10:48:46,198 | DEBUG | root | IDMPolicy is released
2025-12-12 10:48:47,928 | DEBUG | root | EnvInputPolicy is released
2025-12-12 10:48:48,850 | DEBUG | root | EnvInputPolicy is released
2025-12-12 10:48:50,260 | DEBUG | root | IDMPolicy is released
2025-12-12 10:48:53,755 | DEBUG | root | IDMPolicy is released
2025-12-12 10:48:54,231 | DEBUG | root | EnvInputPolicy is released
2025-12-12 10:48:58,728 | DEBUG | root | EnvInputPolicy is released
2025-12-12 10:49:00,987 | DEBUG | root | IDMPolicy is released
2025-12-12 10:49:01,315 | DEBUG | root | IDMPolicy is released
2025-12-12 10:49:02,893 | DEBUG | root | EnvInputPolicy is released
2025-12-12 10:49:03,630 | DEBUG | root | EnvInputPolicy is released
2025-12-12 10:49:06,133 | DEBUG | root | IDMPolicy is released
2025-12-12 10:49:06,592 | DEBUG | root | EnvInputPolicy is released
2025-12-12 10:49:06,756 | DEBUG | root | IDMPolicy is released
2025-12-12 10:49:07,568 | DEBUG | root | EnvInputPolicy is released
2025-12-12 10:49:07,981 | DEBUG | root | IDMPolicy is released
2025-12-12 10:49:09,902 | DEBUG | root | EnvInputPolicy is released
2025-12-12 10:49:11,893 | DEBUG | root | EnvInputPolicy is released
2025-12-12 10:49:13,443 | DEBUG | root | IDMPolicy is released
2025-12-12 10:49:14,281 | DEBUG | root | IDMPolicy is released
2025-12-12 10:49:14,602 | DEBUG | root | EnvInputPolicy is released
2025-12-12 10:49:15,406 | DEBUG | root | IDMPolicy is released
2025-12-12 10:49:16,513 | DEBUG | root | IDMPolicy is released
2025-12-12 10:49:20,111 | DEBUG | root | EnvInputPolicy is released
2025-12-12 10:49:23,134 | DEBUG | root | EnvInputPolicy is released
2025-12-12 10:49:24,147 | DEBUG | root | IDMPolicy is released
2025-12-12 10:49:27,985 | DEBUG | root | EnvInputPolicy is released
2025-12-12 10:49:29,553 | DEBUG | root | EnvInputPolicy is released
2025-12-12 10:49:31,184 | DEBUG | root | EnvInputPolicy is released
2025-12-12 10:49:32,728 | DEBUG | root | IDMPolicy is released
2025-12-12 10:49:32,934 | DEBUG | root | EnvInputPolicy is released
2025-12-12 10:49:33,112 | DEBUG | root | EnvInputPolicy is released
2025-12-12 10:49:35,773 | DEBUG | root | EnvInputPolicy is released
2025-12-12 10:49:35,930 | DEBUG | root | EnvInputPolicy is released
2025-12-12 10:49:37,239 | DEBUG | root | IDMPolicy is released
2025-12-12 10:49:37,423 | DEBUG | root | EnvInputPolicy is released
2025-12-12 10:49:39,237 | DEBUG | root | EnvInputPolicy is released
2025-12-12 10:49:39,518 | DEBUG | root | IDMPolicy is released
2025-12-12 10:49:39,795 | DEBUG | root | EnvInputPolicy is released
2025-12-12 10:49:40,689 | DEBUG | root | IDMPolicy is released
2025-12-12 10:49:41,123 | DEBUG | root | IDMPolicy is released
2025-12-12 10:49:45,173 | DEBUG | root | IDMPolicy is released
2025-12-12 10:49:45,649 | DEBUG | root | IDMPolicy is released
2025-12-12 10:49:47,366 | DEBUG | root | IDMPolicy is released
2025-12-12 10:49:48,458 | DEBUG | root | EnvInputPolicy is released
2025-12-12 10:49:51,658 | DEBUG | root | IDMPolicy is released
2025-12-12 10:49:59,321 | DEBUG | root | IDMPolicy is released
2025-12-12 10:50:01,623 | DEBUG | root | EnvInputPolicy is released
2025-12-12 10:50:04,374 | DEBUG | root | EnvInputPolicy is released
2025-12-12 10:50:07,153 | DEBUG | root | IDMPolicy is released
2025-12-12 10:50:07,173 | DEBUG | root | EnvInputPolicy is released
2025-12-12 10:50:08,029 | DEBUG | root | IDMPolicy is released
2025-12-12 10:50:08,855 | DEBUG | root | IDMPolicy is released
2025-12-12 10:50:08,886 | DEBUG | root | EnvInputPolicy is released
2025-12-12 10:50:09,297 | DEBUG | root | IDMPolicy is released
2025-12-12 10:50:09,712 | DEBUG | root | EnvInputPolicy is released
2025-12-12 10:50:13,514 | DEBUG | root | EnvInputPolicy is released
2025-12-12 10:50:15,238 | DEBUG | root | EnvInputPolicy is released
2025-12-12 10:50:17,057 | DEBUG | root | IDMPolicy is released
2025-12-12 10:50:20,059 | DEBUG | root | EnvInputPolicy is released
2025-12-12 10:50:23,704 | DEBUG | root | IDMPolicy is released
2025-12-12 10:50:23,945 | DEBUG | root | EnvInputPolicy is released
2025-12-12 10:50:29,998 | DEBUG | root | EnvInputPolicy is released
2025-12-12 10:50:31,625 | DEBUG | root | IDMPolicy is released
2025-12-12 10:50:32,918 | DEBUG | root | EnvInputPolicy is released
2025-12-12 10:50:33,466 | DEBUG | root | EnvInputPolicy is released
2025-12-12 10:50:36,826 | DEBUG | root | EnvInputPolicy is released
2025-12-12 10:50:36,826 | DEBUG | root | EnvInputPolicy is released
2025-12-12 10:50:36,826 | DEBUG | root | IDMPolicy is released
2025-12-12 10:50:36,826 | DEBUG | root | IDMPolicy is released
2025-12-12 10:50:36,826 | DEBUG | root | IDMPolicy is released
2025-12-12 10:50:36,826 | DEBUG | root | IDMPolicy is released
2025-12-12 10:50:36,826 | DEBUG | root | IDMPolicy is released
2025-12-12 10:50:36,826 | DEBUG | root | IDMPolicy is released
2025-12-12 10:50:36,826 | DEBUG | root | IDMPolicy is released
2025-12-12 10:50:36,826 | DEBUG | root | IDMPolicy is released
2025-12-12 10:50:36,826 | DEBUG | root | IDMPolicy is released
2025-12-12 10:50:36,826 | DEBUG | root | IDMPolicy is released
2025-12-12 10:50:36,832 | DEBUG | root | IDMPolicy is released
2025-12-12 10:50:36,833 | DEBUG | root | IDMPolicy is released
2025-12-12 10:50:36,833 | DEBUG | root | IDMPolicy is released
2025-12-12 10:50:36,833 | DEBUG | root | IDMPolicy is released
2025-12-12 10:50:36,834 | DEBUG | root | IDMPolicy is released
2025-12-12 10:50:36,834 | DEBUG | root | IDMPolicy is released
2025-12-12 10:50:36,835 | DEBUG | root | IDMPolicy is released
2025-12-12 10:50:36,835 | DEBUG | root | IDMPolicy is released
2025-12-12 10:50:36,835 | DEBUG | root | IDMPolicy is released
2025-12-12 10:50:36,836 | DEBUG | root | IDMPolicy is released
2025-12-12 10:50:36,836 | DEBUG | root | IDMPolicy is released
2025-12-12 10:50:36,836 | DEBUG | root | IDMPolicy is released
2025-12-12 10:50:36,837 | DEBUG | root | IDMPolicy is released
2025-12-12 10:50:36,838 | DEBUG | root | IDMPolicy is released
2025-12-12 10:50:36,838 | DEBUG | root | IDMPolicy is released
2025-12-12 10:50:36,838 | DEBUG | root | IDMPolicy is released
2025-12-12 10:50:36,838 | DEBUG | root | IDMPolicy is released
2025-12-12 10:50:36,839 | DEBUG | root | IDMPolicy is released
2025-12-12 10:50:36,839 | DEBUG | root | IDMPolicy is released
2025-12-12 10:50:36,839 | DEBUG | root | IDMPolicy is released
2025-12-12 10:50:36,840 | DEBUG | root | IDMPolicy is released
2025-12-12 10:50:36,840 | DEBUG | root | IDMPolicy is released
2025-12-12 10:50:36,840 | DEBUG | root | IDMPolicy is released
2025-12-12 10:50:36,841 | DEBUG | root | IDMPolicy is released
2025-12-12 10:50:36,841 | DEBUG | root | IDMPolicy is released
2025-12-12 10:50:36,842 | DEBUG | root | IDMPolicy is released
2025-12-12 10:50:36,842 | DEBUG | root | IDMPolicy is released
2025-12-12 10:50:36,843 | DEBUG | root | IDMPolicy is released
2025-12-12 10:50:36,843 | DEBUG | root | IDMPolicy is released
2025-12-12 10:50:36,844 | DEBUG | root | IDMPolicy is released
2025-12-12 10:50:36,844 | DEBUG | root | IDMPolicy is released
2025-12-12 10:50:36,844 | DEBUG | root | IDMPolicy is released
2025-12-12 10:50:36,865 | DEBUG | root | forward
2025-12-12 10:50:36,910 | DEBUG | root | forward
2025-12-12 10:50:37,023 | DEBUG | root | forward
2025-12-12 10:50:37,078 | DEBUG | root | forward
2025-12-12 10:50:37,157 | DEBUG | root | forward
2025-12-12 10:50:37,255 | DEBUG | root | forward
2025-12-12 10:50:37,289 | DEBUG | root | forward
2025-12-12 10:50:37,373 | DEBUG | root | forward
2025-12-12 10:50:37,522 | DEBUG | root | forward
2025-12-12 10:50:37,650 | DEBUG | root | Destroy Big
2025-12-12 10:50:37,766 | DEBUG | root | load scene Use random traffic
2025-12-12 10:50:37,812 | DEBUG | root | Load Vehicle Module: NodeNetworkNavigation
2025-12-12 10:50:37,833 | DEBUG | root | Load Vehicle Module: NodeNetworkNavigation
2025-12-12 10:50:37,850 | DEBUG | root | Load Vehicle Module: NodeNetworkNavigation
2025-12-12 10:50:37,881 | DEBUG | root | Load Vehicle Module: NodeNetworkNavigation
2025-12-12 10:50:37,898 | DEBUG | root | Load Vehicle Module: NodeNetworkNavigation
2025-12-12 10:50:37,907 | DEBUG | root | Load Vehicle Module: NodeNetworkNavigation
2025-12-12 10:50:51,093 | DEBUG | root | EnvInputPolicy is released
2025-12-12 10:50:52,371 | DEBUG | root | EnvInputPolicy is released
2025-12-12 10:50:53,798 | DEBUG | root | EnvInputPolicy is released
2025-12-12 10:50:57,690 | DEBUG | root | EnvInputPolicy is released
2025-12-12 10:50:59,938 | DEBUG | root | IDMPolicy is released
2025-12-12 10:51:03,831 | DEBUG | root | EnvInputPolicy is released
2025-12-12 10:51:05,068 | DEBUG | root | IDMPolicy is released
2025-12-12 10:51:05,565 | DEBUG | root | EnvInputPolicy is released
2025-12-12 10:51:06,002 | DEBUG | root | EnvInputPolicy is released
2025-12-12 10:51:06,294 | DEBUG | root | EnvInputPolicy is released
2025-12-12 10:51:07,505 | DEBUG | root | IDMPolicy is released
2025-12-12 10:51:10,326 | DEBUG | root | IDMPolicy is released
2025-12-12 10:51:11,892 | DEBUG | root | IDMPolicy is released
2025-12-12 10:51:13,460 | DEBUG | root | EnvInputPolicy is released
2025-12-12 10:51:14,572 | DEBUG | root | EnvInputPolicy is released
2025-12-12 10:51:15,773 | DEBUG | root | EnvInputPolicy is released
2025-12-12 10:51:18,160 | DEBUG | root | IDMPolicy is released
2025-12-12 10:51:18,834 | DEBUG | root | EnvInputPolicy is released
2025-12-12 10:51:18,944 | DEBUG | root | IDMPolicy is released
2025-12-12 10:51:24,015 | DEBUG | root | EnvInputPolicy is released
2025-12-12 10:51:25,596 | DEBUG | root | EnvInputPolicy is released
2025-12-12 10:51:26,002 | DEBUG | root | EnvInputPolicy is released
2025-12-12 10:51:27,772 | DEBUG | root | EnvInputPolicy is released
2025-12-12 10:51:33,020 | DEBUG | root | EnvInputPolicy is released
2025-12-12 10:51:34,129 | DEBUG | root | EnvInputPolicy is released
2025-12-12 10:51:34,390 | DEBUG | root | IDMPolicy is released
2025-12-12 10:51:35,330 | DEBUG | root | EnvInputPolicy is released
2025-12-12 10:51:38,035 | DEBUG | root | EnvInputPolicy is released
2025-12-12 10:51:38,746 | DEBUG | root | IDMPolicy is released
2025-12-12 10:51:41,942 | DEBUG | root | IDMPolicy is released
2025-12-12 10:51:44,088 | DEBUG | root | EnvInputPolicy is released
2025-12-12 10:51:46,140 | DEBUG | root | EnvInputPolicy is released
2025-12-12 10:51:46,667 | DEBUG | root | EnvInputPolicy is released
2025-12-12 10:51:48,589 | DEBUG | root | EnvInputPolicy is released
2025-12-12 10:51:48,889 | DEBUG | root | EnvInputPolicy is released
2025-12-12 10:51:54,750 | DEBUG | root | EnvInputPolicy is released
2025-12-12 10:51:55,706 | DEBUG | root | EnvInputPolicy is released
2025-12-12 10:51:57,236 | DEBUG | root | EnvInputPolicy is released
2025-12-12 10:52:01,595 | DEBUG | root | EnvInputPolicy is released
2025-12-12 10:52:05,208 | DEBUG | root | IDMPolicy is released
2025-12-12 10:52:06,330 | DEBUG | root | EnvInputPolicy is released
2025-12-12 10:52:08,080 | DEBUG | root | EnvInputPolicy is released
2025-12-12 10:52:08,382 | DEBUG | root | EnvInputPolicy is released
2025-12-12 10:52:08,767 | DEBUG | root | EnvInputPolicy is released
2025-12-12 10:52:10,812 | DEBUG | root | IDMPolicy is released
2025-12-12 10:52:12,211 | DEBUG | root | EnvInputPolicy is released
2025-12-12 10:52:15,775 | DEBUG | root | EnvInputPolicy is released
2025-12-12 10:52:17,031 | DEBUG | root | EnvInputPolicy is released
2025-12-12 10:52:17,789 | DEBUG | root | EnvInputPolicy is released
2025-12-12 10:52:20,084 | DEBUG | root | EnvInputPolicy is released
2025-12-12 10:52:20,817 | DEBUG | root | EnvInputPolicy is released
2025-12-12 10:52:25,224 | DEBUG | root | EnvInputPolicy is released
2025-12-12 10:52:26,149 | DEBUG | root | EnvInputPolicy is released
2025-12-12 10:52:28,769 | DEBUG | root | EnvInputPolicy is released
2025-12-12 10:52:31,460 | DEBUG | root | EnvInputPolicy is released
2025-12-12 10:52:32,751 | DEBUG | root | EnvInputPolicy is released
2025-12-12 10:52:33,924 | DEBUG | root | EnvInputPolicy is released
2025-12-12 10:52:35,927 | DEBUG | root | IDMPolicy is released
2025-12-12 10:52:38,526 | DEBUG | root | EnvInputPolicy is released
2025-12-12 10:52:38,526 | DEBUG | root | EnvInputPolicy is released
2025-12-12 10:52:42,611 | DEBUG | root | EnvInputPolicy is released
2025-12-12 10:52:42,786 | DEBUG | root | EnvInputPolicy is released
2025-12-12 10:52:43,602 | DEBUG | root | EnvInputPolicy is released
2025-12-12 10:52:45,189 | DEBUG | root | EnvInputPolicy is released
2025-12-12 10:52:45,787 | DEBUG | root | IDMPolicy is released
2025-12-12 10:52:49,428 | DEBUG | root | EnvInputPolicy is released
2025-12-12 10:52:51,546 | DEBUG | root | EnvInputPolicy is released
2025-12-12 10:52:53,042 | DEBUG | root | IDMPolicy is released
2025-12-12 10:52:55,753 | DEBUG | root | EnvInputPolicy is released
2025-12-12 10:52:55,753 | DEBUG | root | EnvInputPolicy is released
2025-12-12 10:52:57,997 | DEBUG | root | EnvInputPolicy is released
2025-12-12 10:52:59,707 | DEBUG | root | EnvInputPolicy is released
2025-12-12 10:52:59,707 | DEBUG | root | EnvInputPolicy is released
2025-12-12 10:53:01,356 | DEBUG | root | EnvInputPolicy is released
2025-12-12 10:53:02,423 | DEBUG | root | IDMPolicy is released
2025-12-12 10:53:03,982 | DEBUG | root | EnvInputPolicy is released
2025-12-12 10:53:07,082 | DEBUG | root | EnvInputPolicy is released
2025-12-12 10:53:09,233 | DEBUG | root | EnvInputPolicy is released
2025-12-12 10:53:10,289 | DEBUG | root | IDMPolicy is released
2025-12-12 10:53:11,898 | DEBUG | root | IDMPolicy is released
2025-12-12 10:53:12,434 | DEBUG | root | IDMPolicy is released
2025-12-12 10:53:15,969 | DEBUG | root | EnvInputPolicy is released
2025-12-12 10:53:16,494 | DEBUG | root | IDMPolicy is released
2025-12-12 10:53:17,057 | DEBUG | root | EnvInputPolicy is released
2025-12-12 10:53:17,940 | DEBUG | root | EnvInputPolicy is released
2025-12-12 10:53:18,286 | DEBUG | root | EnvInputPolicy is released
2025-12-12 10:53:20,166 | DEBUG | root | EnvInputPolicy is released
2025-12-12 10:53:21,105 | DEBUG | root | IDMPolicy is released
2025-12-12 10:53:21,578 | DEBUG | root | IDMPolicy is released
2025-12-12 10:53:21,911 | DEBUG | root | EnvInputPolicy is released
2025-12-12 10:53:23,028 | DEBUG | root | IDMPolicy is released
2025-12-12 10:53:23,896 | DEBUG | root | EnvInputPolicy is released
2025-12-12 10:53:26,654 | DEBUG | root | EnvInputPolicy is released
2025-12-12 10:53:32,839 | DEBUG | root | EnvInputPolicy is released
2025-12-12 10:53:33,350 | DEBUG | root | EnvInputPolicy is released
2025-12-12 10:53:33,503 | DEBUG | root | IDMPolicy is released
2025-12-12 10:53:35,721 | DEBUG | root | EnvInputPolicy is released
2025-12-12 10:53:36,295 | DEBUG | root | IDMPolicy is released
2025-12-12 10:53:37,107 | DEBUG | root | EnvInputPolicy is released
2025-12-12 10:53:38,038 | DEBUG | root | EnvInputPolicy is released
2025-12-12 10:53:41,515 | DEBUG | root | EnvInputPolicy is released
2025-12-12 10:53:44,132 | DEBUG | root | IDMPolicy is released
2025-12-12 10:53:44,301 | DEBUG | root | EnvInputPolicy is released
2025-12-12 10:53:45,761 | DEBUG | root | IDMPolicy is released
2025-12-12 10:53:46,625 | DEBUG | root | EnvInputPolicy is released
2025-12-12 10:53:48,370 | DEBUG | root | EnvInputPolicy is released
2025-12-12 10:53:50,695 | DEBUG | root | IDMPolicy is released
2025-12-12 10:53:51,557 | DEBUG | root | EnvInputPolicy is released
2025-12-12 10:53:53,819 | DEBUG | root | EnvInputPolicy is released
2025-12-12 10:53:55,989 | DEBUG | root | IDMPolicy is released
2025-12-12 10:53:56,005 | DEBUG | root | EnvInputPolicy is released
2025-12-12 10:53:57,389 | DEBUG | root | EnvInputPolicy is released
2025-12-12 10:53:57,389 | DEBUG | root | EnvInputPolicy is released
2025-12-12 10:53:57,720 | DEBUG | root | EnvInputPolicy is released
2025-12-12 10:53:57,864 | DEBUG | root | IDMPolicy is released
2025-12-12 10:53:58,348 | DEBUG | root | IDMPolicy is released
2025-12-12 10:54:00,062 | DEBUG | root | IDMPolicy is released
2025-12-12 10:54:02,971 | DEBUG | root | IDMPolicy is released
2025-12-12 10:54:04,931 | DEBUG | root | EnvInputPolicy is released
2025-12-12 10:54:08,382 | DEBUG | root | EnvInputPolicy is released
2025-12-12 10:54:08,722 | DEBUG | root | EnvInputPolicy is released
2025-12-12 10:54:10,839 | DEBUG | root | IDMPolicy is released
2025-12-12 10:54:12,410 | DEBUG | root | EnvInputPolicy is released
2025-12-12 10:54:12,792 | DEBUG | root | EnvInputPolicy is released
2025-12-12 10:54:16,846 | DEBUG | root | IDMPolicy is released
2025-12-12 10:54:17,491 | DEBUG | root | EnvInputPolicy is released
2025-12-12 10:54:17,491 | DEBUG | root | EnvInputPolicy is released
2025-12-12 10:54:17,874 | DEBUG | root | EnvInputPolicy is released
2025-12-12 10:54:22,882 | DEBUG | root | IDMPolicy is released
2025-12-12 10:54:23,698 | DEBUG | root | EnvInputPolicy is released
2025-12-12 10:54:26,097 | DEBUG | root | IDMPolicy is released
2025-12-12 10:54:27,784 | DEBUG | root | Roundabout, ID:None is destroyed
2025-12-12 10:54:27,784 | DEBUG | root | StdTInterSection, ID:None is destroyed
2025-12-12 10:54:27,784 | DEBUG | root | Curve, ID:None is destroyed
2025-12-12 10:54:27,784 | DEBUG | root | StdInterSection, ID:None is destroyed
2025-12-12 10:54:27,784 | DEBUG | root | Roundabout, ID:None is destroyed
2025-12-12 10:54:27,784 | DEBUG | root | StdTInterSection, ID:None is destroyed
2025-12-12 10:54:27,784 | DEBUG | root | Curve, ID:None is destroyed
2025-12-12 10:54:27,784 | DEBUG | root | StdInterSection, ID:None is destroyed
2025-12-12 10:54:27,784 | DEBUG | root | FirstPGBlock, ID:None is destroyed
2025-12-12 10:54:27,784 | DEBUG | root | StdInterSection, ID:None is destroyed
2025-12-12 10:54:27,828 | DEBUG | root | Roundabout, ID:None is destroyed
2025-12-12 10:54:27,828 | DEBUG | root | StdTInterSection, ID:None is destroyed
2025-12-12 10:54:27,828 | DEBUG | root | Curve, ID:None is destroyed
2025-12-12 10:54:27,828 | DEBUG | root | StdInterSection, ID:None is destroyed
2025-12-12 10:54:27,828 | DEBUG | root | Roundabout, ID:None is destroyed
2025-12-12 10:54:27,828 | DEBUG | root | StdTInterSection, ID:None is destroyed
2025-12-12 10:54:27,828 | DEBUG | root | Curve, ID:None is destroyed
2025-12-12 10:54:27,828 | DEBUG | root | StdInterSection, ID:None is destroyed
2025-12-12 10:54:27,828 | DEBUG | root | FirstPGBlock, ID:None is destroyed
2025-12-12 10:54:27,828 | DEBUG | root | StdInterSection, ID:None is destroyed
2025-12-12 10:54:27,828 | DEBUG | metadrive.component.map.base_map | <class 'metadrive.component.map.pg_map.PGMap'> 2is being deleted.
2025-12-12 10:54:27,828 | DEBUG | root | EnvInputPolicy is released
2025-12-12 10:54:27,835 | DEBUG | root | NodeNetworkNavigation is destroyed
2025-12-12 10:54:27,835 | DEBUG | root | EnvInputPolicy is released
2025-12-12 10:54:27,838 | DEBUG | root | NodeNetworkNavigation is destroyed
2025-12-12 10:54:27,839 | DEBUG | root | EnvInputPolicy is released
2025-12-12 10:54:27,840 | DEBUG | root | NodeNetworkNavigation is destroyed
2025-12-12 10:54:27,841 | DEBUG | root | EnvInputPolicy is released
2025-12-12 10:54:27,842 | DEBUG | root | NodeNetworkNavigation is destroyed
2025-12-12 10:54:27,843 | DEBUG | root | EnvInputPolicy is released
2025-12-12 10:54:27,845 | DEBUG | root | NodeNetworkNavigation is destroyed
2025-12-12 10:54:27,846 | DEBUG | root | EnvInputPolicy is released
2025-12-12 10:54:27,848 | DEBUG | root | NodeNetworkNavigation is destroyed
2025-12-12 10:54:27,848 | DEBUG | root | EnvInputPolicy is released
2025-12-12 10:54:27,850 | DEBUG | root | NodeNetworkNavigation is destroyed
2025-12-12 10:54:27,852 | DEBUG | root | EnvInputPolicy is released
2025-12-12 10:54:27,854 | DEBUG | root | NodeNetworkNavigation is destroyed
2025-12-12 10:54:27,854 | DEBUG | root | IDMPolicy is released
2025-12-12 10:54:27,854 | DEBUG | root | IDMPolicy is released
2025-12-12 10:54:27,855 | DEBUG | root | IDMPolicy is released
2025-12-12 10:54:27,855 | DEBUG | root | IDMPolicy is released
2025-12-12 10:54:27,855 | DEBUG | root | IDMPolicy is released
2025-12-12 10:54:27,856 | DEBUG | root | IDMPolicy is released
2025-12-12 10:54:27,856 | DEBUG | root | IDMPolicy is released
2025-12-12 10:54:27,857 | DEBUG | root | IDMPolicy is released
2025-12-12 10:54:27,857 | DEBUG | root | IDMPolicy is released
2025-12-12 10:54:27,857 | DEBUG | root | IDMPolicy is released
2025-12-12 10:54:27,857 | DEBUG | root | IDMPolicy is released
2025-12-12 10:54:27,858 | DEBUG | root | IDMPolicy is released
2025-12-12 10:54:27,858 | DEBUG | root | IDMPolicy is released
2025-12-12 10:54:27,858 | DEBUG | root | IDMPolicy is released
2025-12-12 10:54:27,859 | DEBUG | root | IDMPolicy is released
2025-12-12 10:54:27,859 | DEBUG | root | IDMPolicy is released
2025-12-12 10:54:27,859 | DEBUG | root | IDMPolicy is released
2025-12-12 10:54:27,859 | DEBUG | root | IDMPolicy is released
2025-12-12 10:54:27,860 | DEBUG | root | IDMPolicy is released
2025-12-12 10:54:27,860 | DEBUG | root | IDMPolicy is released
2025-12-12 10:54:27,860 | DEBUG | root | IDMPolicy is released
2025-12-12 10:54:27,860 | DEBUG | root | IDMPolicy is released
2025-12-12 10:54:27,861 | DEBUG | root | IDMPolicy is released
2025-12-12 10:54:27,861 | DEBUG | root | IDMPolicy is released
2025-12-12 10:54:27,862 | DEBUG | root | IDMPolicy is released
2025-12-12 10:54:27,862 | DEBUG | root | IDMPolicy is released
2025-12-12 10:54:27,862 | DEBUG | root | IDMPolicy is released
2025-12-12 10:54:27,863 | DEBUG | root | IDMPolicy is released
2025-12-12 10:54:27,863 | DEBUG | root | IDMPolicy is released
2025-12-12 10:54:27,863 | DEBUG | root | IDMPolicy is released
2025-12-12 10:54:27,864 | DEBUG | root | IDMPolicy is released
2025-12-12 10:54:27,864 | DEBUG | root | IDMPolicy is released
2025-12-12 10:54:27,864 | DEBUG | root | IDMPolicy is released
2025-12-12 10:54:27,865 | DEBUG | root | IDMPolicy is released
2025-12-12 10:54:27,865 | DEBUG | root | IDMPolicy is released
2025-12-12 10:54:27,866 | DEBUG | root | IDMPolicy is released
2025-12-12 10:54:27,866 | DEBUG | root | IDMPolicy is released
2025-12-12 10:54:27,867 | DEBUG | root | IDMPolicy is released
2025-12-12 10:54:27,867 | DEBUG | root | IDMPolicy is released
2025-12-12 10:54:27,867 | DEBUG | root | IDMPolicy is released
2025-12-12 10:54:27,868 | DEBUG | root | IDMPolicy is released
2025-12-12 10:54:27,868 | DEBUG | root | IDMPolicy is released
2025-12-12 10:54:27,870 | DEBUG | root | NodeNetworkNavigation is destroyed
2025-12-12 10:54:27,872 | DEBUG | root | NodeNetworkNavigation is destroyed
2025-12-12 10:54:27,872 | DEBUG | root | NodeNetworkNavigation is destroyed
2025-12-12 10:54:27,877 | DEBUG | root | NodeNetworkNavigation is destroyed
2025-12-12 10:54:27,880 | DEBUG | root | NodeNetworkNavigation is destroyed
2025-12-12 10:54:27,882 | DEBUG | root | NodeNetworkNavigation is destroyed
2025-12-12 10:54:27,885 | DEBUG | root | NodeNetworkNavigation is destroyed
2025-12-12 10:54:27,888 | DEBUG | root | NodeNetworkNavigation is destroyed
2025-12-12 10:54:27,891 | DEBUG | root | NodeNetworkNavigation is destroyed
2025-12-12 10:54:27,892 | DEBUG | root | NodeNetworkNavigation is destroyed
2025-12-12 10:54:27,896 | DEBUG | root | NodeNetworkNavigation is destroyed
2025-12-12 10:54:27,899 | DEBUG | root | NodeNetworkNavigation is destroyed
2025-12-12 10:54:27,901 | DEBUG | root | NodeNetworkNavigation is destroyed
2025-12-12 10:54:27,904 | DEBUG | root | NodeNetworkNavigation is destroyed
2025-12-12 10:54:27,907 | DEBUG | root | NodeNetworkNavigation is destroyed
2025-12-12 10:54:27,909 | DEBUG | root | NodeNetworkNavigation is destroyed
2025-12-12 10:54:27,913 | DEBUG | root | NodeNetworkNavigation is destroyed
2025-12-12 10:54:27,916 | DEBUG | root | NodeNetworkNavigation is destroyed
2025-12-12 10:54:27,918 | DEBUG | root | NodeNetworkNavigation is destroyed
2025-12-12 10:54:27,920 | DEBUG | root | NodeNetworkNavigation is destroyed
2025-12-12 10:54:27,922 | DEBUG | root | NodeNetworkNavigation is destroyed
2025-12-12 10:54:27,923 | DEBUG | root | NodeNetworkNavigation is destroyed
2025-12-12 10:54:27,925 | DEBUG | root | NodeNetworkNavigation is destroyed
2025-12-12 10:54:27,926 | DEBUG | root | NodeNetworkNavigation is destroyed
2025-12-12 10:54:27,930 | DEBUG | root | NodeNetworkNavigation is destroyed
2025-12-12 10:54:27,932 | DEBUG | root | NodeNetworkNavigation is destroyed
2025-12-12 10:54:27,934 | DEBUG | root | NodeNetworkNavigation is destroyed
2025-12-12 10:54:27,934 | DEBUG | root | NodeNetworkNavigation is destroyed
2025-12-12 10:54:27,938 | DEBUG | root | NodeNetworkNavigation is destroyed
2025-12-12 10:54:27,940 | DEBUG | root | NodeNetworkNavigation is destroyed
2025-12-12 10:54:27,942 | DEBUG | root | NodeNetworkNavigation is destroyed
2025-12-12 10:54:27,945 | DEBUG | root | NodeNetworkNavigation is destroyed
2025-12-12 10:54:27,948 | DEBUG | root | NodeNetworkNavigation is destroyed
2025-12-12 10:54:27,950 | DEBUG | root | NodeNetworkNavigation is destroyed
2025-12-12 10:54:27,954 | DEBUG | root | NodeNetworkNavigation is destroyed
2025-12-12 10:54:27,958 | DEBUG | root | NodeNetworkNavigation is destroyed
2025-12-12 10:54:27,962 | DEBUG | root | NodeNetworkNavigation is destroyed
2025-12-12 10:54:27,966 | DEBUG | root | NodeNetworkNavigation is destroyed
2025-12-12 10:54:27,969 | DEBUG | root | NodeNetworkNavigation is destroyed
2025-12-12 10:54:27,973 | DEBUG | root | NodeNetworkNavigation is destroyed
2025-12-12 10:54:27,982 | DEBUG | root | NodeNetworkNavigation is destroyed
2025-12-12 10:54:27,983 | DEBUG | root | NodeNetworkNavigation is destroyed
2025-12-12 10:54:27,985 | DEBUG | root | NodeNetworkNavigation is destroyed
2025-12-12 10:54:27,987 | DEBUG | root | NodeNetworkNavigation is destroyed
2025-12-12 10:54:27,989 | DEBUG | root | NodeNetworkNavigation is destroyed
2025-12-12 10:54:27,990 | DEBUG | root | NodeNetworkNavigation is destroyed
2025-12-12 10:54:27,991 | DEBUG | root | NodeNetworkNavigation is destroyed
2025-12-12 10:54:27,993 | DEBUG | root | NodeNetworkNavigation is destroyed
2025-12-12 10:54:27,994 | DEBUG | root | Pedestrian, ID:None is destroyed
2025-12-12 10:54:27,994 | DEBUG | root | BaseTrafficLight, ID:None is destroyed
2025-12-12 10:54:27,994 | DEBUG | root | TrafficBarrier, ID:None is destroyed
2025-12-12 10:54:27,995 | DEBUG | root | TrafficCone, ID:None is destroyed
2025-12-12 10:54:27,995 | DEBUG | root | LVehicle, ID:None is destroyed
2025-12-12 10:54:27,995 | DEBUG | root | LVehicle, ID:None is destroyed
2025-12-12 10:54:27,996 | DEBUG | root | LVehicle, ID:None is destroyed
2025-12-12 10:54:27,996 | DEBUG | root | LVehicle, ID:None is destroyed
2025-12-12 10:54:27,996 | DEBUG | root | LVehicle, ID:None is destroyed
2025-12-12 10:54:27,996 | DEBUG | root | LVehicle, ID:None is destroyed
2025-12-12 10:54:27,996 | DEBUG | root | LVehicle, ID:None is destroyed
2025-12-12 10:54:27,996 | DEBUG | root | LVehicle, ID:None is destroyed
2025-12-12 10:54:27,997 | DEBUG | root | LVehicle, ID:None is destroyed
2025-12-12 10:54:27,997 | DEBUG | root | LVehicle, ID:None is destroyed
2025-12-12 10:54:27,997 | DEBUG | root | LVehicle, ID:None is destroyed
2025-12-12 10:54:27,997 | DEBUG | root | LVehicle, ID:None is destroyed
2025-12-12 10:54:27,997 | DEBUG | root | LVehicle, ID:None is destroyed
2025-12-12 10:54:27,999 | DEBUG | root | LVehicle, ID:None is destroyed
2025-12-12 10:54:27,999 | DEBUG | root | LVehicle, ID:None is destroyed
2025-12-12 10:54:28,000 | DEBUG | root | LVehicle, ID:None is destroyed
2025-12-12 10:54:28,001 | DEBUG | root | LVehicle, ID:None is destroyed
2025-12-12 10:54:28,002 | DEBUG | root | LVehicle, ID:None is destroyed
2025-12-12 10:54:28,002 | DEBUG | root | MVehicle, ID:None is destroyed
2025-12-12 10:54:28,002 | DEBUG | root | MVehicle, ID:None is destroyed
2025-12-12 10:54:28,002 | DEBUG | root | MVehicle, ID:None is destroyed
2025-12-12 10:54:28,002 | DEBUG | root | MVehicle, ID:None is destroyed
2025-12-12 10:54:28,005 | DEBUG | root | MVehicle, ID:None is destroyed
2025-12-12 10:54:28,005 | DEBUG | root | MVehicle, ID:None is destroyed
2025-12-12 10:54:28,005 | DEBUG | root | MVehicle, ID:None is destroyed
2025-12-12 10:54:28,005 | DEBUG | root | MVehicle, ID:None is destroyed
2025-12-12 10:54:28,005 | DEBUG | root | MVehicle, ID:None is destroyed
2025-12-12 10:54:28,005 | DEBUG | root | MVehicle, ID:None is destroyed
2025-12-12 10:54:28,006 | DEBUG | root | MVehicle, ID:None is destroyed
2025-12-12 10:54:28,006 | DEBUG | root | MVehicle, ID:None is destroyed
2025-12-12 10:54:28,006 | DEBUG | root | MVehicle, ID:None is destroyed
2025-12-12 10:54:28,006 | DEBUG | root | MVehicle, ID:None is destroyed
2025-12-12 10:54:28,006 | DEBUG | root | XLVehicle, ID:None is destroyed
2025-12-12 10:54:28,006 | DEBUG | root | XLVehicle, ID:None is destroyed
2025-12-12 10:54:28,006 | DEBUG | root | XLVehicle, ID:None is destroyed
2025-12-12 10:54:28,007 | DEBUG | root | XLVehicle, ID:None is destroyed
2025-12-12 10:54:28,007 | DEBUG | root | XLVehicle, ID:None is destroyed
2025-12-12 10:54:28,007 | DEBUG | root | XLVehicle, ID:None is destroyed
2025-12-12 10:54:28,007 | DEBUG | root | XLVehicle, ID:None is destroyed
2025-12-12 10:54:28,008 | DEBUG | root | XLVehicle, ID:None is destroyed
2025-12-12 10:54:28,008 | DEBUG | root | XLVehicle, ID:None is destroyed
2025-12-12 10:54:28,281 | DEBUG | root | SVehicle, ID:None is destroyed
2025-12-12 10:54:28,281 | DEBUG | root | SVehicle, ID:None is destroyed
2025-12-12 10:54:28,281 | DEBUG | root | SVehicle, ID:None is destroyed
2025-12-12 10:54:28,281 | DEBUG | root | SVehicle, ID:None is destroyed
2025-12-12 10:54:28,281 | DEBUG | root | SVehicle, ID:None is destroyed
2025-12-12 10:54:28,281 | DEBUG | root | SVehicle, ID:None is destroyed
2025-12-12 10:54:28,281 | DEBUG | root | SVehicle, ID:None is destroyed
2025-12-12 10:56:44,343 | DEBUG | matplotlib | matplotlib data path: C:\Users\Pushpak Chakraborty\Desktop\Final Year Project\venv\lib\site-packages\matplotlib\mpl-data
2025-12-12 10:56:44,366 | DEBUG | matplotlib | CONFIGDIR=C:\Users\Pushpak Chakraborty\.matplotlib
2025-12-12 10:56:44,368 | DEBUG | matplotlib | interactive is False
2025-12-12 10:56:44,368 | DEBUG | matplotlib | platform is win32
2025-12-12 10:56:46,503 | DEBUG | matplotlib | CACHEDIR=C:\Users\Pushpak Chakraborty\.matplotlib
2025-12-12 10:56:46,525 | DEBUG | matplotlib.font_manager | Using fontManager instance from C:\Users\Pushpak Chakraborty\.matplotlib\fontlist-v330.json
2025-12-12 10:56:51,648 | DEBUG | root | forward
2025-12-12 10:56:51,697 | DEBUG | root | forward
2025-12-12 10:56:51,725 | DEBUG | root | forward
2025-12-12 10:56:51,777 | DEBUG | root | forward
2025-12-12 10:56:51,860 | DEBUG | root | destruct
2025-12-12 10:56:51,876 | DEBUG | root | sibling
2025-12-12 10:56:51,964 | DEBUG | root | destruct
2025-12-12 10:56:51,964 | DEBUG | root | sibling
2025-12-12 10:56:52,077 | DEBUG | root | forward
2025-12-12 10:56:52,176 | DEBUG | root | forward
2025-12-12 10:56:52,210 | DEBUG | root | forward
2025-12-12 10:56:52,320 | DEBUG | root | forward
2025-12-12 10:56:52,449 | DEBUG | root | destruct
2025-12-12 10:56:52,474 | DEBUG | root | sibling
2025-12-12 10:56:52,600 | DEBUG | root | destruct
2025-12-12 10:56:52,635 | DEBUG | root | sibling
2025-12-12 10:56:52,762 | DEBUG | root | destruct
2025-12-12 10:56:52,783 | DEBUG | root | sibling
2025-12-12 10:56:52,901 | DEBUG | root | destruct
2025-12-12 10:56:52,936 | DEBUG | root | sibling
2025-12-12 10:56:53,088 | DEBUG | root | destruct
2025-12-12 10:56:53,105 | DEBUG | root | back
2025-12-12 10:56:53,134 | DEBUG | root | Roundabout, ID:None is destroyed
2025-12-12 10:56:53,140 | DEBUG | root | sibling
2025-12-12 10:56:53,221 | DEBUG | root | forward
2025-12-12 10:56:53,390 | DEBUG | root | destruct
2025-12-12 10:56:53,411 | DEBUG | root | sibling
2025-12-12 10:56:53,559 | DEBUG | root | destruct
2025-12-12 10:56:53,580 | DEBUG | root | sibling
2025-12-12 10:56:53,701 | DEBUG | root | destruct
2025-12-12 10:56:53,726 | DEBUG | root | sibling
2025-12-12 10:56:53,859 | DEBUG | root | destruct
2025-12-12 10:56:53,893 | DEBUG | root | sibling
2025-12-12 10:56:54,033 | DEBUG | root | destruct
2025-12-12 10:56:54,056 | DEBUG | root | back
2025-12-12 10:56:54,082 | DEBUG | root | Roundabout, ID:None is destroyed
2025-12-12 10:56:54,088 | DEBUG | root | sibling
2025-12-12 10:56:54,180 | DEBUG | root | forward
2025-12-12 10:56:54,322 | DEBUG | root | forward
2025-12-12 10:56:54,442 | DEBUG | root | Destroy Big
2025-12-12 10:56:54,598 | DEBUG | root | Load Vehicle Module: NodeNetworkNavigation
2025-12-12 10:56:54,619 | DEBUG | root | Load Vehicle Module: NodeNetworkNavigation
2025-12-12 10:56:54,631 | DEBUG | root | Load Vehicle Module: NodeNetworkNavigation
2025-12-12 10:56:54,640 | DEBUG | root | Load Vehicle Module: NodeNetworkNavigation
2025-12-12 10:56:54,654 | DEBUG | root | Load Vehicle Module: NodeNetworkNavigation
2025-12-12 10:56:54,667 | DEBUG | root | Load Vehicle Module: NodeNetworkNavigation
2025-12-12 10:56:54,678 | DEBUG | root | Load Vehicle Module: NodeNetworkNavigation
2025-12-12 10:56:54,689 | DEBUG | root | Load Vehicle Module: NodeNetworkNavigation
2025-12-12 10:56:54,691 | DEBUG | root | load scene Use random traffic
2025-12-12 10:56:54,737 | DEBUG | root | Load Vehicle Module: NodeNetworkNavigation
2025-12-12 10:56:54,780 | DEBUG | root | Load Vehicle Module: NodeNetworkNavigation
2025-12-12 10:56:54,798 | DEBUG | root | Load Vehicle Module: NodeNetworkNavigation
2025-12-12 10:56:54,843 | DEBUG | root | Load Vehicle Module: NodeNetworkNavigation
2025-12-12 10:56:54,848 | DEBUG | root | Load Vehicle Module: NodeNetworkNavigation
2025-12-12 10:56:54,859 | DEBUG | root | Load Vehicle Module: NodeNetworkNavigation
2025-12-12 10:56:54,870 | DEBUG | root | Load Vehicle Module: NodeNetworkNavigation
2025-12-12 10:56:54,879 | DEBUG | root | Load Vehicle Module: NodeNetworkNavigation
2025-12-12 10:56:54,940 | DEBUG | root | Load Vehicle Module: NodeNetworkNavigation
2025-12-12 10:56:54,940 | DEBUG | root | Load Vehicle Module: NodeNetworkNavigation
2025-12-12 10:56:54,960 | DEBUG | root | Load Vehicle Module: NodeNetworkNavigation
2025-12-12 10:56:54,968 | DEBUG | root | Load Vehicle Module: NodeNetworkNavigation
2025-12-12 10:56:54,976 | DEBUG | root | Load Vehicle Module: NodeNetworkNavigation
2025-12-12 10:56:54,981 | DEBUG | root | Load Vehicle Module: NodeNetworkNavigation
2025-12-12 10:56:54,995 | DEBUG | root | Load Vehicle Module: NodeNetworkNavigation
2025-12-12 10:56:55,006 | DEBUG | root | Load Vehicle Module: NodeNetworkNavigation
2025-12-12 10:56:55,016 | DEBUG | root | Load Vehicle Module: NodeNetworkNavigation
2025-12-12 10:56:55,025 | DEBUG | root | Load Vehicle Module: NodeNetworkNavigation
2025-12-12 10:56:55,030 | DEBUG | root | Load Vehicle Module: NodeNetworkNavigation
2025-12-12 10:56:55,043 | DEBUG | root | Load Vehicle Module: NodeNetworkNavigation
2025-12-12 10:56:55,052 | DEBUG | root | Load Vehicle Module: NodeNetworkNavigation
2025-12-12 10:56:55,057 | DEBUG | root | Load Vehicle Module: NodeNetworkNavigation
2025-12-12 10:56:55,072 | DEBUG | root | Load Vehicle Module: NodeNetworkNavigation
2025-12-12 10:56:55,078 | DEBUG | root | Load Vehicle Module: NodeNetworkNavigation
2025-12-12 10:56:55,089 | DEBUG | root | Load Vehicle Module: NodeNetworkNavigation
2025-12-12 10:56:55,098 | DEBUG | root | Load Vehicle Module: NodeNetworkNavigation
2025-12-12 10:56:55,107 | DEBUG | root | Load Vehicle Module: NodeNetworkNavigation
2025-12-12 10:56:55,112 | DEBUG | root | Load Vehicle Module: NodeNetworkNavigation
2025-12-12 10:56:55,123 | DEBUG | root | Load Vehicle Module: NodeNetworkNavigation
2025-12-12 10:56:55,134 | DEBUG | root | Load Vehicle Module: NodeNetworkNavigation
2025-12-12 10:56:55,140 | DEBUG | root | Load Vehicle Module: NodeNetworkNavigation
2025-12-12 10:56:55,151 | DEBUG | root | Load Vehicle Module: NodeNetworkNavigation
2025-12-12 10:56:55,161 | DEBUG | root | Load Vehicle Module: NodeNetworkNavigation
2025-12-12 10:56:55,172 | DEBUG | root | Load Vehicle Module: NodeNetworkNavigation
2025-12-12 10:56:55,182 | DEBUG | root | Load Vehicle Module: NodeNetworkNavigation
2025-12-12 10:56:55,192 | DEBUG | root | Load Vehicle Module: NodeNetworkNavigation
2025-12-12 10:56:55,202 | DEBUG | root | Load Vehicle Module: NodeNetworkNavigation
2025-12-12 10:56:55,212 | DEBUG | root | Load Vehicle Module: NodeNetworkNavigation
2025-12-12 10:56:55,221 | DEBUG | root | Load Vehicle Module: NodeNetworkNavigation
2025-12-12 10:56:55,230 | DEBUG | root | Load Vehicle Module: NodeNetworkNavigation
2025-12-12 10:56:55,237 | DEBUG | root | Load Vehicle Module: NodeNetworkNavigation
2025-12-12 10:56:55,246 | DEBUG | root | Load Vehicle Module: NodeNetworkNavigation
2025-12-12 10:57:03,076 | DEBUG | root | EnvInputPolicy is released
2025-12-12 10:57:03,076 | DEBUG | root | EnvInputPolicy is released
2025-12-12 10:57:03,076 | DEBUG | root | EnvInputPolicy is released
2025-12-12 10:57:10,814 | DEBUG | root | EnvInputPolicy is released
2025-12-12 10:57:11,163 | DEBUG | root | EnvInputPolicy is released
2025-12-12 10:57:12,149 | DEBUG | root | EnvInputPolicy is released
2025-12-12 10:57:12,455 | DEBUG | root | EnvInputPolicy is released
2025-12-12 10:57:12,607 | DEBUG | root | EnvInputPolicy is released
2025-12-12 10:57:19,235 | DEBUG | root | EnvInputPolicy is released
2025-12-12 10:57:20,396 | DEBUG | root | IDMPolicy is released
2025-12-12 10:57:22,727 | DEBUG | root | EnvInputPolicy is released
2025-12-12 10:57:25,075 | DEBUG | root | IDMPolicy is released
2025-12-12 10:57:26,526 | DEBUG | root | IDMPolicy is released
2025-12-12 10:57:27,062 | DEBUG | root | IDMPolicy is released
2025-12-12 10:57:28,470 | DEBUG | root | EnvInputPolicy is released
2025-12-12 10:57:31,609 | DEBUG | root | EnvInputPolicy is released
2025-12-12 10:57:32,562 | DEBUG | root | IDMPolicy is released
2025-12-12 10:57:33,683 | DEBUG | root | IDMPolicy is released
2025-12-12 10:57:35,076 | DEBUG | root | EnvInputPolicy is released
2025-12-12 10:57:37,252 | DEBUG | root | EnvInputPolicy is released
2025-12-12 10:57:39,498 | DEBUG | root | EnvInputPolicy is released
2025-12-12 10:57:40,864 | DEBUG | root | EnvInputPolicy is released
2025-12-12 10:57:42,836 | DEBUG | root | EnvInputPolicy is released
2025-12-12 10:57:44,346 | DEBUG | root | IDMPolicy is released
2025-12-12 10:57:45,320 | DEBUG | root | EnvInputPolicy is released
2025-12-12 10:57:51,320 | DEBUG | root | EnvInputPolicy is released
2025-12-12 10:57:52,054 | DEBUG | root | IDMPolicy is released
2025-12-12 10:57:53,123 | DEBUG | root | IDMPolicy is released
2025-12-12 10:57:53,762 | DEBUG | root | EnvInputPolicy is released
2025-12-12 10:57:54,184 | DEBUG | root | IDMPolicy is released
2025-12-12 10:57:55,746 | DEBUG | root | EnvInputPolicy is released
2025-12-12 10:57:57,746 | DEBUG | root | EnvInputPolicy is released
2025-12-12 10:57:58,504 | DEBUG | root | IDMPolicy is released
2025-12-12 10:58:01,577 | DEBUG | root | EnvInputPolicy is released
2025-12-12 10:58:03,251 | DEBUG | root | EnvInputPolicy is released
2025-12-12 10:58:03,580 | DEBUG | root | EnvInputPolicy is released
2025-12-12 10:58:06,563 | DEBUG | root | IDMPolicy is released
2025-12-12 10:58:08,110 | DEBUG | root | EnvInputPolicy is released
2025-12-12 10:58:13,535 | DEBUG | root | IDMPolicy is released
2025-12-12 10:58:13,736 | DEBUG | root | EnvInputPolicy is released
2025-12-12 10:58:16,387 | DEBUG | root | EnvInputPolicy is released
2025-12-12 10:58:19,756 | DEBUG | root | EnvInputPolicy is released
2025-12-12 10:58:21,084 | DEBUG | root | IDMPolicy is released
2025-12-12 10:58:21,464 | DEBUG | root | EnvInputPolicy is released
2025-12-12 10:58:21,622 | DEBUG | root | IDMPolicy is released
2025-12-12 10:58:25,898 | DEBUG | root | EnvInputPolicy is released
2025-12-12 10:58:26,410 | DEBUG | root | EnvInputPolicy is released
2025-12-12 10:58:27,627 | DEBUG | root | EnvInputPolicy is released
2025-12-12 10:58:29,125 | DEBUG | root | IDMPolicy is released
2025-12-12 10:58:32,380 | DEBUG | root | EnvInputPolicy is released
2025-12-12 10:58:33,421 | DEBUG | root | IDMPolicy is released
2025-12-12 10:58:36,459 | DEBUG | root | IDMPolicy is released
2025-12-12 10:58:38,344 | DEBUG | root | EnvInputPolicy is released
2025-12-12 10:58:38,850 | DEBUG | root | EnvInputPolicy is released
2025-12-12 10:58:41,210 | DEBUG | root | EnvInputPolicy is released
2025-12-12 10:58:44,977 | DEBUG | root | EnvInputPolicy is released
2025-12-12 10:58:45,984 | DEBUG | root | IDMPolicy is released
2025-12-12 10:58:47,175 | DEBUG | root | IDMPolicy is released
2025-12-12 10:58:47,199 | DEBUG | root | EnvInputPolicy is released
2025-12-12 10:58:51,050 | DEBUG | root | EnvInputPolicy is released
2025-12-12 10:58:53,334 | DEBUG | root | EnvInputPolicy is released
2025-12-12 10:58:53,674 | DEBUG | root | IDMPolicy is released
2025-12-12 10:58:54,802 | DEBUG | root | IDMPolicy is released
2025-12-12 10:58:57,951 | DEBUG | root | EnvInputPolicy is released
2025-12-12 10:59:01,670 | DEBUG | root | IDMPolicy is released
2025-12-12 10:59:02,171 | DEBUG | root | IDMPolicy is released
2025-12-12 10:59:02,860 | DEBUG | root | EnvInputPolicy is released
2025-12-12 10:59:02,860 | DEBUG | root | EnvInputPolicy is released
2025-12-12 10:59:04,199 | DEBUG | root | EnvInputPolicy is released
2025-12-12 10:59:05,012 | DEBUG | root | EnvInputPolicy is released
2025-12-12 10:59:06,749 | DEBUG | root | EnvInputPolicy is released
2025-12-12 10:59:08,206 | DEBUG | root | IDMPolicy is released
2025-12-12 10:59:09,852 | DEBUG | root | EnvInputPolicy is released
2025-12-12 10:59:12,176 | DEBUG | root | IDMPolicy is released
2025-12-12 10:59:12,760 | DEBUG | root | IDMPolicy is released
2025-12-12 10:59:17,155 | DEBUG | root | EnvInputPolicy is released
2025-12-12 10:59:18,694 | DEBUG | root | IDMPolicy is released
2025-12-12 10:59:19,368 | DEBUG | root | IDMPolicy is released
2025-12-12 10:59:22,125 | DEBUG | root | EnvInputPolicy is released
2025-12-12 10:59:24,334 | DEBUG | root | IDMPolicy is released
2025-12-12 10:59:27,202 | DEBUG | root | EnvInputPolicy is released
2025-12-12 10:59:27,559 | DEBUG | root | EnvInputPolicy is released
2025-12-12 10:59:27,731 | DEBUG | root | EnvInputPolicy is released
2025-12-12 10:59:30,922 | DEBUG | root | IDMPolicy is released
2025-12-12 10:59:31,304 | DEBUG | root | IDMPolicy is released
2025-12-12 10:59:32,087 | DEBUG | root | EnvInputPolicy is released
2025-12-12 10:59:32,458 | DEBUG | root | EnvInputPolicy is released
2025-12-12 10:59:34,149 | DEBUG | root | EnvInputPolicy is released
2025-12-12 10:59:37,190 | DEBUG | root | IDMPolicy is released
2025-12-12 10:59:38,028 | DEBUG | root | IDMPolicy is released
2025-12-12 10:59:38,922 | DEBUG | root | IDMPolicy is released
2025-12-12 10:59:43,820 | DEBUG | root | EnvInputPolicy is released
2025-12-12 10:59:46,510 | DEBUG | root | IDMPolicy is released
2025-12-12 10:59:49,699 | DEBUG | root | EnvInputPolicy is released
2025-12-12 10:59:50,792 | DEBUG | root | IDMPolicy is released
2025-12-12 10:59:52,693 | DEBUG | root | IDMPolicy is released
2025-12-12 10:59:53,720 | DEBUG | root | EnvInputPolicy is released
2025-12-12 10:59:55,304 | DEBUG | root | EnvInputPolicy is released
2025-12-12 10:59:55,519 | DEBUG | root | EnvInputPolicy is released
2025-12-12 10:59:58,671 | DEBUG | root | IDMPolicy is released
2025-12-12 11:00:00,009 | DEBUG | root | EnvInputPolicy is released
2025-12-12 11:00:01,103 | DEBUG | root | IDMPolicy is released
2025-12-12 11:00:02,259 | DEBUG | root | EnvInputPolicy is released
2025-12-12 11:00:03,532 | DEBUG | root | IDMPolicy is released
2025-12-12 11:00:03,833 | DEBUG | root | EnvInputPolicy is released
2025-12-12 11:00:04,081 | DEBUG | root | IDMPolicy is released
2025-12-12 11:00:08,405 | DEBUG | root | IDMPolicy is released
2025-12-12 11:00:10,362 | DEBUG | root | EnvInputPolicy is released
2025-12-12 11:00:13,870 | DEBUG | root | IDMPolicy is released
2025-12-12 11:00:14,687 | DEBUG | root | EnvInputPolicy is released
2025-12-12 11:00:16,214 | DEBUG | root | IDMPolicy is released
2025-12-12 11:00:16,915 | DEBUG | root | IDMPolicy is released
2025-12-12 11:00:16,947 | DEBUG | root | EnvInputPolicy is released
2025-12-12 11:00:18,110 | DEBUG | root | IDMPolicy is released
2025-12-12 11:00:22,915 | DEBUG | root | EnvInputPolicy is released
2025-12-12 11:00:23,297 | DEBUG | root | EnvInputPolicy is released
2025-12-12 11:00:25,398 | DEBUG | root | IDMPolicy is released
2025-12-12 11:00:28,596 | DEBUG | root | IDMPolicy is released
2025-12-12 11:00:29,615 | DEBUG | root | EnvInputPolicy is released
2025-12-12 11:00:33,070 | DEBUG | root | IDMPolicy is released
2025-12-12 11:00:34,690 | DEBUG | root | EnvInputPolicy is released
2025-12-12 11:00:35,377 | DEBUG | root | EnvInputPolicy is released
2025-12-12 11:00:39,023 | DEBUG | root | IDMPolicy is released
2025-12-12 11:00:42,635 | DEBUG | root | EnvInputPolicy is released
2025-12-12 11:00:42,905 | DEBUG | root | EnvInputPolicy is released
2025-12-12 11:00:47,673 | DEBUG | root | EnvInputPolicy is released
2025-12-12 11:00:48,263 | DEBUG | root | IDMPolicy is released
2025-12-12 11:00:49,027 | DEBUG | root | IDMPolicy is released
2025-12-12 11:00:52,741 | DEBUG | root | IDMPolicy is released
2025-12-12 11:00:53,439 | DEBUG | root | EnvInputPolicy is released
2025-12-12 11:00:55,622 | DEBUG | root | EnvInputPolicy is released
2025-12-12 11:00:59,478 | DEBUG | root | IDMPolicy is released
2025-12-12 11:01:02,408 | DEBUG | root | EnvInputPolicy is released
2025-12-12 11:01:03,999 | DEBUG | root | IDMPolicy is released
2025-12-12 11:01:05,686 | DEBUG | root | EnvInputPolicy is released
2025-12-12 11:01:06,623 | DEBUG | root | EnvInputPolicy is released
2025-12-12 11:01:10,741 | DEBUG | root | IDMPolicy is released
2025-12-12 11:01:14,679 | DEBUG | root | EnvInputPolicy is released
2025-12-12 11:01:15,095 | DEBUG | root | IDMPolicy is released
2025-12-12 11:01:15,351 | DEBUG | root | EnvInputPolicy is released
2025-12-12 11:01:20,940 | DEBUG | root | EnvInputPolicy is released
2025-12-12 11:01:23,998 | DEBUG | root | IDMPolicy is released
2025-12-12 11:01:25,064 | DEBUG | root | EnvInputPolicy is released
2025-12-12 11:01:25,637 | DEBUG | root | IDMPolicy is released
2025-12-12 11:01:28,008 | DEBUG | root | EnvInputPolicy is released
2025-12-12 11:01:31,872 | DEBUG | root | IDMPolicy is released
2025-12-12 11:01:33,881 | DEBUG | root | EnvInputPolicy is released
2025-12-12 11:01:37,161 | DEBUG | root | EnvInputPolicy is released
2025-12-12 11:01:37,971 | DEBUG | root | EnvInputPolicy is released
2025-12-12 11:01:44,481 | DEBUG | root | IDMPolicy is released
2025-12-12 11:01:46,059 | DEBUG | root | EnvInputPolicy is released
2025-12-12 11:01:46,874 | DEBUG | root | IDMPolicy is released
2025-12-12 11:01:48,197 | DEBUG | root | EnvInputPolicy is released
2025-12-12 11:01:51,859 | DEBUG | root | IDMPolicy is released
2025-12-12 11:01:51,891 | DEBUG | root | EnvInputPolicy is released
2025-12-12 11:01:52,846 | DEBUG | root | IDMPolicy is released
2025-12-12 11:01:57,815 | DEBUG | root | EnvInputPolicy is released
2025-12-12 11:01:58,069 | DEBUG | root | EnvInputPolicy is released
2025-12-12 11:02:00,205 | DEBUG | root | EnvInputPolicy is released
2025-12-12 11:02:02,735 | DEBUG | root | IDMPolicy is released
2025-12-12 11:02:05,987 | DEBUG | root | IDMPolicy is released
2025-12-12 11:02:07,368 | DEBUG | root | EnvInputPolicy is released
2025-12-12 11:02:11,014 | DEBUG | root | EnvInputPolicy is released
2025-12-12 11:02:11,997 | DEBUG | root | EnvInputPolicy is released
2025-12-12 11:02:12,525 | DEBUG | root | IDMPolicy is released
2025-12-12 11:02:14,734 | DEBUG | root | IDMPolicy is released
2025-12-12 11:02:15,228 | DEBUG | root | IDMPolicy is released
2025-12-12 11:02:21,061 | DEBUG | root | EnvInputPolicy is released
2025-12-12 11:02:22,032 | DEBUG | root | IDMPolicy is released
2025-12-12 11:02:22,541 | DEBUG | root | EnvInputPolicy is released
2025-12-12 11:02:23,240 | DEBUG | root | IDMPolicy is released
2025-12-12 11:02:23,719 | DEBUG | root | EnvInputPolicy is released
2025-12-12 11:02:25,345 | DEBUG | root | IDMPolicy is released
2025-12-12 11:02:26,918 | DEBUG | root | IDMPolicy is released
2025-12-12 11:02:28,047 | DEBUG | root | EnvInputPolicy is released
2025-12-12 11:02:30,437 | DEBUG | root | EnvInputPolicy is released
2025-12-12 11:02:30,835 | DEBUG | root | EnvInputPolicy is released
2025-12-12 11:02:31,903 | DEBUG | root | IDMPolicy is released
2025-12-12 11:02:34,267 | DEBUG | root | EnvInputPolicy is released
2025-12-12 11:02:34,810 | DEBUG | root | IDMPolicy is released
2025-12-12 11:02:36,371 | DEBUG | root | EnvInputPolicy is released
2025-12-12 11:02:43,393 | DEBUG | root | IDMPolicy is released
2025-12-12 11:02:44,273 | DEBUG | root | EnvInputPolicy is released
2025-12-12 11:02:45,864 | DEBUG | root | IDMPolicy is released
2025-12-12 11:02:53,557 | DEBUG | root | EnvInputPolicy is released
2025-12-12 11:02:54,202 | DEBUG | root | EnvInputPolicy is released
2025-12-12 11:02:54,809 | DEBUG | root | IDMPolicy is released
2025-12-12 11:02:56,608 | DEBUG | root | IDMPolicy is released
2025-12-12 11:03:01,344 | DEBUG | root | EnvInputPolicy is released
2025-12-12 11:03:03,049 | DEBUG | root | EnvInputPolicy is released
2025-12-12 11:03:05,217 | DEBUG | root | EnvInputPolicy is released
2025-12-12 11:03:06,186 | DEBUG | root | IDMPolicy is released
2025-12-12 11:03:07,712 | DEBUG | root | EnvInputPolicy is released
2025-12-12 11:03:09,439 | DEBUG | root | EnvInputPolicy is released
2025-12-12 11:03:13,272 | DEBUG | root | IDMPolicy is released
2025-12-12 11:03:16,624 | DEBUG | root | EnvInputPolicy is released
2025-12-12 11:03:24,137 | DEBUG | root | IDMPolicy is released
2025-12-12 11:03:24,376 | DEBUG | root | EnvInputPolicy is released
2025-12-12 11:03:25,824 | DEBUG | root | EnvInputPolicy is released
2025-12-12 11:03:32,610 | DEBUG | root | EnvInputPolicy is released
2025-12-12 11:03:33,231 | DEBUG | root | EnvInputPolicy is released
2025-12-12 11:03:34,458 | DEBUG | root | IDMPolicy is released
2025-12-12 11:03:36,593 | DEBUG | root | EnvInputPolicy is released
2025-12-12 11:03:38,630 | DEBUG | root | EnvInputPolicy is released
2025-12-12 11:03:38,852 | DEBUG | root | EnvInputPolicy is released
2025-12-12 11:03:43,224 | DEBUG | root | IDMPolicy is released
2025-12-12 11:03:46,573 | DEBUG | root | EnvInputPolicy is released
2025-12-12 11:03:53,470 | DEBUG | root | IDMPolicy is released
2025-12-12 11:03:53,981 | DEBUG | root | EnvInputPolicy is released
2025-12-12 11:03:56,720 | DEBUG | root | EnvInputPolicy is released
2025-12-12 11:03:59,501 | DEBUG | root | IDMPolicy is released
2025-12-12 11:04:02,350 | DEBUG | root | IDMPolicy is released
2025-12-12 11:04:02,621 | DEBUG | root | EnvInputPolicy is released
2025-12-12 11:04:04,164 | DEBUG | root | EnvInputPolicy is released
2025-12-12 11:04:04,514 | DEBUG | root | IDMPolicy is released
2025-12-12 11:04:07,752 | DEBUG | root | EnvInputPolicy is released
2025-12-12 11:04:08,357 | DEBUG | root | EnvInputPolicy is released
2025-12-12 11:04:08,817 | DEBUG | root | EnvInputPolicy is released
2025-12-12 11:04:10,070 | DEBUG | root | IDMPolicy is released
2025-12-12 11:04:14,149 | DEBUG | root | IDMPolicy is released
2025-12-12 11:04:15,634 | DEBUG | root | IDMPolicy is released
2025-12-12 11:04:17,440 | DEBUG | root | EnvInputPolicy is released
2025-12-12 11:04:22,294 | DEBUG | root | IDMPolicy is released
2025-12-12 11:04:22,551 | DEBUG | root | EnvInputPolicy is released
2025-12-12 11:04:24,889 | DEBUG | root | IDMPolicy is released
2025-12-12 11:04:26,386 | DEBUG | root | EnvInputPolicy is released
2025-12-12 11:04:32,805 | DEBUG | root | EnvInputPolicy is released
2025-12-12 11:04:33,519 | DEBUG | root | EnvInputPolicy is released
2025-12-12 11:04:34,535 | DEBUG | root | IDMPolicy is released
2025-12-12 11:04:36,132 | DEBUG | root | EnvInputPolicy is released
2025-12-12 11:04:38,092 | DEBUG | root | EnvInputPolicy is released
2025-12-12 11:04:38,603 | DEBUG | root | EnvInputPolicy is released
2025-12-12 11:04:38,762 | DEBUG | root | IDMPolicy is released
2025-12-12 11:04:41,858 | DEBUG | root | IDMPolicy is released
2025-12-12 11:04:45,142 | DEBUG | root | IDMPolicy is released
2025-12-12 11:04:46,849 | DEBUG | root | EnvInputPolicy is released
2025-12-12 11:04:50,926 | DEBUG | root | IDMPolicy is released
2025-12-12 11:04:53,226 | DEBUG | root | EnvInputPolicy is released
2025-12-12 11:05:00,173 | DEBUG | root | IDMPolicy is released
2025-12-12 11:05:01,245 | DEBUG | root | EnvInputPolicy is released
2025-12-12 11:05:05,386 | DEBUG | root | IDMPolicy is released
2025-12-12 11:05:09,460 | DEBUG | root | EnvInputPolicy is released
2025-12-12 11:05:13,140 | DEBUG | root | EnvInputPolicy is released
2025-12-12 11:05:16,600 | DEBUG | root | EnvInputPolicy is released
2025-12-12 11:05:17,252 | DEBUG | root | IDMPolicy is released
2025-12-12 11:05:18,936 | DEBUG | root | EnvInputPolicy is released
2025-12-12 11:05:20,795 | DEBUG | root | IDMPolicy is released
2025-12-12 11:05:22,379 | DEBUG | root | EnvInputPolicy is released
2025-12-12 11:05:32,410 | DEBUG | root | IDMPolicy is released
2025-12-12 11:05:33,463 | DEBUG | root | IDMPolicy is released
2025-12-12 11:05:35,284 | DEBUG | root | EnvInputPolicy is released
2025-12-12 11:05:37,585 | DEBUG | root | IDMPolicy is released
2025-12-12 11:05:40,243 | DEBUG | root | EnvInputPolicy is released
2025-12-12 11:05:47,574 | DEBUG | root | IDMPolicy is released
2025-12-12 11:05:48,684 | DEBUG | root | EnvInputPolicy is released
2025-12-12 11:05:49,692 | DEBUG | root | IDMPolicy is released
2025-12-12 11:05:49,697 | DEBUG | root | IDMPolicy is released
2025-12-12 11:05:54,614 | DEBUG | root | EnvInputPolicy is released
2025-12-12 11:05:55,914 | DEBUG | root | EnvInputPolicy is released
2025-12-12 11:05:59,867 | DEBUG | root | IDMPolicy is released
2025-12-12 11:05:59,896 | DEBUG | root | EnvInputPolicy is released
2025-12-12 11:06:01,821 | DEBUG | root | EnvInputPolicy is released
2025-12-12 11:06:02,508 | DEBUG | root | IDMPolicy is released
2025-12-12 11:06:03,604 | DEBUG | root | IDMPolicy is released
2025-12-12 11:06:03,636 | DEBUG | root | EnvInputPolicy is released
2025-12-12 11:06:03,968 | DEBUG | root | IDMPolicy is released
2025-12-12 11:06:04,012 | DEBUG | root | EnvInputPolicy is released
2025-12-12 11:06:08,016 | DEBUG | root | IDMPolicy is released
2025-12-12 11:06:09,478 | DEBUG | root | EnvInputPolicy is released
2025-12-12 11:06:17,638 | DEBUG | root | IDMPolicy is released
2025-12-12 11:06:17,985 | DEBUG | root | IDMPolicy is released
2025-12-12 11:06:20,282 | DEBUG | root | IDMPolicy is released
2025-12-12 11:06:27,285 | DEBUG | root | EnvInputPolicy is released
2025-12-12 11:06:27,572 | DEBUG | root | EnvInputPolicy is released
2025-12-12 11:06:28,135 | DEBUG | root | IDMPolicy is released
2025-12-12 11:06:29,015 | DEBUG | root | IDMPolicy is released
2025-12-12 11:06:29,822 | DEBUG | root | IDMPolicy is released
2025-12-12 11:06:29,825 | DEBUG | root | IDMPolicy is released
2025-12-12 11:06:33,296 | DEBUG | root | IDMPolicy is released
2025-12-12 11:06:33,595 | DEBUG | root | EnvInputPolicy is released
2025-12-12 11:06:34,123 | DEBUG | root | EnvInputPolicy is released
2025-12-12 11:06:38,454 | DEBUG | root | IDMPolicy is released
2025-12-12 11:06:43,467 | DEBUG | root | EnvInputPolicy is released
2025-12-12 11:06:43,815 | DEBUG | root | EnvInputPolicy is released
2025-12-12 11:06:46,868 | DEBUG | root | IDMPolicy is released
2025-12-12 11:06:47,280 | DEBUG | root | EnvInputPolicy is released
2025-12-12 11:06:49,845 | DEBUG | root | EnvInputPolicy is released
2025-12-12 11:06:51,202 | DEBUG | root | EnvInputPolicy is released
2025-12-12 11:06:52,946 | DEBUG | root | IDMPolicy is released
2025-12-12 11:06:55,795 | DEBUG | root | EnvInputPolicy is released
2025-12-12 11:06:58,106 | DEBUG | root | EnvInputPolicy is released
2025-12-12 11:07:02,395 | DEBUG | root | IDMPolicy is released
2025-12-12 11:07:04,881 | DEBUG | root | EnvInputPolicy is released
2025-12-12 11:07:05,178 | DEBUG | root | IDMPolicy is released
2025-12-12 11:07:06,600 | DEBUG | root | EnvInputPolicy is released
2025-12-12 11:07:09,670 | DEBUG | root | IDMPolicy is released
2025-12-12 11:07:10,818 | DEBUG | root | EnvInputPolicy is released
2025-12-12 11:07:12,519 | DEBUG | root | EnvInputPolicy is released
2025-12-12 11:07:18,728 | DEBUG | root | EnvInputPolicy is released
2025-12-12 11:07:19,059 | DEBUG | root | IDMPolicy is released
2025-12-12 11:07:19,065 | DEBUG | root | IDMPolicy is released
2025-12-12 11:07:20,445 | DEBUG | root | EnvInputPolicy is released
2025-12-12 11:07:20,775 | DEBUG | root | EnvInputPolicy is released
2025-12-12 11:07:24,327 | DEBUG | root | EnvInputPolicy is released
2025-12-12 11:07:27,420 | DEBUG | root | IDMPolicy is released
2025-12-12 11:07:31,781 | DEBUG | root | IDMPolicy is released
2025-12-12 11:07:32,870 | DEBUG | root | IDMPolicy is released
2025-12-12 11:07:33,812 | DEBUG | root | EnvInputPolicy is released
2025-12-12 11:07:42,059 | DEBUG | root | IDMPolicy is released
2025-12-12 11:07:42,469 | DEBUG | root | EnvInputPolicy is released
2025-12-12 11:07:42,875 | DEBUG | root | EnvInputPolicy is released
2025-12-12 11:07:48,759 | DEBUG | root | EnvInputPolicy is released
2025-12-12 11:07:50,005 | DEBUG | root | EnvInputPolicy is released
2025-12-12 11:07:52,029 | DEBUG | root | IDMPolicy is released
2025-12-12 11:07:52,639 | DEBUG | root | EnvInputPolicy is released
2025-12-12 11:07:54,349 | DEBUG | root | IDMPolicy is released
2025-12-12 11:07:56,245 | DEBUG | root | EnvInputPolicy is released
2025-12-12 11:08:00,685 | DEBUG | root | IDMPolicy is released
2025-12-12 11:08:03,060 | DEBUG | root | IDMPolicy is released
2025-12-12 11:08:03,089 | DEBUG | root | EnvInputPolicy is released
2025-12-12 11:08:05,860 | DEBUG | root | IDMPolicy is released
2025-12-12 11:08:08,379 | DEBUG | root | EnvInputPolicy is released
2025-12-12 11:08:12,913 | DEBUG | root | EnvInputPolicy is released
2025-12-12 11:08:15,095 | DEBUG | root | EnvInputPolicy is released
2025-12-12 11:08:16,397 | DEBUG | root | EnvInputPolicy is released
2025-12-12 11:08:16,614 | DEBUG | root | IDMPolicy is released
2025-12-12 11:08:18,470 | DEBUG | root | IDMPolicy is released
2025-12-12 11:08:20,828 | DEBUG | root | EnvInputPolicy is released
2025-12-12 11:08:23,188 | DEBUG | root | EnvInputPolicy is released
2025-12-12 11:08:27,758 | DEBUG | root | IDMPolicy is released
2025-12-12 11:08:28,400 | DEBUG | root | IDMPolicy is released
2025-12-12 11:08:29,931 | DEBUG | root | EnvInputPolicy is released
2025-12-12 11:08:30,224 | DEBUG | root | EnvInputPolicy is released
2025-12-12 11:08:33,940 | DEBUG | root | IDMPolicy is released
2025-12-12 11:08:40,203 | DEBUG | root | IDMPolicy is released
2025-12-12 11:08:40,224 | DEBUG | root | EnvInputPolicy is released
2025-12-12 11:08:41,318 | DEBUG | root | EnvInputPolicy is released
2025-12-12 11:08:41,318 | DEBUG | root | EnvInputPolicy is released
2025-12-12 11:08:41,318 | DEBUG | root | EnvInputPolicy is released
2025-12-12 11:08:41,318 | DEBUG | root | IDMPolicy is released
2025-12-12 11:08:41,318 | DEBUG | root | IDMPolicy is released
2025-12-12 11:08:41,318 | DEBUG | root | IDMPolicy is released
2025-12-12 11:08:41,318 | DEBUG | root | IDMPolicy is released
2025-12-12 11:08:41,323 | DEBUG | root | IDMPolicy is released
2025-12-12 11:08:41,323 | DEBUG | root | IDMPolicy is released
2025-12-12 11:08:41,323 | DEBUG | root | IDMPolicy is released
2025-12-12 11:08:41,323 | DEBUG | root | IDMPolicy is released
2025-12-12 11:08:41,323 | DEBUG | root | IDMPolicy is released
2025-12-12 11:08:41,323 | DEBUG | root | IDMPolicy is released
2025-12-12 11:08:41,327 | DEBUG | root | IDMPolicy is released
2025-12-12 11:08:41,327 | DEBUG | root | IDMPolicy is released
2025-12-12 11:08:41,327 | DEBUG | root | IDMPolicy is released
2025-12-12 11:08:41,327 | DEBUG | root | IDMPolicy is released
2025-12-12 11:08:41,327 | DEBUG | root | IDMPolicy is released
2025-12-12 11:08:41,329 | DEBUG | root | IDMPolicy is released
2025-12-12 11:08:41,329 | DEBUG | root | IDMPolicy is released
2025-12-12 11:08:41,329 | DEBUG | root | IDMPolicy is released
2025-12-12 11:08:41,329 | DEBUG | root | IDMPolicy is released
2025-12-12 11:08:41,329 | DEBUG | root | IDMPolicy is released
2025-12-12 11:08:41,329 | DEBUG | root | IDMPolicy is released
2025-12-12 11:08:41,329 | DEBUG | root | IDMPolicy is released
2025-12-12 11:08:41,329 | DEBUG | root | IDMPolicy is released
2025-12-12 11:08:41,329 | DEBUG | root | IDMPolicy is released
2025-12-12 11:08:41,329 | DEBUG | root | IDMPolicy is released
2025-12-12 11:08:41,329 | DEBUG | root | IDMPolicy is released
2025-12-12 11:08:41,329 | DEBUG | root | IDMPolicy is released
2025-12-12 11:08:41,329 | DEBUG | root | IDMPolicy is released
2025-12-12 11:08:41,334 | DEBUG | root | IDMPolicy is released
2025-12-12 11:08:41,334 | DEBUG | root | IDMPolicy is released
2025-12-12 11:08:41,334 | DEBUG | root | IDMPolicy is released
2025-12-12 11:08:41,334 | DEBUG | root | IDMPolicy is released
2025-12-12 11:08:41,334 | DEBUG | root | IDMPolicy is released
2025-12-12 11:08:41,334 | DEBUG | root | IDMPolicy is released
2025-12-12 11:08:41,334 | DEBUG | root | IDMPolicy is released
2025-12-12 11:08:41,334 | DEBUG | root | IDMPolicy is released
2025-12-12 11:08:41,334 | DEBUG | root | IDMPolicy is released
2025-12-12 11:08:41,334 | DEBUG | root | IDMPolicy is released
2025-12-12 11:08:41,334 | DEBUG | root | IDMPolicy is released
2025-12-12 11:08:41,334 | DEBUG | root | IDMPolicy is released
2025-12-12 11:08:41,339 | DEBUG | root | IDMPolicy is released
2025-12-12 11:08:41,340 | DEBUG | root | IDMPolicy is released
2025-12-12 11:08:41,360 | DEBUG | root | forward
2025-12-12 11:08:41,429 | DEBUG | root | forward
2025-12-12 11:08:41,476 | DEBUG | root | forward
2025-12-12 11:08:41,577 | DEBUG | root | forward
2025-12-12 11:08:41,718 | DEBUG | root | forward
2025-12-12 11:08:41,927 | DEBUG | root | forward
2025-12-12 11:08:41,969 | DEBUG | root | forward
2025-12-12 11:08:42,173 | DEBUG | root | destruct
2025-12-12 11:08:42,183 | DEBUG | root | sibling
2025-12-12 11:08:42,292 | DEBUG | root | destruct
2025-12-12 11:08:42,297 | DEBUG | root | sibling
2025-12-12 11:08:42,515 | DEBUG | root | destruct
2025-12-12 11:08:42,525 | DEBUG | root | sibling
2025-12-12 11:08:42,763 | DEBUG | root | destruct
2025-12-12 11:08:42,773 | DEBUG | root | sibling
2025-12-12 11:08:43,006 | DEBUG | root | destruct
2025-12-12 11:08:43,017 | DEBUG | root | back
2025-12-12 11:08:43,027 | DEBUG | root | StdTInterSection, ID:None is destroyed
2025-12-12 11:08:43,037 | DEBUG | root | sibling
2025-12-12 11:08:43,093 | DEBUG | root | forward
2025-12-12 11:08:43,297 | DEBUG | root | destruct
2025-12-12 11:08:43,303 | DEBUG | root | sibling
2025-12-12 11:08:43,444 | DEBUG | root | destruct
2025-12-12 11:08:43,455 | DEBUG | root | sibling
2025-12-12 11:08:43,583 | DEBUG | root | destruct
2025-12-12 11:08:43,593 | DEBUG | root | sibling
2025-12-12 11:08:43,746 | DEBUG | root | destruct
2025-12-12 11:08:43,758 | DEBUG | root | sibling
2025-12-12 11:08:43,868 | DEBUG | root | destruct
2025-12-12 11:08:43,884 | DEBUG | root | back
2025-12-12 11:08:43,896 | DEBUG | root | StdTInterSection, ID:None is destroyed
2025-12-12 11:08:43,902 | DEBUG | root | sibling
2025-12-12 11:08:44,010 | DEBUG | root | forward
2025-12-12 11:08:44,116 | DEBUG | root | forward
2025-12-12 11:08:44,393 | DEBUG | root | forward
2025-12-12 11:08:44,636 | DEBUG | root | Destroy Big
2025-12-12 11:08:44,744 | DEBUG | root | load scene Use random traffic
2025-12-12 11:08:44,835 | DEBUG | root | Load Vehicle Module: NodeNetworkNavigation
2025-12-12 11:08:44,847 | DEBUG | root | Load Vehicle Module: NodeNetworkNavigation
2025-12-12 11:08:44,891 | DEBUG | root | Load Vehicle Module: NodeNetworkNavigation
2025-12-12 11:08:44,912 | DEBUG | root | Load Vehicle Module: NodeNetworkNavigation
2025-12-12 11:08:44,927 | DEBUG | root | Load Vehicle Module: NodeNetworkNavigation
2025-12-12 11:08:44,945 | DEBUG | root | Load Vehicle Module: NodeNetworkNavigation
2025-12-12 11:09:01,538 | DEBUG | root | EnvInputPolicy is released
2025-12-12 11:09:05,709 | DEBUG | root | EnvInputPolicy is released
2025-12-12 11:09:11,122 | DEBUG | root | EnvInputPolicy is released
2025-12-12 11:09:13,894 | DEBUG | root | EnvInputPolicy is released
2025-12-12 11:09:24,523 | DEBUG | root | EnvInputPolicy is released
2025-12-12 11:09:28,633 | DEBUG | root | EnvInputPolicy is released
2025-12-12 11:09:29,566 | DEBUG | root | EnvInputPolicy is released
2025-12-12 11:09:30,781 | DEBUG | root | EnvInputPolicy is released
2025-12-12 11:09:39,518 | DEBUG | root | EnvInputPolicy is released
2025-12-12 11:09:47,463 | DEBUG | root | EnvInputPolicy is released
2025-12-12 11:09:50,718 | DEBUG | root | EnvInputPolicy is released
2025-12-12 11:09:54,555 | DEBUG | root | IDMPolicy is released
2025-12-12 11:09:56,432 | DEBUG | root | EnvInputPolicy is released
2025-12-12 11:09:57,088 | DEBUG | root | IDMPolicy is released
2025-12-12 11:09:58,272 | DEBUG | root | EnvInputPolicy is released
2025-12-12 11:10:03,384 | DEBUG | root | IDMPolicy is released
2025-12-12 11:10:04,880 | DEBUG | root | EnvInputPolicy is released
2025-12-12 11:10:12,135 | DEBUG | root | EnvInputPolicy is released
2025-12-12 11:10:12,626 | DEBUG | root | EnvInputPolicy is released
2025-12-12 11:10:13,510 | DEBUG | root | EnvInputPolicy is released
2025-12-12 11:10:15,362 | DEBUG | root | IDMPolicy is released
2025-12-12 11:10:19,110 | DEBUG | root | EnvInputPolicy is released
2025-12-12 11:10:26,165 | DEBUG | root | EnvInputPolicy is released
2025-12-12 11:10:29,506 | DEBUG | root | EnvInputPolicy is released
2025-12-12 11:10:30,089 | DEBUG | root | IDMPolicy is released
2025-12-12 11:10:31,074 | DEBUG | root | EnvInputPolicy is released
2025-12-12 11:10:33,546 | DEBUG | root | EnvInputPolicy is released
2025-12-12 11:10:36,385 | DEBUG | root | EnvInputPolicy is released
2025-12-12 11:10:37,392 | DEBUG | root | EnvInputPolicy is released
2025-12-12 11:10:38,857 | DEBUG | root | EnvInputPolicy is released
2025-12-12 11:10:42,287 | DEBUG | root | IDMPolicy is released
2025-12-12 11:10:42,318 | DEBUG | root | EnvInputPolicy is released
2025-12-12 11:10:44,018 | DEBUG | root | EnvInputPolicy is released
2025-12-12 11:10:45,876 | DEBUG | root | EnvInputPolicy is released
2025-12-12 11:10:52,005 | DEBUG | root | EnvInputPolicy is released
2025-12-12 11:10:54,042 | DEBUG | root | EnvInputPolicy is released
2025-12-12 11:10:55,152 | DEBUG | root | EnvInputPolicy is released
2025-12-12 11:10:57,316 | DEBUG | root | IDMPolicy is released
2025-12-12 11:10:57,764 | DEBUG | root | EnvInputPolicy is released
2025-12-12 11:10:58,610 | DEBUG | root | EnvInputPolicy is released
2025-12-12 11:10:59,872 | DEBUG | root | EnvInputPolicy is released
2025-12-12 11:11:00,461 | DEBUG | root | IDMPolicy is released
2025-12-12 11:11:01,891 | DEBUG | root | EnvInputPolicy is released
2025-12-12 11:11:06,400 | DEBUG | root | IDMPolicy is released
2025-12-12 11:11:06,867 | DEBUG | root | EnvInputPolicy is released
2025-12-12 11:11:08,272 | DEBUG | root | EnvInputPolicy is released
2025-12-12 11:11:10,701 | DEBUG | root | EnvInputPolicy is released
2025-12-12 11:11:14,755 | DEBUG | root | EnvInputPolicy is released
2025-12-12 11:11:14,936 | DEBUG | root | EnvInputPolicy is released
2025-12-12 11:11:18,752 | DEBUG | root | EnvInputPolicy is released
2025-12-12 11:11:19,189 | DEBUG | root | IDMPolicy is released
2025-12-12 11:11:19,371 | DEBUG | root | EnvInputPolicy is released
2025-12-12 11:11:21,625 | DEBUG | root | EnvInputPolicy is released
2025-12-12 11:11:23,820 | DEBUG | root | EnvInputPolicy is released
2025-12-12 11:11:25,036 | DEBUG | root | EnvInputPolicy is released
2025-12-12 11:11:25,447 | DEBUG | root | IDMPolicy is released
2025-12-12 11:11:25,752 | DEBUG | root | IDMPolicy is released
2025-12-12 11:11:29,032 | DEBUG | root | IDMPolicy is released
2025-12-12 11:11:29,052 | DEBUG | root | EnvInputPolicy is released
2025-12-12 11:11:32,195 | DEBUG | root | EnvInputPolicy is released
2025-12-12 11:11:33,268 | DEBUG | root | EnvInputPolicy is released
2025-12-12 11:11:34,518 | DEBUG | root | EnvInputPolicy is released
2025-12-12 11:11:35,096 | DEBUG | root | IDMPolicy is released
2025-12-12 11:11:42,133 | DEBUG | root | EnvInputPolicy is released
2025-12-12 11:11:43,768 | DEBUG | root | IDMPolicy is released
2025-12-12 11:11:43,952 | DEBUG | root | EnvInputPolicy is released
2025-12-12 11:11:46,105 | DEBUG | root | IDMPolicy is released
2025-12-12 11:11:46,311 | DEBUG | root | EnvInputPolicy is released
2025-12-12 11:11:46,465 | DEBUG | root | IDMPolicy is released
2025-12-12 11:11:46,491 | DEBUG | root | EnvInputPolicy is released
2025-12-12 11:11:48,857 | DEBUG | root | EnvInputPolicy is released
2025-12-12 11:11:49,332 | DEBUG | root | EnvInputPolicy is released
2025-12-12 11:11:50,150 | DEBUG | root | EnvInputPolicy is released
2025-12-12 11:11:54,950 | DEBUG | root | IDMPolicy is released
2025-12-12 11:11:56,922 | DEBUG | root | EnvInputPolicy is released
2025-12-12 11:11:58,557 | DEBUG | root | IDMPolicy is released
2025-12-12 11:11:58,743 | DEBUG | root | EnvInputPolicy is released
2025-12-12 11:11:59,514 | DEBUG | root | EnvInputPolicy is released
2025-12-12 11:12:00,965 | DEBUG | root | IDMPolicy is released
2025-12-12 11:12:02,216 | DEBUG | root | EnvInputPolicy is released
2025-12-12 11:12:03,174 | DEBUG | root | IDMPolicy is released
2025-12-12 11:12:04,311 | DEBUG | root | EnvInputPolicy is released
2025-12-12 11:12:05,111 | DEBUG | root | EnvInputPolicy is released
2025-12-12 11:12:05,392 | DEBUG | root | IDMPolicy is released
2025-12-12 11:12:07,188 | DEBUG | root | IDMPolicy is released
2025-12-12 11:12:09,416 | DEBUG | root | EnvInputPolicy is released
2025-12-12 11:12:09,582 | DEBUG | root | EnvInputPolicy is released
2025-12-12 11:12:11,878 | DEBUG | root | EnvInputPolicy is released
2025-12-12 11:12:12,826 | DEBUG | root | IDMPolicy is released
2025-12-12 11:12:14,232 | DEBUG | root | EnvInputPolicy is released
2025-12-12 11:12:15,554 | DEBUG | root | EnvInputPolicy is released
2025-12-12 11:12:16,612 | DEBUG | root | IDMPolicy is released
2025-12-12 11:12:16,853 | DEBUG | root | EnvInputPolicy is released
2025-12-12 11:12:19,198 | DEBUG | root | EnvInputPolicy is released
2025-12-12 11:12:20,692 | DEBUG | root | IDMPolicy is released
2025-12-12 11:12:24,189 | DEBUG | root | IDMPolicy is released
2025-12-12 11:12:24,216 | DEBUG | root | EnvInputPolicy is released
2025-12-12 11:12:25,976 | DEBUG | root | IDMPolicy is released
2025-12-12 11:12:27,810 | DEBUG | root | EnvInputPolicy is released
2025-12-12 11:12:29,776 | DEBUG | root | EnvInputPolicy is released
2025-12-12 11:12:29,908 | DEBUG | root | IDMPolicy is released
2025-12-12 11:12:35,601 | DEBUG | root | EnvInputPolicy is released
2025-12-12 11:12:37,228 | DEBUG | root | IDMPolicy is released
2025-12-12 11:12:37,809 | DEBUG | root | EnvInputPolicy is released
2025-12-12 11:12:40,401 | DEBUG | root | EnvInputPolicy is released
2025-12-12 11:12:42,545 | DEBUG | root | EnvInputPolicy is released
2025-12-12 11:12:43,751 | DEBUG | root | IDMPolicy is released
2025-12-12 11:12:44,291 | DEBUG | root | EnvInputPolicy is released
2025-12-12 11:12:48,157 | DEBUG | root | EnvInputPolicy is released
2025-12-12 11:12:48,783 | DEBUG | root | IDMPolicy is released
2025-12-12 11:12:51,545 | DEBUG | root | EnvInputPolicy is released
2025-12-12 11:12:52,180 | DEBUG | root | IDMPolicy is released
2025-12-12 11:12:53,430 | DEBUG | root | EnvInputPolicy is released
2025-12-12 11:12:58,414 | DEBUG | root | EnvInputPolicy is released
2025-12-12 11:13:00,817 | DEBUG | root | EnvInputPolicy is released
2025-12-12 11:13:03,340 | DEBUG | root | EnvInputPolicy is released
2025-12-12 11:13:05,191 | DEBUG | root | EnvInputPolicy is released
2025-12-12 11:13:06,229 | DEBUG | root | IDMPolicy is released
2025-12-12 11:13:07,077 | DEBUG | root | EnvInputPolicy is released
2025-12-12 11:13:10,458 | DEBUG | root | EnvInputPolicy is released
2025-12-12 11:13:13,033 | DEBUG | root | IDMPolicy is released
2025-12-12 11:13:13,408 | DEBUG | root | IDMPolicy is released
2025-12-12 11:13:14,181 | DEBUG | root | EnvInputPolicy is released
2025-12-12 11:13:16,330 | DEBUG | root | EnvInputPolicy is released
2025-12-12 11:13:20,972 | DEBUG | root | IDMPolicy is released
2025-12-12 11:13:20,977 | DEBUG | root | IDMPolicy is released
2025-12-12 11:13:21,317 | DEBUG | root | EnvInputPolicy is released
2025-12-12 11:13:21,446 | DEBUG | root | IDMPolicy is released
2025-12-12 11:13:23,716 | DEBUG | root | EnvInputPolicy is released
2025-12-12 11:13:26,038 | DEBUG | root | EnvInputPolicy is released
2025-12-12 11:13:27,868 | DEBUG | root | IDMPolicy is released
2025-12-12 11:13:28,050 | DEBUG | root | EnvInputPolicy is released
2025-12-12 11:13:29,565 | DEBUG | root | IDMPolicy is released
2025-12-12 11:13:29,760 | DEBUG | root | EnvInputPolicy is released
2025-12-12 11:13:33,230 | DEBUG | root | EnvInputPolicy is released
2025-12-12 11:13:35,809 | DEBUG | root | IDMPolicy is released
2025-12-12 11:13:37,359 | DEBUG | root | EnvInputPolicy is released
2025-12-12 11:13:39,954 | DEBUG | root | EnvInputPolicy is released
2025-12-12 11:13:40,593 | DEBUG | root | EnvInputPolicy is released
2025-12-12 11:13:42,565 | DEBUG | root | IDMPolicy is released
2025-12-12 11:13:43,552 | DEBUG | root | IDMPolicy is released
2025-12-12 11:13:45,158 | DEBUG | root | EnvInputPolicy is released
2025-12-12 11:13:45,941 | DEBUG | root | EnvInputPolicy is released
2025-12-12 11:13:49,438 | DEBUG | root | IDMPolicy is released
2025-12-12 11:13:50,255 | DEBUG | root | IDMPolicy is released
2025-12-12 11:13:50,257 | DEBUG | root | IDMPolicy is released
2025-12-12 11:13:50,946 | DEBUG | root | EnvInputPolicy is released
2025-12-12 11:13:54,545 | DEBUG | root | EnvInputPolicy is released
2025-12-12 11:13:56,505 | DEBUG | root | IDMPolicy is released
2025-12-12 11:13:56,998 | DEBUG | root | IDMPolicy is released
2025-12-12 11:13:57,495 | DEBUG | root | IDMPolicy is released
2025-12-12 11:13:58,020 | DEBUG | root | EnvInputPolicy is released
2025-12-12 11:14:01,765 | DEBUG | root | EnvInputPolicy is released
2025-12-12 11:14:02,871 | DEBUG | root | IDMPolicy is released
2025-12-12 11:14:03,533 | DEBUG | root | EnvInputPolicy is released
2025-12-12 11:14:03,998 | DEBUG | root | EnvInputPolicy is released
2025-12-12 11:14:05,332 | DEBUG | root | IDMPolicy is released
2025-12-12 11:14:06,017 | DEBUG | root | EnvInputPolicy is released
2025-12-12 11:14:08,881 | DEBUG | root | EnvInputPolicy is released
2025-12-12 11:14:09,759 | DEBUG | root | EnvInputPolicy is released
2025-12-12 11:14:12,318 | DEBUG | root | IDMPolicy is released
2025-12-12 11:14:14,469 | DEBUG | root | IDMPolicy is released
2025-12-12 11:14:15,085 | DEBUG | root | IDMPolicy is released
2025-12-12 11:14:19,953 | DEBUG | root | IDMPolicy is released
2025-12-12 11:14:20,356 | DEBUG | root | EnvInputPolicy is released
2025-12-12 11:14:22,837 | DEBUG | root | EnvInputPolicy is released
2025-12-12 11:14:23,489 | DEBUG | root | IDMPolicy is released
2025-12-12 11:14:23,978 | DEBUG | root | EnvInputPolicy is released
2025-12-12 11:14:24,441 | DEBUG | root | EnvInputPolicy is released
2025-12-12 11:14:26,951 | DEBUG | root | IDMPolicy is released
2025-12-12 11:14:28,314 | DEBUG | root | EnvInputPolicy is released
2025-12-12 11:14:28,985 | DEBUG | root | EnvInputPolicy is released
2025-12-12 11:14:30,053 | DEBUG | root | IDMPolicy is released
2025-12-12 11:14:31,199 | DEBUG | root | EnvInputPolicy is released
2025-12-12 11:14:32,050 | DEBUG | root | EnvInputPolicy is released
2025-12-12 11:14:35,932 | DEBUG | root | IDMPolicy is released
2025-12-12 11:14:39,070 | DEBUG | root | EnvInputPolicy is released
2025-12-12 11:14:43,229 | DEBUG | root | EnvInputPolicy is released
2025-12-12 11:14:43,372 | DEBUG | root | IDMPolicy is released
2025-12-12 11:14:48,709 | DEBUG | root | EnvInputPolicy is released
2025-12-12 11:14:48,709 | DEBUG | root | EnvInputPolicy is released
2025-12-12 11:14:49,708 | DEBUG | root | IDMPolicy is released
2025-12-12 11:14:50,069 | DEBUG | root | EnvInputPolicy is released
2025-12-12 11:14:51,862 | DEBUG | root | IDMPolicy is released
2025-12-12 11:14:54,914 | DEBUG | root | EnvInputPolicy is released
2025-12-12 11:14:55,794 | DEBUG | root | EnvInputPolicy is released
2025-12-12 11:14:56,882 | DEBUG | root | EnvInputPolicy is released
2025-12-12 11:14:57,501 | DEBUG | root | IDMPolicy is released
2025-12-12 11:15:00,901 | DEBUG | root | IDMPolicy is released
2025-12-12 11:15:00,927 | DEBUG | root | EnvInputPolicy is released
2025-12-12 11:15:05,027 | DEBUG | root | IDMPolicy is released
2025-12-12 11:15:06,814 | DEBUG | root | EnvInputPolicy is released
2025-12-12 11:15:08,879 | DEBUG | root | IDMPolicy is released
2025-12-12 11:15:09,257 | DEBUG | root | EnvInputPolicy is released
2025-12-12 11:15:11,438 | DEBUG | root | IDMPolicy is released
2025-12-12 11:15:15,029 | DEBUG | root | EnvInputPolicy is released
2025-12-12 11:15:16,265 | DEBUG | root | IDMPolicy is released
2025-12-12 11:15:16,283 | DEBUG | root | EnvInputPolicy is released
2025-12-12 11:15:16,597 | DEBUG | root | IDMPolicy is released
2025-12-12 11:15:20,247 | DEBUG | root | EnvInputPolicy is released
2025-12-12 11:15:20,952 | DEBUG | root | EnvInputPolicy is released
2025-12-12 11:15:21,280 | DEBUG | root | IDMPolicy is released
2025-12-12 11:15:21,948 | DEBUG | root | EnvInputPolicy is released
2025-12-12 11:15:24,207 | DEBUG | root | IDMPolicy is released
2025-12-12 11:15:24,883 | DEBUG | root | EnvInputPolicy is released
2025-12-12 11:15:29,264 | DEBUG | root | IDMPolicy is released
2025-12-12 11:15:30,645 | DEBUG | root | EnvInputPolicy is released
2025-12-12 11:15:33,320 | DEBUG | root | EnvInputPolicy is released
2025-12-12 11:15:37,706 | DEBUG | root | IDMPolicy is released
2025-12-12 11:15:39,236 | DEBUG | root | EnvInputPolicy is released
2025-12-12 11:15:40,026 | DEBUG | root | IDMPolicy is released
2025-12-12 11:15:40,553 | DEBUG | root | EnvInputPolicy is released
2025-12-12 11:15:42,468 | DEBUG | root | IDMPolicy is released
2025-12-12 11:15:44,241 | DEBUG | root | IDMPolicy is released
2025-12-12 11:15:44,608 | DEBUG | root | EnvInputPolicy is released
2025-12-12 11:15:45,301 | DEBUG | root | EnvInputPolicy is released
2025-12-12 11:15:46,494 | DEBUG | root | EnvInputPolicy is released
2025-12-12 11:15:48,384 | DEBUG | root | IDMPolicy is released
2025-12-12 11:15:50,155 | DEBUG | root | EnvInputPolicy is released
2025-12-12 11:15:50,322 | DEBUG | root | IDMPolicy is released
2025-12-12 11:15:55,504 | DEBUG | root | IDMPolicy is released
2025-12-12 11:15:55,702 | DEBUG | root | EnvInputPolicy is released
2025-12-12 11:15:56,187 | DEBUG | root | IDMPolicy is released
2025-12-12 11:15:58,041 | DEBUG | root | EnvInputPolicy is released
2025-12-12 11:16:02,240 | DEBUG | root | IDMPolicy is released
2025-12-12 11:16:03,871 | DEBUG | root | EnvInputPolicy is released
2025-12-12 11:16:05,058 | DEBUG | root | EnvInputPolicy is released
2025-12-12 11:16:08,771 | DEBUG | root | IDMPolicy is released
2025-12-12 11:16:09,631 | DEBUG | root | EnvInputPolicy is released
2025-12-12 11:16:10,027 | DEBUG | root | IDMPolicy is released
2025-12-12 11:16:10,250 | DEBUG | root | EnvInputPolicy is released
2025-12-12 11:16:11,509 | DEBUG | root | EnvInputPolicy is released
2025-12-12 11:16:15,556 | DEBUG | root | EnvInputPolicy is released
2025-12-12 11:16:16,488 | DEBUG | root | IDMPolicy is released
2025-12-12 11:16:18,391 | DEBUG | root | IDMPolicy is released
2025-12-12 11:16:21,140 | DEBUG | root | EnvInputPolicy is released
2025-12-12 11:16:23,499 | DEBUG | root | EnvInputPolicy is released
2025-12-12 11:16:24,564 | DEBUG | root | IDMPolicy is released
2025-12-12 11:16:28,034 | DEBUG | root | IDMPolicy is released
2025-12-12 11:16:28,820 | DEBUG | root | IDMPolicy is released
2025-12-12 11:16:29,643 | DEBUG | root | EnvInputPolicy is released
2025-12-12 11:16:30,784 | DEBUG | root | EnvInputPolicy is released
2025-12-12 11:16:35,886 | DEBUG | root | EnvInputPolicy is released
2025-12-12 11:16:36,061 | DEBUG | root | IDMPolicy is released
2025-12-12 11:16:36,309 | DEBUG | root | EnvInputPolicy is released
2025-12-12 11:16:37,453 | DEBUG | root | EnvInputPolicy is released
2025-12-12 11:16:40,524 | DEBUG | root | Roundabout, ID:None is destroyed
2025-12-12 11:16:40,524 | DEBUG | root | StdTInterSection, ID:None is destroyed
2025-12-12 11:16:40,526 | DEBUG | root | Curve, ID:None is destroyed
2025-12-12 11:16:40,526 | DEBUG | root | StdInterSection, ID:None is destroyed
2025-12-12 11:16:40,526 | DEBUG | root | Roundabout, ID:None is destroyed
2025-12-12 11:16:40,526 | DEBUG | root | StdTInterSection, ID:None is destroyed
2025-12-12 11:16:40,528 | DEBUG | root | Curve, ID:None is destroyed
2025-12-12 11:16:40,528 | DEBUG | root | StdInterSection, ID:None is destroyed
2025-12-12 11:16:40,528 | DEBUG | root | FirstPGBlock, ID:None is destroyed
2025-12-12 11:16:40,528 | DEBUG | root | StdInterSection, ID:None is destroyed
2025-12-12 11:16:40,655 | DEBUG | root | Roundabout, ID:None is destroyed
2025-12-12 11:16:40,657 | DEBUG | root | StdTInterSection, ID:None is destroyed
2025-12-12 11:16:40,658 | DEBUG | root | Curve, ID:None is destroyed
2025-12-12 11:16:40,658 | DEBUG | root | StdInterSection, ID:None is destroyed
2025-12-12 11:16:40,658 | DEBUG | root | Roundabout, ID:None is destroyed
2025-12-12 11:16:40,658 | DEBUG | root | StdTInterSection, ID:None is destroyed
2025-12-12 11:16:40,660 | DEBUG | root | Curve, ID:None is destroyed
2025-12-12 11:16:40,660 | DEBUG | root | StdInterSection, ID:None is destroyed
2025-12-12 11:16:40,660 | DEBUG | root | FirstPGBlock, ID:None is destroyed
2025-12-12 11:16:40,660 | DEBUG | root | StdInterSection, ID:None is destroyed
2025-12-12 11:16:40,664 | DEBUG | metadrive.component.map.base_map | <class 'metadrive.component.map.pg_map.PGMap'> 2is being deleted.
2025-12-12 11:16:40,664 | DEBUG | root | EnvInputPolicy is released
2025-12-12 11:16:40,668 | DEBUG | root | NodeNetworkNavigation is destroyed
2025-12-12 11:16:40,671 | DEBUG | root | EnvInputPolicy is released
2025-12-12 11:16:40,673 | DEBUG | root | NodeNetworkNavigation is destroyed
2025-12-12 11:16:40,673 | DEBUG | root | EnvInputPolicy is released
2025-12-12 11:16:40,678 | DEBUG | root | NodeNetworkNavigation is destroyed
2025-12-12 11:16:40,678 | DEBUG | root | EnvInputPolicy is released
2025-12-12 11:16:40,681 | DEBUG | root | NodeNetworkNavigation is destroyed
2025-12-12 11:16:40,681 | DEBUG | root | EnvInputPolicy is released
2025-12-12 11:16:40,686 | DEBUG | root | NodeNetworkNavigation is destroyed
2025-12-12 11:16:40,686 | DEBUG | root | EnvInputPolicy is released
2025-12-12 11:16:40,686 | DEBUG | root | NodeNetworkNavigation is destroyed
2025-12-12 11:16:40,692 | DEBUG | root | EnvInputPolicy is released
2025-12-12 11:16:40,692 | DEBUG | root | NodeNetworkNavigation is destroyed
2025-12-12 11:16:40,697 | DEBUG | root | EnvInputPolicy is released
2025-12-12 11:16:40,699 | DEBUG | root | NodeNetworkNavigation is destroyed
2025-12-12 11:16:40,702 | DEBUG | root | IDMPolicy is released
2025-12-12 11:16:40,702 | DEBUG | root | IDMPolicy is released
2025-12-12 11:16:40,702 | DEBUG | root | IDMPolicy is released
2025-12-12 11:16:40,702 | DEBUG | root | IDMPolicy is released
2025-12-12 11:16:40,702 | DEBUG | root | IDMPolicy is released
2025-12-12 11:16:40,702 | DEBUG | root | IDMPolicy is released
2025-12-12 11:16:40,702 | DEBUG | root | IDMPolicy is released
2025-12-12 11:16:40,702 | DEBUG | root | IDMPolicy is released
2025-12-12 11:16:40,702 | DEBUG | root | IDMPolicy is released
2025-12-12 11:16:40,707 | DEBUG | root | IDMPolicy is released
2025-12-12 11:16:40,707 | DEBUG | root | IDMPolicy is released
2025-12-12 11:16:40,707 | DEBUG | root | IDMPolicy is released
2025-12-12 11:16:40,707 | DEBUG | root | IDMPolicy is released
2025-12-12 11:16:40,707 | DEBUG | root | IDMPolicy is released
2025-12-12 11:16:40,707 | DEBUG | root | IDMPolicy is released
2025-12-12 11:16:40,707 | DEBUG | root | IDMPolicy is released
2025-12-12 11:16:40,707 | DEBUG | root | IDMPolicy is released
2025-12-12 11:16:40,707 | DEBUG | root | IDMPolicy is released
2025-12-12 11:16:40,707 | DEBUG | root | IDMPolicy is released
2025-12-12 11:16:40,712 | DEBUG | root | IDMPolicy is released
2025-12-12 11:16:40,712 | DEBUG | root | IDMPolicy is released
2025-12-12 11:16:40,712 | DEBUG | root | IDMPolicy is released
2025-12-12 11:16:40,712 | DEBUG | root | IDMPolicy is released
2025-12-12 11:16:40,712 | DEBUG | root | IDMPolicy is released
2025-12-12 11:16:40,712 | DEBUG | root | IDMPolicy is released
2025-12-12 11:16:40,712 | DEBUG | root | IDMPolicy is released
2025-12-12 11:16:40,712 | DEBUG | root | IDMPolicy is released
2025-12-12 11:16:40,712 | DEBUG | root | IDMPolicy is released
2025-12-12 11:16:40,717 | DEBUG | root | IDMPolicy is released
2025-12-12 11:16:40,717 | DEBUG | root | IDMPolicy is released
2025-12-12 11:16:40,717 | DEBUG | root | IDMPolicy is released
2025-12-12 11:16:40,717 | DEBUG | root | IDMPolicy is released
2025-12-12 11:16:40,717 | DEBUG | root | IDMPolicy is released
2025-12-12 11:16:40,717 | DEBUG | root | IDMPolicy is released
2025-12-12 11:16:40,717 | DEBUG | root | IDMPolicy is released
2025-12-12 11:16:40,717 | DEBUG | root | IDMPolicy is released
2025-12-12 11:16:40,717 | DEBUG | root | IDMPolicy is released
2025-12-12 11:16:40,722 | DEBUG | root | IDMPolicy is released
2025-12-12 11:16:40,722 | DEBUG | root | IDMPolicy is released
2025-12-12 11:16:40,722 | DEBUG | root | IDMPolicy is released
2025-12-12 11:16:40,722 | DEBUG | root | IDMPolicy is released
2025-12-12 11:16:40,722 | DEBUG | root | IDMPolicy is released
2025-12-12 11:16:40,722 | DEBUG | root | NodeNetworkNavigation is destroyed
2025-12-12 11:16:40,728 | DEBUG | root | NodeNetworkNavigation is destroyed
2025-12-12 11:16:40,728 | DEBUG | root | NodeNetworkNavigation is destroyed
2025-12-12 11:16:40,733 | DEBUG | root | NodeNetworkNavigation is destroyed
2025-12-12 11:16:40,737 | DEBUG | root | NodeNetworkNavigation is destroyed
2025-12-12 11:16:40,740 | DEBUG | root | NodeNetworkNavigation is destroyed
2025-12-12 11:16:40,743 | DEBUG | root | NodeNetworkNavigation is destroyed
2025-12-12 11:16:40,743 | DEBUG | root | NodeNetworkNavigation is destroyed
2025-12-12 11:16:40,750 | DEBUG | root | NodeNetworkNavigation is destroyed
2025-12-12 11:16:40,753 | DEBUG | root | NodeNetworkNavigation is destroyed
2025-12-12 11:16:40,759 | DEBUG | root | NodeNetworkNavigation is destroyed
2025-12-12 11:16:40,759 | DEBUG | root | NodeNetworkNavigation is destroyed
2025-12-12 11:16:40,764 | DEBUG | root | NodeNetworkNavigation is destroyed
2025-12-12 11:16:40,769 | DEBUG | root | NodeNetworkNavigation is destroyed
2025-12-12 11:16:40,775 | DEBUG | root | NodeNetworkNavigation is destroyed
2025-12-12 11:16:40,775 | DEBUG | root | NodeNetworkNavigation is destroyed
2025-12-12 11:16:40,780 | DEBUG | root | NodeNetworkNavigation is destroyed
2025-12-12 11:16:40,785 | DEBUG | root | NodeNetworkNavigation is destroyed
2025-12-12 11:16:40,790 | DEBUG | root | NodeNetworkNavigation is destroyed
2025-12-12 11:16:40,796 | DEBUG | root | NodeNetworkNavigation is destroyed
2025-12-12 11:16:40,801 | DEBUG | root | NodeNetworkNavigation is destroyed
2025-12-12 11:16:40,801 | DEBUG | root | NodeNetworkNavigation is destroyed
2025-12-12 11:16:40,806 | DEBUG | root | NodeNetworkNavigation is destroyed
2025-12-12 11:16:40,812 | DEBUG | root | NodeNetworkNavigation is destroyed
2025-12-12 11:16:40,817 | DEBUG | root | NodeNetworkNavigation is destroyed
2025-12-12 11:16:40,821 | DEBUG | root | NodeNetworkNavigation is destroyed
2025-12-12 11:16:40,825 | DEBUG | root | NodeNetworkNavigation is destroyed
2025-12-12 11:16:40,828 | DEBUG | root | NodeNetworkNavigation is destroyed
2025-12-12 11:16:40,828 | DEBUG | root | NodeNetworkNavigation is destroyed
2025-12-12 11:16:40,833 | DEBUG | root | NodeNetworkNavigation is destroyed
2025-12-12 11:16:40,838 | DEBUG | root | NodeNetworkNavigation is destroyed
2025-12-12 11:16:40,843 | DEBUG | root | NodeNetworkNavigation is destroyed
2025-12-12 11:16:40,849 | DEBUG | root | NodeNetworkNavigation is destroyed
2025-12-12 11:16:40,849 | DEBUG | root | NodeNetworkNavigation is destroyed
2025-12-12 11:16:40,855 | DEBUG | root | NodeNetworkNavigation is destroyed
2025-12-12 11:16:40,858 | DEBUG | root | NodeNetworkNavigation is destroyed
2025-12-12 11:16:40,858 | DEBUG | root | NodeNetworkNavigation is destroyed
2025-12-12 11:16:40,863 | DEBUG | root | NodeNetworkNavigation is destroyed
2025-12-12 11:16:40,869 | DEBUG | root | NodeNetworkNavigation is destroyed
2025-12-12 11:16:40,869 | DEBUG | root | NodeNetworkNavigation is destroyed
2025-12-12 11:16:40,874 | DEBUG | root | NodeNetworkNavigation is destroyed
2025-12-12 11:16:40,875 | DEBUG | root | NodeNetworkNavigation is destroyed
2025-12-12 11:16:40,879 | DEBUG | root | NodeNetworkNavigation is destroyed
2025-12-12 11:16:40,879 | DEBUG | root | NodeNetworkNavigation is destroyed
2025-12-12 11:16:40,884 | DEBUG | root | NodeNetworkNavigation is destroyed
2025-12-12 11:16:40,884 | DEBUG | root | NodeNetworkNavigation is destroyed
2025-12-12 11:16:40,890 | DEBUG | root | NodeNetworkNavigation is destroyed
2025-12-12 11:16:40,891 | DEBUG | root | NodeNetworkNavigation is destroyed
2025-12-12 11:16:40,893 | DEBUG | root | Pedestrian, ID:None is destroyed
2025-12-12 11:16:40,893 | DEBUG | root | BaseTrafficLight, ID:None is destroyed
2025-12-12 11:16:40,893 | DEBUG | root | TrafficBarrier, ID:None is destroyed
2025-12-12 11:16:40,895 | DEBUG | root | TrafficCone, ID:None is destroyed
2025-12-12 11:16:40,895 | DEBUG | root | SVehicle, ID:None is destroyed
2025-12-12 11:16:40,895 | DEBUG | root | SVehicle, ID:None is destroyed
2025-12-12 11:16:40,895 | DEBUG | root | SVehicle, ID:None is destroyed
2025-12-12 11:16:40,895 | DEBUG | root | SVehicle, ID:None is destroyed
2025-12-12 11:16:40,895 | DEBUG | root | SVehicle, ID:None is destroyed
2025-12-12 11:16:40,895 | DEBUG | root | SVehicle, ID:None is destroyed
2025-12-12 11:16:40,895 | DEBUG | root | SVehicle, ID:None is destroyed
2025-12-12 11:16:40,895 | DEBUG | root | SVehicle, ID:None is destroyed
2025-12-12 11:16:40,895 | DEBUG | root | SVehicle, ID:None is destroyed
2025-12-12 11:16:40,895 | DEBUG | root | SVehicle, ID:None is destroyed
2025-12-12 11:16:40,895 | DEBUG | root | SVehicle, ID:None is destroyed
2025-12-12 11:16:40,900 | DEBUG | root | SVehicle, ID:None is destroyed
2025-12-12 11:16:40,900 | DEBUG | root | SVehicle, ID:None is destroyed
2025-12-12 11:16:40,900 | DEBUG | root | XLVehicle, ID:None is destroyed
2025-12-12 11:16:40,900 | DEBUG | root | XLVehicle, ID:None is destroyed
2025-12-12 11:16:40,900 | DEBUG | root | XLVehicle, ID:None is destroyed
2025-12-12 11:16:40,900 | DEBUG | root | XLVehicle, ID:None is destroyed
2025-12-12 11:16:40,900 | DEBUG | root | XLVehicle, ID:None is destroyed
2025-12-12 11:16:40,900 | DEBUG | root | XLVehicle, ID:None is destroyed
2025-12-12 11:16:40,900 | DEBUG | root | XLVehicle, ID:None is destroyed
2025-12-12 11:16:40,900 | DEBUG | root | LVehicle, ID:None is destroyed
2025-12-12 11:16:40,900 | DEBUG | root | LVehicle, ID:None is destroyed
2025-12-12 11:16:40,900 | DEBUG | root | LVehicle, ID:None is destroyed
2025-12-12 11:16:40,900 | DEBUG | root | LVehicle, ID:None is destroyed
2025-12-12 11:16:40,900 | DEBUG | root | LVehicle, ID:None is destroyed
2025-12-12 11:16:40,900 | DEBUG | root | LVehicle, ID:None is destroyed
2025-12-12 11:16:40,900 | DEBUG | root | LVehicle, ID:None is destroyed
2025-12-12 11:16:40,900 | DEBUG | root | LVehicle, ID:None is destroyed
2025-12-12 11:16:40,900 | DEBUG | root | LVehicle, ID:None is destroyed
2025-12-12 11:16:40,900 | DEBUG | root | LVehicle, ID:None is destroyed
2025-12-12 11:16:40,900 | DEBUG | root | LVehicle, ID:None is destroyed
2025-12-12 11:16:40,905 | DEBUG | root | LVehicle, ID:None is destroyed
2025-12-12 11:16:41,031 | DEBUG | root | MVehicle, ID:None is destroyed
2025-12-12 11:16:41,031 | DEBUG | root | MVehicle, ID:None is destroyed
2025-12-12 11:16:41,031 | DEBUG | root | MVehicle, ID:None is destroyed
2025-12-12 11:16:41,037 | DEBUG | root | MVehicle, ID:None is destroyed
2025-12-12 11:16:41,037 | DEBUG | root | MVehicle, ID:None is destroyed
2025-12-12 11:16:41,037 | DEBUG | root | MVehicle, ID:None is destroyed
2025-12-12 11:16:41,037 | DEBUG | root | MVehicle, ID:None is destroyed
2025-12-12 11:16:41,037 | DEBUG | root | MVehicle, ID:None is destroyed
2025-12-12 11:16:41,037 | DEBUG | root | MVehicle, ID:None is destroyed
2025-12-12 11:16:41,037 | DEBUG | root | MVehicle, ID:None is destroyed
2025-12-12 11:16:41,037 | DEBUG | root | MVehicle, ID:None is destroyed
2025-12-12 11:16:41,037 | DEBUG | root | MVehicle, ID:None is destroyed
2025-12-12 11:16:41,037 | DEBUG | root | MVehicle, ID:None is destroyed
2025-12-12 11:16:41,037 | DEBUG | root | MVehicle, ID:None is destroyed
2025-12-12 11:16:41,037 | DEBUG | root | MVehicle, ID:None is destroyed
2025-12-12 11:16:41,037 | DEBUG | root | MVehicle, ID:None is destroyed
2025-12-12 11:19:50,143 | DEBUG | matplotlib | matplotlib data path: C:\Users\Pushpak Chakraborty\Desktop\Final Year Project\venv\lib\site-packages\matplotlib\mpl-data
2025-12-12 11:19:50,143 | DEBUG | matplotlib | CONFIGDIR=C:\Users\Pushpak Chakraborty\.matplotlib
2025-12-12 11:19:50,151 | DEBUG | matplotlib | interactive is False
2025-12-12 11:19:50,151 | DEBUG | matplotlib | platform is win32
2025-12-12 11:19:50,559 | DEBUG | matplotlib | CACHEDIR=C:\Users\Pushpak Chakraborty\.matplotlib
2025-12-12 11:19:50,559 | DEBUG | matplotlib.font_manager | Using fontManager instance from C:\Users\Pushpak Chakraborty\.matplotlib\fontlist-v330.json
2025-12-12 11:19:53,766 | DEBUG | root | forward
2025-12-12 11:19:53,811 | DEBUG | root | forward
2025-12-12 11:19:53,873 | DEBUG | root | forward
2025-12-12 11:19:53,920 | DEBUG | root | forward
2025-12-12 11:19:54,000 | DEBUG | root | forward
2025-12-12 11:19:54,102 | DEBUG | root | forward
2025-12-12 11:19:54,212 | DEBUG | root | forward
2025-12-12 11:19:54,317 | DEBUG | root | forward
2025-12-12 11:19:54,458 | DEBUG | root | forward
2025-12-12 11:19:54,590 | DEBUG | root | Destroy Big
2025-12-12 11:19:54,764 | DEBUG | root | Load Vehicle Module: NodeNetworkNavigation
2025-12-12 11:19:54,783 | DEBUG | root | Load Vehicle Module: NodeNetworkNavigation
2025-12-12 11:19:54,794 | DEBUG | root | Load Vehicle Module: NodeNetworkNavigation
2025-12-12 11:19:54,804 | DEBUG | root | Load Vehicle Module: NodeNetworkNavigation
2025-12-12 11:19:54,816 | DEBUG | root | Load Vehicle Module: NodeNetworkNavigation
2025-12-12 11:19:54,828 | DEBUG | root | Load Vehicle Module: NodeNetworkNavigation
2025-12-12 11:19:54,839 | DEBUG | root | Load Vehicle Module: NodeNetworkNavigation
2025-12-12 11:19:54,850 | DEBUG | root | Load Vehicle Module: NodeNetworkNavigation
2025-12-12 11:19:54,850 | DEBUG | root | load scene Use random traffic
2025-12-12 11:19:54,885 | DEBUG | root | Load Vehicle Module: NodeNetworkNavigation
2025-12-12 11:19:54,920 | DEBUG | root | Load Vehicle Module: NodeNetworkNavigation
2025-12-12 11:19:54,960 | DEBUG | root | Load Vehicle Module: NodeNetworkNavigation
2025-12-12 11:19:54,984 | DEBUG | root | Load Vehicle Module: NodeNetworkNavigation
2025-12-12 11:19:54,995 | DEBUG | root | Load Vehicle Module: NodeNetworkNavigation
2025-12-12 11:19:55,003 | DEBUG | root | Load Vehicle Module: NodeNetworkNavigation
2025-12-12 11:19:55,012 | DEBUG | root | Load Vehicle Module: NodeNetworkNavigation
2025-12-12 11:19:55,022 | DEBUG | root | Load Vehicle Module: NodeNetworkNavigation
2025-12-12 11:19:55,031 | DEBUG | root | Load Vehicle Module: NodeNetworkNavigation
2025-12-12 11:19:55,040 | DEBUG | root | Load Vehicle Module: NodeNetworkNavigation
2025-12-12 11:19:55,049 | DEBUG | root | Load Vehicle Module: NodeNetworkNavigation
2025-12-12 11:19:55,058 | DEBUG | root | Load Vehicle Module: NodeNetworkNavigation
2025-12-12 11:19:55,068 | DEBUG | root | Load Vehicle Module: NodeNetworkNavigation
2025-12-12 11:19:55,072 | DEBUG | root | Load Vehicle Module: NodeNetworkNavigation
2025-12-12 11:19:55,086 | DEBUG | root | Load Vehicle Module: NodeNetworkNavigation
2025-12-12 11:19:55,096 | DEBUG | root | Load Vehicle Module: NodeNetworkNavigation
2025-12-12 11:19:55,106 | DEBUG | root | Load Vehicle Module: NodeNetworkNavigation
2025-12-12 11:19:55,118 | DEBUG | root | Load Vehicle Module: NodeNetworkNavigation
2025-12-12 11:19:55,121 | DEBUG | root | Load Vehicle Module: NodeNetworkNavigation
2025-12-12 11:19:55,136 | DEBUG | root | Load Vehicle Module: NodeNetworkNavigation
2025-12-12 11:19:55,147 | DEBUG | root | Load Vehicle Module: NodeNetworkNavigation
2025-12-12 11:19:55,156 | DEBUG | root | Load Vehicle Module: NodeNetworkNavigation
2025-12-12 11:19:55,166 | DEBUG | root | Load Vehicle Module: NodeNetworkNavigation
2025-12-12 11:19:55,175 | DEBUG | root | Load Vehicle Module: NodeNetworkNavigation
2025-12-12 11:19:55,185 | DEBUG | root | Load Vehicle Module: NodeNetworkNavigation
2025-12-12 11:19:55,191 | DEBUG | root | Load Vehicle Module: NodeNetworkNavigation
2025-12-12 11:19:55,206 | DEBUG | root | Load Vehicle Module: NodeNetworkNavigation
2025-12-12 11:19:55,214 | DEBUG | root | Load Vehicle Module: NodeNetworkNavigation
2025-12-12 11:19:55,224 | DEBUG | root | Load Vehicle Module: NodeNetworkNavigation
2025-12-12 11:19:55,233 | DEBUG | root | Load Vehicle Module: NodeNetworkNavigation
2025-12-12 11:19:55,243 | DEBUG | root | Load Vehicle Module: NodeNetworkNavigation
2025-12-12 11:19:55,251 | DEBUG | root | Load Vehicle Module: NodeNetworkNavigation
2025-12-12 11:19:55,262 | DEBUG | root | Load Vehicle Module: NodeNetworkNavigation
2025-12-12 11:19:55,271 | DEBUG | root | Load Vehicle Module: NodeNetworkNavigation
2025-12-12 11:19:55,281 | DEBUG | root | Load Vehicle Module: NodeNetworkNavigation
2025-12-12 11:19:55,290 | DEBUG | root | Load Vehicle Module: NodeNetworkNavigation
2025-12-12 11:19:55,299 | DEBUG | root | Load Vehicle Module: NodeNetworkNavigation
2025-12-12 11:19:55,308 | DEBUG | root | Load Vehicle Module: NodeNetworkNavigation
2025-12-12 11:19:55,318 | DEBUG | root | Load Vehicle Module: NodeNetworkNavigation
2025-12-12 11:19:55,323 | DEBUG | root | Load Vehicle Module: NodeNetworkNavigation
2025-12-12 11:19:55,336 | DEBUG | root | Load Vehicle Module: NodeNetworkNavigation
2025-12-12 11:19:55,346 | DEBUG | root | Load Vehicle Module: NodeNetworkNavigation
2025-12-12 11:20:03,984 | DEBUG | root | EnvInputPolicy is released
2025-12-12 11:20:07,635 | DEBUG | root | EnvInputPolicy is released
2025-12-12 11:20:08,925 | DEBUG | root | EnvInputPolicy is released
2025-12-12 11:20:09,701 | DEBUG | root | EnvInputPolicy is released
2025-12-12 11:20:11,934 | DEBUG | root | EnvInputPolicy is released
2025-12-12 11:20:12,426 | DEBUG | root | EnvInputPolicy is released
2025-12-12 11:20:14,846 | DEBUG | root | EnvInputPolicy is released
2025-12-12 11:20:16,659 | DEBUG | root | EnvInputPolicy is released
2025-12-12 11:20:19,997 | DEBUG | root | EnvInputPolicy is released
2025-12-12 11:20:21,738 | DEBUG | root | IDMPolicy is released
2025-12-12 11:20:21,949 | DEBUG | root | EnvInputPolicy is released
2025-12-12 11:20:25,853 | DEBUG | root | IDMPolicy is released
2025-12-12 11:20:26,035 | DEBUG | root | IDMPolicy is released
2025-12-12 11:20:26,211 | DEBUG | root | EnvInputPolicy is released
2025-12-12 11:20:27,426 | DEBUG | root | IDMPolicy is released
2025-12-12 11:20:27,437 | DEBUG | root | IDMPolicy is released
2025-12-12 11:20:28,712 | DEBUG | root | IDMPolicy is released
2025-12-12 11:20:30,455 | DEBUG | root | IDMPolicy is released
2025-12-12 11:20:31,187 | DEBUG | root | EnvInputPolicy is released
2025-12-12 11:20:32,311 | DEBUG | root | IDMPolicy is released
2025-12-12 11:20:32,971 | DEBUG | root | IDMPolicy is released
2025-12-12 11:20:34,488 | DEBUG | root | EnvInputPolicy is released
2025-12-12 11:20:37,272 | DEBUG | root | EnvInputPolicy is released
2025-12-12 11:20:41,610 | DEBUG | root | EnvInputPolicy is released
2025-12-12 11:20:42,541 | DEBUG | root | EnvInputPolicy is released
2025-12-12 11:20:42,857 | DEBUG | root | EnvInputPolicy is released
2025-12-12 11:20:43,327 | DEBUG | root | EnvInputPolicy is released
2025-12-12 11:20:46,012 | DEBUG | root | EnvInputPolicy is released
2025-12-12 11:20:47,093 | DEBUG | root | EnvInputPolicy is released
2025-12-12 11:20:50,706 | DEBUG | root | EnvInputPolicy is released
2025-12-12 11:20:51,910 | DEBUG | root | IDMPolicy is released
2025-12-12 11:20:53,893 | DEBUG | root | EnvInputPolicy is released
2025-12-12 11:21:06,292 | DEBUG | root | EnvInputPolicy is released
2025-12-12 11:21:06,813 | DEBUG | root | EnvInputPolicy is released
2025-12-12 11:21:07,492 | DEBUG | root | EnvInputPolicy is released
2025-12-12 11:21:10,236 | DEBUG | root | EnvInputPolicy is released
2025-12-12 11:21:11,366 | DEBUG | root | EnvInputPolicy is released
2025-12-12 11:21:12,289 | DEBUG | root | EnvInputPolicy is released
2025-12-12 11:21:13,787 | DEBUG | root | EnvInputPolicy is released
2025-12-12 11:21:16,319 | DEBUG | root | IDMPolicy is released
2025-12-12 11:21:16,472 | DEBUG | root | EnvInputPolicy is released
2025-12-12 11:21:17,629 | DEBUG | root | EnvInputPolicy is released
2025-12-12 11:21:23,019 | DEBUG | root | IDMPolicy is released
2025-12-12 11:21:23,319 | DEBUG | root | IDMPolicy is released
2025-12-12 11:21:27,118 | DEBUG | root | IDMPolicy is released
2025-12-12 11:21:29,398 | DEBUG | root | EnvInputPolicy is released
2025-12-12 11:21:29,584 | DEBUG | root | EnvInputPolicy is released
2025-12-12 11:21:34,288 | DEBUG | root | EnvInputPolicy is released
2025-12-12 11:21:34,463 | DEBUG | root | EnvInputPolicy is released
2025-12-12 11:21:36,755 | DEBUG | root | EnvInputPolicy is released
2025-12-12 11:21:39,407 | DEBUG | root | EnvInputPolicy is released
2025-12-12 11:21:39,720 | DEBUG | root | EnvInputPolicy is released
2025-12-12 11:21:41,487 | DEBUG | root | EnvInputPolicy is released
2025-12-12 11:21:43,191 | DEBUG | root | IDMPolicy is released
2025-12-12 11:21:45,610 | DEBUG | root | IDMPolicy is released
2025-12-12 11:21:47,503 | DEBUG | root | IDMPolicy is released
2025-12-12 11:21:52,246 | DEBUG | root | IDMPolicy is released
2025-12-12 11:21:54,767 | DEBUG | root | EnvInputPolicy is released
2025-12-12 11:21:55,550 | DEBUG | root | EnvInputPolicy is released
2025-12-12 11:21:59,373 | DEBUG | root | EnvInputPolicy is released
2025-12-12 11:21:59,957 | DEBUG | root | IDMPolicy is released
2025-12-12 11:22:00,749 | DEBUG | root | EnvInputPolicy is released
2025-12-12 11:22:03,628 | DEBUG | root | EnvInputPolicy is released
2025-12-12 11:22:04,401 | DEBUG | root | IDMPolicy is released
2025-12-12 11:22:04,892 | DEBUG | root | EnvInputPolicy is released
2025-12-12 11:22:05,526 | DEBUG | root | EnvInputPolicy is released
2025-12-12 11:22:06,849 | DEBUG | root | IDMPolicy is released
2025-12-12 11:22:08,060 | DEBUG | root | EnvInputPolicy is released
2025-12-12 11:22:10,645 | DEBUG | root | EnvInputPolicy is released
2025-12-12 11:22:11,775 | DEBUG | root | IDMPolicy is released
2025-12-12 11:22:11,927 | DEBUG | root | IDMPolicy is released
2025-12-12 11:22:13,916 | DEBUG | root | IDMPolicy is released
2025-12-12 11:22:19,344 | DEBUG | root | IDMPolicy is released
2025-12-12 11:22:19,344 | DEBUG | root | IDMPolicy is released
2025-12-12 11:22:19,810 | DEBUG | root | EnvInputPolicy is released
2025-12-12 11:22:21,737 | DEBUG | root | EnvInputPolicy is released
2025-12-12 11:22:22,113 | DEBUG | root | IDMPolicy is released
2025-12-12 11:22:25,770 | DEBUG | root | EnvInputPolicy is released
2025-12-12 11:22:26,244 | DEBUG | root | EnvInputPolicy is released
2025-12-12 11:22:27,603 | DEBUG | root | IDMPolicy is released
2025-12-12 11:22:29,458 | DEBUG | root | IDMPolicy is released
2025-12-12 11:22:29,659 | DEBUG | root | EnvInputPolicy is released
2025-12-12 11:22:31,717 | DEBUG | root | EnvInputPolicy is released
2025-12-12 11:22:34,583 | DEBUG | root | EnvInputPolicy is released
2025-12-12 11:22:35,465 | DEBUG | root | IDMPolicy is released
2025-12-12 11:22:37,945 | DEBUG | root | EnvInputPolicy is released
2025-12-12 11:22:38,896 | DEBUG | root | IDMPolicy is released
2025-12-12 11:22:45,437 | DEBUG | root | IDMPolicy is released
2025-12-12 11:22:45,818 | DEBUG | root | EnvInputPolicy is released
2025-12-12 11:22:46,358 | DEBUG | root | EnvInputPolicy is released
2025-12-12 11:22:46,358 | DEBUG | root | EnvInputPolicy is released
2025-12-12 11:22:51,960 | DEBUG | root | EnvInputPolicy is released
2025-12-12 11:22:53,750 | DEBUG | root | EnvInputPolicy is released
2025-12-12 11:22:55,663 | DEBUG | root | IDMPolicy is released
2025-12-12 11:22:57,676 | DEBUG | root | EnvInputPolicy is released
2025-12-12 11:22:58,674 | DEBUG | root | EnvInputPolicy is released
2025-12-12 11:22:59,493 | DEBUG | root | IDMPolicy is released
2025-12-12 11:23:02,166 | DEBUG | root | EnvInputPolicy is released
2025-12-12 11:23:06,154 | DEBUG | root | IDMPolicy is released
2025-12-12 11:23:10,554 | DEBUG | root | EnvInputPolicy is released
2025-12-12 11:23:11,285 | DEBUG | root | EnvInputPolicy is released
2025-12-12 11:23:12,290 | DEBUG | root | IDMPolicy is released
2025-12-12 11:23:12,645 | DEBUG | root | EnvInputPolicy is released
2025-12-12 11:23:15,938 | DEBUG | root | EnvInputPolicy is released
2025-12-12 11:23:16,431 | DEBUG | root | IDMPolicy is released
2025-12-12 11:23:18,295 | DEBUG | root | IDMPolicy is released
2025-12-12 11:23:19,835 | DEBUG | root | EnvInputPolicy is released
2025-12-12 11:23:22,008 | DEBUG | root | EnvInputPolicy is released
2025-12-12 11:23:24,864 | DEBUG | root | EnvInputPolicy is released
2025-12-12 11:23:26,416 | DEBUG | root | IDMPolicy is released
2025-12-12 11:23:26,778 | DEBUG | root | EnvInputPolicy is released
2025-12-12 11:23:32,940 | DEBUG | root | IDMPolicy is released
2025-12-12 11:23:33,898 | DEBUG | root | IDMPolicy is released
2025-12-12 11:23:36,037 | DEBUG | root | EnvInputPolicy is released
2025-12-12 11:23:36,864 | DEBUG | root | EnvInputPolicy is released
2025-12-12 11:23:38,177 | DEBUG | root | EnvInputPolicy is released
2025-12-12 11:23:40,492 | DEBUG | root | EnvInputPolicy is released
2025-12-12 11:23:40,631 | DEBUG | root | IDMPolicy is released
2025-12-12 11:23:41,277 | DEBUG | root | IDMPolicy is released
2025-12-12 11:23:45,408 | DEBUG | root | EnvInputPolicy is released
2025-12-12 11:23:46,384 | DEBUG | root | EnvInputPolicy is released
2025-12-12 11:23:49,038 | DEBUG | root | IDMPolicy is released
2025-12-12 11:23:49,828 | DEBUG | root | EnvInputPolicy is released
2025-12-12 11:23:50,573 | DEBUG | root | EnvInputPolicy is released
2025-12-12 11:23:51,840 | DEBUG | root | IDMPolicy is released
2025-12-12 11:23:54,993 | DEBUG | root | IDMPolicy is released
2025-12-12 11:23:55,626 | DEBUG | root | EnvInputPolicy is released
2025-12-12 11:23:59,674 | DEBUG | root | EnvInputPolicy is released
2025-12-12 11:23:59,844 | DEBUG | root | EnvInputPolicy is released
2025-12-12 11:24:00,712 | DEBUG | root | EnvInputPolicy is released
2025-12-12 11:24:01,206 | DEBUG | root | EnvInputPolicy is released
2025-12-12 11:24:01,806 | DEBUG | root | IDMPolicy is released
2025-12-12 11:24:03,744 | DEBUG | root | IDMPolicy is released
2025-12-12 11:24:04,104 | DEBUG | root | EnvInputPolicy is released
2025-12-12 11:24:05,862 | DEBUG | root | EnvInputPolicy is released
2025-12-12 11:24:07,783 | DEBUG | root | IDMPolicy is released
2025-12-12 11:24:08,189 | DEBUG | root | IDMPolicy is released
2025-12-12 11:24:10,322 | DEBUG | root | EnvInputPolicy is released
2025-12-12 11:24:11,996 | DEBUG | root | IDMPolicy is released
2025-12-12 11:24:12,364 | DEBUG | root | IDMPolicy is released
2025-12-12 11:24:15,172 | DEBUG | root | EnvInputPolicy is released
2025-12-12 11:24:17,235 | DEBUG | root | IDMPolicy is released
2025-12-12 11:24:20,129 | DEBUG | root | IDMPolicy is released
2025-12-12 11:24:22,620 | DEBUG | root | EnvInputPolicy is released
2025-12-12 11:24:22,620 | DEBUG | root | EnvInputPolicy is released
2025-12-12 11:24:23,340 | DEBUG | root | IDMPolicy is released
2025-12-12 11:24:23,702 | DEBUG | root | IDMPolicy is released
2025-12-12 11:24:23,715 | DEBUG | root | IDMPolicy is released
2025-12-12 11:24:25,400 | DEBUG | root | EnvInputPolicy is released
2025-12-12 11:24:26,468 | DEBUG | root | EnvInputPolicy is released
2025-12-12 11:24:26,983 | DEBUG | root | EnvInputPolicy is released
2025-12-12 11:24:30,048 | DEBUG | root | IDMPolicy is released
2025-12-12 11:24:31,031 | DEBUG | root | EnvInputPolicy is released
2025-12-12 11:24:32,016 | DEBUG | root | IDMPolicy is released
2025-12-12 11:24:37,383 | DEBUG | root | EnvInputPolicy is released
2025-12-12 11:24:39,148 | DEBUG | root | IDMPolicy is released
2025-12-12 11:24:40,950 | DEBUG | root | IDMPolicy is released
2025-12-12 11:24:41,780 | DEBUG | root | EnvInputPolicy is released
2025-12-12 11:24:43,837 | DEBUG | root | IDMPolicy is released
2025-12-12 11:24:44,243 | DEBUG | root | IDMPolicy is released
2025-12-12 11:24:49,371 | DEBUG | root | EnvInputPolicy is released
2025-12-12 11:24:49,742 | DEBUG | root | IDMPolicy is released
2025-12-12 11:24:51,311 | DEBUG | root | EnvInputPolicy is released
2025-12-12 11:24:52,404 | DEBUG | root | IDMPolicy is released
2025-12-12 11:24:53,207 | DEBUG | root | EnvInputPolicy is released
2025-12-12 11:24:54,157 | DEBUG | root | EnvInputPolicy is released
2025-12-12 11:24:55,092 | DEBUG | root | EnvInputPolicy is released
2025-12-12 11:24:56,928 | DEBUG | root | IDMPolicy is released
2025-12-12 11:24:57,529 | DEBUG | root | IDMPolicy is released
2025-12-12 11:24:58,516 | DEBUG | root | EnvInputPolicy is released
2025-12-12 11:25:05,215 | DEBUG | root | EnvInputPolicy is released
2025-12-12 11:25:05,809 | DEBUG | root | IDMPolicy is released
2025-12-12 11:25:08,512 | DEBUG | root | EnvInputPolicy is released
2025-12-12 11:25:09,426 | DEBUG | root | IDMPolicy is released
2025-12-12 11:25:12,625 | DEBUG | root | EnvInputPolicy is released
2025-12-12 11:25:16,566 | DEBUG | root | EnvInputPolicy is released
2025-12-12 11:25:17,497 | DEBUG | root | IDMPolicy is released
2025-12-12 11:25:17,514 | DEBUG | root | IDMPolicy is released
2025-12-12 11:25:18,871 | DEBUG | root | IDMPolicy is released
2025-12-12 11:25:19,375 | DEBUG | root | EnvInputPolicy is released
2025-12-12 11:25:19,565 | DEBUG | root | EnvInputPolicy is released
2025-12-12 11:25:20,806 | DEBUG | root | EnvInputPolicy is released
2025-12-12 11:25:23,449 | DEBUG | root | IDMPolicy is released
2025-12-12 11:25:23,781 | DEBUG | root | IDMPolicy is released
2025-12-12 11:25:25,711 | DEBUG | root | EnvInputPolicy is released
2025-12-12 11:25:27,091 | DEBUG | root | IDMPolicy is released
2025-12-12 11:25:29,560 | DEBUG | root | IDMPolicy is released
2025-12-12 11:25:31,295 | DEBUG | root | EnvInputPolicy is released
2025-12-12 11:25:32,419 | DEBUG | root | EnvInputPolicy is released
2025-12-12 11:25:34,781 | DEBUG | root | EnvInputPolicy is released
2025-12-12 11:25:37,212 | DEBUG | root | EnvInputPolicy is released
2025-12-12 11:25:40,423 | DEBUG | root | IDMPolicy is released
2025-12-12 11:25:40,446 | DEBUG | root | EnvInputPolicy is released
2025-12-12 11:25:44,087 | DEBUG | root | EnvInputPolicy is released
2025-12-12 11:25:44,837 | DEBUG | root | EnvInputPolicy is released
2025-12-12 11:25:49,102 | DEBUG | root | EnvInputPolicy is released
2025-12-12 11:25:49,918 | DEBUG | root | IDMPolicy is released
2025-12-12 11:25:53,398 | DEBUG | root | EnvInputPolicy is released
2025-12-12 11:25:54,462 | DEBUG | root | EnvInputPolicy is released
2025-12-12 11:25:54,462 | DEBUG | root | EnvInputPolicy is released
2025-12-12 11:25:55,002 | DEBUG | root | IDMPolicy is released
2025-12-12 11:25:57,022 | DEBUG | root | EnvInputPolicy is released
2025-12-12 11:25:59,143 | DEBUG | root | IDMPolicy is released
2025-12-12 11:26:01,376 | DEBUG | root | EnvInputPolicy is released
2025-12-12 11:26:01,376 | DEBUG | root | EnvInputPolicy is released
2025-12-12 11:26:02,545 | DEBUG | root | EnvInputPolicy is released
2025-12-12 11:26:04,703 | DEBUG | root | IDMPolicy is released
2025-12-12 11:26:06,618 | DEBUG | root | EnvInputPolicy is released
2025-12-12 11:26:08,428 | DEBUG | root | IDMPolicy is released
2025-12-12 11:26:09,423 | DEBUG | root | EnvInputPolicy is released
2025-12-12 11:26:10,196 | DEBUG | root | EnvInputPolicy is released
2025-12-12 11:26:11,766 | DEBUG | root | IDMPolicy is released
2025-12-12 11:26:12,999 | DEBUG | root | EnvInputPolicy is released
2025-12-12 11:26:13,365 | DEBUG | root | EnvInputPolicy is released
2025-12-12 11:26:18,343 | DEBUG | root | EnvInputPolicy is released
2025-12-12 11:26:18,665 | DEBUG | root | IDMPolicy is released
2025-12-12 11:26:19,528 | DEBUG | root | EnvInputPolicy is released
2025-12-12 11:26:20,607 | DEBUG | root | EnvInputPolicy is released
2025-12-12 11:26:21,284 | DEBUG | root | EnvInputPolicy is released
2025-12-12 11:26:22,478 | DEBUG | root | EnvInputPolicy is released
2025-12-12 11:26:27,334 | DEBUG | root | EnvInputPolicy is released
2025-12-12 11:26:27,630 | DEBUG | root | IDMPolicy is released
2025-12-12 11:26:27,645 | DEBUG | root | IDMPolicy is released
2025-12-12 11:26:27,988 | DEBUG | root | EnvInputPolicy is released
2025-12-12 11:26:28,470 | DEBUG | root | IDMPolicy is released
2025-12-12 11:26:29,763 | DEBUG | root | IDMPolicy is released
2025-12-12 11:26:31,257 | DEBUG | root | EnvInputPolicy is released
2025-12-12 11:26:31,679 | DEBUG | root | EnvInputPolicy is released
2025-12-12 11:26:32,809 | DEBUG | root | EnvInputPolicy is released
2025-12-12 11:26:34,510 | DEBUG | root | IDMPolicy is released
2025-12-12 11:26:34,935 | DEBUG | root | EnvInputPolicy is released
2025-12-12 11:26:36,728 | DEBUG | root | IDMPolicy is released
2025-12-12 11:26:39,734 | DEBUG | root | EnvInputPolicy is released
2025-12-12 11:26:40,118 | DEBUG | root | EnvInputPolicy is released
2025-12-12 11:26:42,816 | DEBUG | root | IDMPolicy is released
2025-12-12 11:26:43,593 | DEBUG | root | EnvInputPolicy is released
2025-12-12 11:26:43,739 | DEBUG | root | IDMPolicy is released
2025-12-12 11:26:46,817 | DEBUG | root | EnvInputPolicy is released
2025-12-12 11:26:47,542 | DEBUG | root | EnvInputPolicy is released
2025-12-12 11:26:50,752 | DEBUG | root | IDMPolicy is released
2025-12-12 11:26:51,582 | DEBUG | root | EnvInputPolicy is released
2025-12-12 11:26:51,775 | DEBUG | root | IDMPolicy is released
2025-12-12 11:26:52,229 | DEBUG | root | EnvInputPolicy is released
2025-12-12 11:26:52,846 | DEBUG | root | EnvInputPolicy is released
2025-12-12 11:26:53,213 | DEBUG | root | IDMPolicy is released
2025-12-12 11:26:57,011 | DEBUG | root | EnvInputPolicy is released
2025-12-12 11:26:57,778 | DEBUG | root | IDMPolicy is released
2025-12-12 11:27:00,934 | DEBUG | root | EnvInputPolicy is released
2025-12-12 11:27:01,634 | DEBUG | root | EnvInputPolicy is released
2025-12-12 11:27:01,634 | DEBUG | root | EnvInputPolicy is released
2025-12-12 11:27:04,903 | DEBUG | root | EnvInputPolicy is released
2025-12-12 11:27:05,223 | DEBUG | root | IDMPolicy is released
2025-12-12 11:27:05,455 | DEBUG | root | EnvInputPolicy is released
2025-12-12 11:27:12,864 | DEBUG | root | EnvInputPolicy is released
2025-12-12 11:27:13,029 | DEBUG | root | EnvInputPolicy is released
2025-12-12 11:27:14,328 | DEBUG | root | IDMPolicy is released
2025-12-12 11:27:15,357 | DEBUG | root | IDMPolicy is released
2025-12-12 11:27:15,936 | DEBUG | root | IDMPolicy is released
2025-12-12 11:27:16,286 | DEBUG | root | EnvInputPolicy is released
2025-12-12 11:27:18,950 | DEBUG | root | IDMPolicy is released
2025-12-12 11:27:19,310 | DEBUG | root | EnvInputPolicy is released
2025-12-12 11:27:23,729 | DEBUG | root | EnvInputPolicy is released
2025-12-12 11:27:26,315 | DEBUG | root | EnvInputPolicy is released
2025-12-12 11:27:27,025 | DEBUG | root | EnvInputPolicy is released
2025-12-12 11:27:28,577 | DEBUG | root | EnvInputPolicy is released
2025-12-12 11:27:29,734 | DEBUG | root | IDMPolicy is released
2025-12-12 11:27:30,042 | DEBUG | root | EnvInputPolicy is released
2025-12-12 11:27:35,069 | DEBUG | root | IDMPolicy is released
2025-12-12 11:27:36,029 | DEBUG | root | EnvInputPolicy is released
2025-12-12 11:27:36,362 | DEBUG | root | EnvInputPolicy is released
2025-12-12 11:27:36,801 | DEBUG | root | EnvInputPolicy is released
2025-12-12 11:27:38,431 | DEBUG | root | IDMPolicy is released
2025-12-12 11:27:40,580 | DEBUG | root | IDMPolicy is released
2025-12-12 11:27:40,741 | DEBUG | root | IDMPolicy is released
2025-12-12 11:27:41,571 | DEBUG | root | EnvInputPolicy is released
2025-12-12 11:27:42,754 | DEBUG | root | EnvInputPolicy is released
2025-12-12 11:27:44,744 | DEBUG | root | IDMPolicy is released
2025-12-12 11:27:45,729 | DEBUG | root | EnvInputPolicy is released
2025-12-12 11:27:47,291 | DEBUG | root | EnvInputPolicy is released
2025-12-12 11:27:47,601 | DEBUG | root | EnvInputPolicy is released
2025-12-12 11:27:48,053 | DEBUG | root | IDMPolicy is released
2025-12-12 11:27:48,687 | DEBUG | root | IDMPolicy is released
2025-12-12 11:27:51,385 | DEBUG | root | IDMPolicy is released
2025-12-12 11:27:52,064 | DEBUG | root | EnvInputPolicy is released
2025-12-12 11:27:53,194 | DEBUG | root | EnvInputPolicy is released
2025-12-12 11:27:55,169 | DEBUG | root | IDMPolicy is released
2025-12-12 11:27:57,935 | DEBUG | root | IDMPolicy is released
2025-12-12 11:27:59,327 | DEBUG | root | EnvInputPolicy is released
2025-12-12 11:28:01,637 | DEBUG | root | EnvInputPolicy is released
2025-12-12 11:28:01,824 | DEBUG | root | EnvInputPolicy is released
2025-12-12 11:28:02,937 | DEBUG | root | IDMPolicy is released
2025-12-12 11:28:05,007 | DEBUG | root | IDMPolicy is released
2025-12-12 11:28:07,733 | DEBUG | root | EnvInputPolicy is released
2025-12-12 11:28:10,802 | DEBUG | root | EnvInputPolicy is released
2025-12-12 11:28:11,640 | DEBUG | root | IDMPolicy is released
2025-12-12 11:28:11,813 | DEBUG | root | IDMPolicy is released
2025-12-12 11:28:12,536 | DEBUG | root | EnvInputPolicy is released
2025-12-12 11:28:13,695 | DEBUG | root | IDMPolicy is released
2025-12-12 11:28:13,727 | DEBUG | root | EnvInputPolicy is released
2025-12-12 11:28:18,146 | DEBUG | root | EnvInputPolicy is released
2025-12-12 11:28:18,956 | DEBUG | root | EnvInputPolicy is released
2025-12-12 11:28:19,135 | DEBUG | root | IDMPolicy is released
2025-12-12 11:28:24,420 | DEBUG | root | IDMPolicy is released
2025-12-12 11:28:25,070 | DEBUG | root | EnvInputPolicy is released
2025-12-12 11:28:25,796 | DEBUG | root | IDMPolicy is released
2025-12-12 11:28:26,427 | DEBUG | root | EnvInputPolicy is released
2025-12-12 11:28:27,730 | DEBUG | root | EnvInputPolicy is released
2025-12-12 11:28:32,822 | DEBUG | root | EnvInputPolicy is released
2025-12-12 11:28:35,434 | DEBUG | root | IDMPolicy is released
2025-12-12 11:28:35,701 | DEBUG | root | EnvInputPolicy is released
2025-12-12 11:28:37,267 | DEBUG | root | IDMPolicy is released
2025-12-12 11:28:39,421 | DEBUG | root | EnvInputPolicy is released
2025-12-12 11:28:43,742 | DEBUG | root | EnvInputPolicy is released
2025-12-12 11:28:44,424 | DEBUG | root | IDMPolicy is released
2025-12-12 11:28:44,446 | DEBUG | root | EnvInputPolicy is released
2025-12-12 11:28:48,425 | DEBUG | root | IDMPolicy is released
2025-12-12 11:28:48,656 | DEBUG | root | EnvInputPolicy is released
2025-12-12 11:28:53,196 | DEBUG | root | EnvInputPolicy is released
2025-12-12 11:28:55,543 | DEBUG | root | EnvInputPolicy is released
2025-12-12 11:28:57,324 | DEBUG | root | IDMPolicy is released
2025-12-12 11:28:58,931 | DEBUG | root | EnvInputPolicy is released
2025-12-12 11:28:59,941 | DEBUG | root | IDMPolicy is released
2025-12-12 11:29:01,359 | DEBUG | root | IDMPolicy is released
2025-12-12 11:29:02,102 | DEBUG | root | EnvInputPolicy is released
2025-12-12 11:29:03,131 | DEBUG | root | EnvInputPolicy is released
2025-12-12 11:29:03,132 | DEBUG | root | IDMPolicy is released
2025-12-12 11:29:03,132 | DEBUG | root | IDMPolicy is released
2025-12-12 11:29:03,133 | DEBUG | root | IDMPolicy is released
2025-12-12 11:29:03,133 | DEBUG | root | IDMPolicy is released
2025-12-12 11:29:03,133 | DEBUG | root | IDMPolicy is released
2025-12-12 11:29:03,134 | DEBUG | root | IDMPolicy is released
2025-12-12 11:29:03,134 | DEBUG | root | IDMPolicy is released
2025-12-12 11:29:03,135 | DEBUG | root | IDMPolicy is released
2025-12-12 11:29:03,135 | DEBUG | root | IDMPolicy is released
2025-12-12 11:29:03,135 | DEBUG | root | IDMPolicy is released
2025-12-12 11:29:03,136 | DEBUG | root | IDMPolicy is released
2025-12-12 11:29:03,136 | DEBUG | root | IDMPolicy is released
2025-12-12 11:29:03,136 | DEBUG | root | IDMPolicy is released
2025-12-12 11:29:03,137 | DEBUG | root | IDMPolicy is released
2025-12-12 11:29:03,137 | DEBUG | root | IDMPolicy is released
2025-12-12 11:29:03,138 | DEBUG | root | IDMPolicy is released
2025-12-12 11:29:03,138 | DEBUG | root | IDMPolicy is released
2025-12-12 11:29:03,138 | DEBUG | root | IDMPolicy is released
2025-12-12 11:29:03,139 | DEBUG | root | IDMPolicy is released
2025-12-12 11:29:03,139 | DEBUG | root | IDMPolicy is released
2025-12-12 11:29:03,139 | DEBUG | root | IDMPolicy is released
2025-12-12 11:29:03,139 | DEBUG | root | IDMPolicy is released
2025-12-12 11:29:03,139 | DEBUG | root | IDMPolicy is released
2025-12-12 11:29:03,140 | DEBUG | root | IDMPolicy is released
2025-12-12 11:29:03,140 | DEBUG | root | IDMPolicy is released
2025-12-12 11:29:03,140 | DEBUG | root | IDMPolicy is released
2025-12-12 11:29:03,140 | DEBUG | root | IDMPolicy is released
2025-12-12 11:29:03,141 | DEBUG | root | IDMPolicy is released
2025-12-12 11:29:03,141 | DEBUG | root | IDMPolicy is released
2025-12-12 11:29:03,142 | DEBUG | root | IDMPolicy is released
2025-12-12 11:29:03,142 | DEBUG | root | IDMPolicy is released
2025-12-12 11:29:03,143 | DEBUG | root | IDMPolicy is released
2025-12-12 11:29:03,143 | DEBUG | root | IDMPolicy is released
2025-12-12 11:29:03,144 | DEBUG | root | IDMPolicy is released
2025-12-12 11:29:03,144 | DEBUG | root | IDMPolicy is released
2025-12-12 11:29:03,144 | DEBUG | root | IDMPolicy is released
2025-12-12 11:29:03,144 | DEBUG | root | IDMPolicy is released
2025-12-12 11:29:03,144 | DEBUG | root | IDMPolicy is released
2025-12-12 11:29:03,145 | DEBUG | root | IDMPolicy is released
2025-12-12 11:29:03,145 | DEBUG | root | IDMPolicy is released
2025-12-12 11:29:03,145 | DEBUG | root | IDMPolicy is released
2025-12-12 11:29:03,146 | DEBUG | root | IDMPolicy is released
2025-12-12 11:29:03,162 | DEBUG | root | forward
2025-12-12 11:29:03,207 | DEBUG | root | forward
2025-12-12 11:29:03,218 | DEBUG | root | forward
2025-12-12 11:29:03,284 | DEBUG | root | forward
2025-12-12 11:29:03,361 | DEBUG | root | forward
2025-12-12 11:29:03,452 | DEBUG | root | forward
2025-12-12 11:29:03,516 | DEBUG | root | forward
2025-12-12 11:29:03,606 | DEBUG | root | forward
2025-12-12 11:29:03,744 | DEBUG | root | forward
2025-12-12 11:29:03,890 | DEBUG | root | Destroy Big
2025-12-12 11:29:03,990 | DEBUG | root | load scene Use random traffic
2025-12-12 11:29:04,069 | DEBUG | root | Load Vehicle Module: NodeNetworkNavigation
2025-12-12 11:29:04,081 | DEBUG | root | Load Vehicle Module: NodeNetworkNavigation
2025-12-12 11:29:04,096 | DEBUG | root | Load Vehicle Module: NodeNetworkNavigation
2025-12-12 11:29:04,100 | DEBUG | root | Load Vehicle Module: NodeNetworkNavigation
2025-12-12 11:29:04,122 | DEBUG | root | Load Vehicle Module: NodeNetworkNavigation
2025-12-12 11:29:04,136 | DEBUG | root | Load Vehicle Module: NodeNetworkNavigation
2025-12-12 11:29:04,149 | DEBUG | root | Load Vehicle Module: NodeNetworkNavigation
2025-12-12 11:29:13,374 | DEBUG | root | EnvInputPolicy is released
2025-12-12 11:29:13,736 | DEBUG | root | EnvInputPolicy is released
2025-12-12 11:29:16,797 | DEBUG | root | EnvInputPolicy is released
2025-12-12 11:29:18,333 | DEBUG | root | EnvInputPolicy is released
2025-12-12 11:29:20,477 | DEBUG | root | EnvInputPolicy is released
2025-12-12 11:29:28,586 | DEBUG | root | EnvInputPolicy is released
2025-12-12 11:29:28,772 | DEBUG | root | EnvInputPolicy is released
2025-12-12 11:29:29,163 | DEBUG | root | EnvInputPolicy is released
2025-12-12 11:29:30,304 | DEBUG | root | EnvInputPolicy is released
2025-12-12 11:29:30,750 | DEBUG | root | IDMPolicy is released
2025-12-12 11:29:31,634 | DEBUG | root | IDMPolicy is released
2025-12-12 11:29:35,080 | DEBUG | root | EnvInputPolicy is released
2025-12-12 11:29:36,024 | DEBUG | root | IDMPolicy is released
2025-12-12 11:29:36,169 | DEBUG | root | IDMPolicy is released
2025-12-12 11:29:37,919 | DEBUG | root | EnvInputPolicy is released
2025-12-12 11:29:38,217 | DEBUG | root | IDMPolicy is released
2025-12-12 11:29:39,352 | DEBUG | root | EnvInputPolicy is released
2025-12-12 11:29:39,475 | DEBUG | root | IDMPolicy is released
2025-12-12 11:29:41,396 | DEBUG | root | EnvInputPolicy is released
2025-12-12 11:29:49,420 | DEBUG | root | EnvInputPolicy is released
2025-12-12 11:29:49,420 | DEBUG | root | EnvInputPolicy is released
2025-12-12 11:29:49,764 | DEBUG | root | EnvInputPolicy is released
2025-12-12 11:29:51,961 | DEBUG | root | EnvInputPolicy is released
2025-12-12 11:29:53,624 | DEBUG | root | EnvInputPolicy is released
2025-12-12 11:29:54,724 | DEBUG | root | EnvInputPolicy is released
2025-12-12 11:29:55,341 | DEBUG | root | IDMPolicy is released
2025-12-12 11:29:55,688 | DEBUG | root | EnvInputPolicy is released
2025-12-12 11:30:03,481 | DEBUG | root | IDMPolicy is released
2025-12-12 11:30:04,086 | DEBUG | root | EnvInputPolicy is released
2025-12-12 11:30:05,593 | DEBUG | root | EnvInputPolicy is released
2025-12-12 11:30:09,570 | DEBUG | root | IDMPolicy is released
2025-12-12 11:30:09,749 | DEBUG | root | EnvInputPolicy is released
2025-12-12 11:30:11,922 | DEBUG | root | IDMPolicy is released
2025-12-12 11:30:12,890 | DEBUG | root | EnvInputPolicy is released
2025-12-12 11:30:13,047 | DEBUG | root | EnvInputPolicy is released
2025-12-12 11:30:13,199 | DEBUG | root | EnvInputPolicy is released
2025-12-12 11:30:18,071 | DEBUG | root | EnvInputPolicy is released
2025-12-12 11:30:18,472 | DEBUG | root | EnvInputPolicy is released
2025-12-12 11:30:19,439 | DEBUG | root | EnvInputPolicy is released
2025-12-12 11:30:20,179 | DEBUG | root | IDMPolicy is released
2025-12-12 11:30:28,830 | DEBUG | root | EnvInputPolicy is released
2025-12-12 11:30:30,051 | DEBUG | root | EnvInputPolicy is released
2025-12-12 11:30:31,591 | DEBUG | root | EnvInputPolicy is released
2025-12-12 11:30:31,591 | DEBUG | root | EnvInputPolicy is released
2025-12-12 11:30:32,668 | DEBUG | root | EnvInputPolicy is released
2025-12-12 11:30:32,942 | DEBUG | root | IDMPolicy is released
2025-12-12 11:30:34,081 | DEBUG | root | EnvInputPolicy is released
2025-12-12 11:30:37,104 | DEBUG | root | EnvInputPolicy is released
2025-12-12 11:30:37,428 | DEBUG | root | EnvInputPolicy is released
2025-12-12 11:30:39,210 | DEBUG | root | IDMPolicy is released
2025-12-12 11:30:42,815 | DEBUG | root | EnvInputPolicy is released
2025-12-12 11:30:43,011 | DEBUG | root | IDMPolicy is released
2025-12-12 11:30:47,125 | DEBUG | root | EnvInputPolicy is released
2025-12-12 11:30:47,805 | DEBUG | root | EnvInputPolicy is released
2025-12-12 11:30:49,074 | DEBUG | root | IDMPolicy is released
2025-12-12 11:30:50,169 | DEBUG | root | EnvInputPolicy is released
2025-12-12 11:30:50,382 | DEBUG | root | EnvInputPolicy is released
2025-12-12 11:30:51,364 | DEBUG | root | EnvInputPolicy is released
2025-12-12 11:30:51,928 | DEBUG | root | EnvInputPolicy is released
2025-12-12 11:30:52,115 | DEBUG | root | EnvInputPolicy is released
2025-12-12 11:30:56,597 | DEBUG | root | IDMPolicy is released
2025-12-12 11:30:58,872 | DEBUG | root | IDMPolicy is released
2025-12-12 11:31:02,091 | DEBUG | root | EnvInputPolicy is released
2025-12-12 11:31:03,711 | DEBUG | root | IDMPolicy is released
2025-12-12 11:31:04,562 | DEBUG | root | EnvInputPolicy is released
2025-12-12 11:31:06,780 | DEBUG | root | EnvInputPolicy is released
2025-12-12 11:31:08,541 | DEBUG | root | EnvInputPolicy is released
2025-12-12 11:31:09,390 | DEBUG | root | EnvInputPolicy is released
2025-12-12 11:31:09,986 | DEBUG | root | EnvInputPolicy is released
2025-12-12 11:31:11,474 | DEBUG | root | EnvInputPolicy is released
2025-12-12 11:31:12,884 | DEBUG | root | IDMPolicy is released
2025-12-12 11:31:13,946 | DEBUG | root | EnvInputPolicy is released
2025-12-12 11:31:14,487 | DEBUG | root | EnvInputPolicy is released
2025-12-12 11:31:20,837 | DEBUG | root | IDMPolicy is released
2025-12-12 11:31:24,627 | DEBUG | root | EnvInputPolicy is released
2025-12-12 11:31:25,260 | DEBUG | root | EnvInputPolicy is released
2025-12-12 11:31:25,695 | DEBUG | root | IDMPolicy is released
2025-12-12 11:31:29,578 | DEBUG | root | EnvInputPolicy is released
2025-12-12 11:31:30,147 | DEBUG | root | EnvInputPolicy is released
2025-12-12 11:31:32,820 | DEBUG | root | IDMPolicy is released
2025-12-12 11:31:33,183 | DEBUG | root | IDMPolicy is released
2025-12-12 11:31:34,313 | DEBUG | root | EnvInputPolicy is released
2025-12-12 11:31:35,007 | DEBUG | root | EnvInputPolicy is released
2025-12-12 11:31:36,193 | DEBUG | root | EnvInputPolicy is released
2025-12-12 11:31:37,063 | DEBUG | root | EnvInputPolicy is released
2025-12-12 11:31:37,375 | DEBUG | root | IDMPolicy is released
2025-12-12 11:31:43,293 | DEBUG | root | IDMPolicy is released
2025-12-12 11:31:43,543 | DEBUG | root | EnvInputPolicy is released
2025-12-12 11:31:47,980 | DEBUG | root | EnvInputPolicy is released
2025-12-12 11:31:47,980 | DEBUG | root | EnvInputPolicy is released
2025-12-12 11:31:48,174 | DEBUG | root | EnvInputPolicy is released
2025-12-12 11:31:51,193 | DEBUG | root | IDMPolicy is released
2025-12-12 11:31:51,227 | DEBUG | root | EnvInputPolicy is released
2025-12-12 11:31:52,461 | DEBUG | root | EnvInputPolicy is released
2025-12-12 11:31:52,623 | DEBUG | root | IDMPolicy is released
2025-12-12 11:31:54,289 | DEBUG | root | EnvInputPolicy is released
2025-12-12 11:31:59,776 | DEBUG | root | EnvInputPolicy is released
2025-12-12 11:32:00,376 | DEBUG | root | IDMPolicy is released
2025-12-12 11:32:03,522 | DEBUG | root | EnvInputPolicy is released
2025-12-12 11:32:11,347 | DEBUG | root | EnvInputPolicy is released
2025-12-12 11:32:13,684 | DEBUG | root | EnvInputPolicy is released
2025-12-12 11:32:14,241 | DEBUG | root | EnvInputPolicy is released
2025-12-12 11:32:17,579 | DEBUG | root | EnvInputPolicy is released
2025-12-12 11:32:19,417 | DEBUG | root | EnvInputPolicy is released
2025-12-12 11:32:20,396 | DEBUG | root | EnvInputPolicy is released
2025-12-12 11:32:26,080 | DEBUG | root | EnvInputPolicy is released
2025-12-12 11:32:27,059 | DEBUG | root | IDMPolicy is released
2025-12-12 11:32:28,510 | DEBUG | root | EnvInputPolicy is released
2025-12-12 11:32:32,201 | DEBUG | root | EnvInputPolicy is released
2025-12-12 11:32:32,797 | DEBUG | root | IDMPolicy is released
2025-12-12 11:32:33,646 | DEBUG | root | EnvInputPolicy is released
2025-12-12 11:32:33,646 | DEBUG | root | EnvInputPolicy is released
2025-12-12 11:32:35,638 | DEBUG | root | IDMPolicy is released
2025-12-12 11:32:36,545 | DEBUG | root | EnvInputPolicy is released
2025-12-12 11:32:36,745 | DEBUG | root | IDMPolicy is released
2025-12-12 11:32:39,350 | DEBUG | root | EnvInputPolicy is released
2025-12-12 11:32:39,837 | DEBUG | root | EnvInputPolicy is released
2025-12-12 11:32:41,837 | DEBUG | root | EnvInputPolicy is released
2025-12-12 11:32:43,743 | DEBUG | root | IDMPolicy is released
2025-12-12 11:32:44,341 | DEBUG | root | EnvInputPolicy is released
2025-12-12 11:32:45,519 | DEBUG | root | IDMPolicy is released
2025-12-12 11:32:47,559 | DEBUG | root | EnvInputPolicy is released
2025-12-12 11:32:47,559 | DEBUG | root | EnvInputPolicy is released
2025-12-12 11:32:50,110 | DEBUG | root | EnvInputPolicy is released
2025-12-12 11:32:52,177 | DEBUG | root | IDMPolicy is released
2025-12-12 11:32:52,614 | DEBUG | root | IDMPolicy is released
2025-12-12 11:32:53,095 | DEBUG | root | EnvInputPolicy is released
2025-12-12 11:32:55,503 | DEBUG | root | EnvInputPolicy is released
2025-12-12 11:32:59,468 | DEBUG | root | EnvInputPolicy is released
2025-12-12 11:33:00,245 | DEBUG | root | EnvInputPolicy is released
2025-12-12 11:33:03,610 | DEBUG | root | EnvInputPolicy is released
2025-12-12 11:33:05,313 | DEBUG | root | EnvInputPolicy is released
2025-12-12 11:33:06,811 | DEBUG | root | EnvInputPolicy is released
2025-12-12 11:33:08,684 | DEBUG | root | EnvInputPolicy is released
2025-12-12 11:33:09,958 | DEBUG | root | Roundabout, ID:None is destroyed
2025-12-12 11:33:09,958 | DEBUG | root | StdTInterSection, ID:None is destroyed
2025-12-12 11:33:09,958 | DEBUG | root | Curve, ID:None is destroyed
2025-12-12 11:33:09,958 | DEBUG | root | StdInterSection, ID:None is destroyed
2025-12-12 11:33:09,958 | DEBUG | root | Roundabout, ID:None is destroyed
2025-12-12 11:33:09,958 | DEBUG | root | StdTInterSection, ID:None is destroyed
2025-12-12 11:33:09,958 | DEBUG | root | Curve, ID:None is destroyed
2025-12-12 11:33:09,958 | DEBUG | root | StdInterSection, ID:None is destroyed
2025-12-12 11:33:09,958 | DEBUG | root | FirstPGBlock, ID:None is destroyed
2025-12-12 11:33:09,958 | DEBUG | root | StdInterSection, ID:None is destroyed
2025-12-12 11:33:10,013 | DEBUG | root | Roundabout, ID:None is destroyed
2025-12-12 11:33:10,013 | DEBUG | root | StdTInterSection, ID:None is destroyed
2025-12-12 11:33:10,013 | DEBUG | root | Curve, ID:None is destroyed
2025-12-12 11:33:10,013 | DEBUG | root | StdInterSection, ID:None is destroyed
2025-12-12 11:33:10,013 | DEBUG | root | Roundabout, ID:None is destroyed
2025-12-12 11:33:10,013 | DEBUG | root | StdTInterSection, ID:None is destroyed
2025-12-12 11:33:10,013 | DEBUG | root | Curve, ID:None is destroyed
2025-12-12 11:33:10,013 | DEBUG | root | StdInterSection, ID:None is destroyed
2025-12-12 11:33:10,013 | DEBUG | root | FirstPGBlock, ID:None is destroyed
2025-12-12 11:33:10,013 | DEBUG | root | StdInterSection, ID:None is destroyed
2025-12-12 11:33:10,013 | DEBUG | metadrive.component.map.base_map | <class 'metadrive.component.map.pg_map.PGMap'> 2is being deleted.
2025-12-12 11:33:10,013 | DEBUG | root | EnvInputPolicy is released
2025-12-12 11:33:10,021 | DEBUG | root | NodeNetworkNavigation is destroyed
2025-12-12 11:33:10,021 | DEBUG | root | EnvInputPolicy is released
2025-12-12 11:33:10,021 | DEBUG | root | NodeNetworkNavigation is destroyed
2025-12-12 11:33:10,021 | DEBUG | root | EnvInputPolicy is released
2025-12-12 11:33:10,026 | DEBUG | root | NodeNetworkNavigation is destroyed
2025-12-12 11:33:10,026 | DEBUG | root | EnvInputPolicy is released
2025-12-12 11:33:10,029 | DEBUG | root | NodeNetworkNavigation is destroyed
2025-12-12 11:33:10,029 | DEBUG | root | EnvInputPolicy is released
2025-12-12 11:33:10,030 | DEBUG | root | NodeNetworkNavigation is destroyed
2025-12-12 11:33:10,030 | DEBUG | root | EnvInputPolicy is released
2025-12-12 11:33:10,035 | DEBUG | root | NodeNetworkNavigation is destroyed
2025-12-12 11:33:10,037 | DEBUG | root | EnvInputPolicy is released
2025-12-12 11:33:10,038 | DEBUG | root | NodeNetworkNavigation is destroyed
2025-12-12 11:33:10,040 | DEBUG | root | IDMPolicy is released
2025-12-12 11:33:10,040 | DEBUG | root | IDMPolicy is released
2025-12-12 11:33:10,041 | DEBUG | root | IDMPolicy is released
2025-12-12 11:33:10,041 | DEBUG | root | IDMPolicy is released
2025-12-12 11:33:10,042 | DEBUG | root | IDMPolicy is released
2025-12-12 11:33:10,044 | DEBUG | root | IDMPolicy is released
2025-12-12 11:33:10,045 | DEBUG | root | IDMPolicy is released
2025-12-12 11:33:10,045 | DEBUG | root | IDMPolicy is released
2025-12-12 11:33:10,045 | DEBUG | root | IDMPolicy is released
2025-12-12 11:33:10,046 | DEBUG | root | IDMPolicy is released
2025-12-12 11:33:10,047 | DEBUG | root | IDMPolicy is released
2025-12-12 11:33:10,047 | DEBUG | root | IDMPolicy is released
2025-12-12 11:33:10,047 | DEBUG | root | IDMPolicy is released
2025-12-12 11:33:10,047 | DEBUG | root | IDMPolicy is released
2025-12-12 11:33:10,047 | DEBUG | root | IDMPolicy is released
2025-12-12 11:33:10,047 | DEBUG | root | IDMPolicy is released
2025-12-12 11:33:10,049 | DEBUG | root | IDMPolicy is released
2025-12-12 11:33:10,051 | DEBUG | root | IDMPolicy is released
2025-12-12 11:33:10,051 | DEBUG | root | IDMPolicy is released
2025-12-12 11:33:10,051 | DEBUG | root | IDMPolicy is released
2025-12-12 11:33:10,051 | DEBUG | root | IDMPolicy is released
2025-12-12 11:33:10,051 | DEBUG | root | IDMPolicy is released
2025-12-12 11:33:10,051 | DEBUG | root | IDMPolicy is released
2025-12-12 11:33:10,051 | DEBUG | root | IDMPolicy is released
2025-12-12 11:33:10,051 | DEBUG | root | IDMPolicy is released
2025-12-12 11:33:10,051 | DEBUG | root | IDMPolicy is released
2025-12-12 11:33:10,051 | DEBUG | root | IDMPolicy is released
2025-12-12 11:33:10,051 | DEBUG | root | IDMPolicy is released
2025-12-12 11:33:10,051 | DEBUG | root | IDMPolicy is released
2025-12-12 11:33:10,056 | DEBUG | root | IDMPolicy is released
2025-12-12 11:33:10,056 | DEBUG | root | IDMPolicy is released
2025-12-12 11:33:10,057 | DEBUG | root | IDMPolicy is released
2025-12-12 11:33:10,058 | DEBUG | root | IDMPolicy is released
2025-12-12 11:33:10,058 | DEBUG | root | IDMPolicy is released
2025-12-12 11:33:10,058 | DEBUG | root | IDMPolicy is released
2025-12-12 11:33:10,058 | DEBUG | root | IDMPolicy is released
2025-12-12 11:33:10,058 | DEBUG | root | IDMPolicy is released
2025-12-12 11:33:10,058 | DEBUG | root | IDMPolicy is released
2025-12-12 11:33:10,058 | DEBUG | root | IDMPolicy is released
2025-12-12 11:33:10,058 | DEBUG | root | IDMPolicy is released
2025-12-12 11:33:10,058 | DEBUG | root | IDMPolicy is released
2025-12-12 11:33:10,058 | DEBUG | root | IDMPolicy is released
2025-12-12 11:33:10,064 | DEBUG | root | NodeNetworkNavigation is destroyed
2025-12-12 11:33:10,065 | DEBUG | root | NodeNetworkNavigation is destroyed
2025-12-12 11:33:10,067 | DEBUG | root | NodeNetworkNavigation is destroyed
2025-12-12 11:33:10,070 | DEBUG | root | NodeNetworkNavigation is destroyed
2025-12-12 11:33:10,070 | DEBUG | root | NodeNetworkNavigation is destroyed
2025-12-12 11:33:10,077 | DEBUG | root | NodeNetworkNavigation is destroyed
2025-12-12 11:33:10,078 | DEBUG | root | NodeNetworkNavigation is destroyed
2025-12-12 11:33:10,078 | DEBUG | root | NodeNetworkNavigation is destroyed
2025-12-12 11:33:10,081 | DEBUG | root | NodeNetworkNavigation is destroyed
2025-12-12 11:33:10,085 | DEBUG | root | NodeNetworkNavigation is destroyed
2025-12-12 11:33:10,088 | DEBUG | root | NodeNetworkNavigation is destroyed
2025-12-12 11:33:10,091 | DEBUG | root | NodeNetworkNavigation is destroyed
2025-12-12 11:33:10,094 | DEBUG | root | NodeNetworkNavigation is destroyed
2025-12-12 11:33:10,098 | DEBUG | root | NodeNetworkNavigation is destroyed
2025-12-12 11:33:10,101 | DEBUG | root | NodeNetworkNavigation is destroyed
2025-12-12 11:33:10,108 | DEBUG | root | NodeNetworkNavigation is destroyed
2025-12-12 11:33:10,113 | DEBUG | root | NodeNetworkNavigation is destroyed
2025-12-12 11:33:10,113 | DEBUG | root | NodeNetworkNavigation is destroyed
2025-12-12 11:33:10,119 | DEBUG | root | NodeNetworkNavigation is destroyed
2025-12-12 11:33:10,121 | DEBUG | root | NodeNetworkNavigation is destroyed
2025-12-12 11:33:10,126 | DEBUG | root | NodeNetworkNavigation is destroyed
2025-12-12 11:33:10,129 | DEBUG | root | NodeNetworkNavigation is destroyed
2025-12-12 11:33:10,133 | DEBUG | root | NodeNetworkNavigation is destroyed
2025-12-12 11:33:10,133 | DEBUG | root | NodeNetworkNavigation is destroyed
2025-12-12 11:33:10,137 | DEBUG | root | NodeNetworkNavigation is destroyed
2025-12-12 11:33:10,139 | DEBUG | root | NodeNetworkNavigation is destroyed
2025-12-12 11:33:10,139 | DEBUG | root | NodeNetworkNavigation is destroyed
2025-12-12 11:33:10,141 | DEBUG | root | NodeNetworkNavigation is destroyed
2025-12-12 11:33:10,141 | DEBUG | root | NodeNetworkNavigation is destroyed
2025-12-12 11:33:10,145 | DEBUG | root | NodeNetworkNavigation is destroyed
2025-12-12 11:33:10,148 | DEBUG | root | NodeNetworkNavigation is destroyed
2025-12-12 11:33:10,148 | DEBUG | root | NodeNetworkNavigation is destroyed
2025-12-12 11:33:10,153 | DEBUG | root | NodeNetworkNavigation is destroyed
2025-12-12 11:33:10,154 | DEBUG | root | NodeNetworkNavigation is destroyed
2025-12-12 11:33:10,154 | DEBUG | root | NodeNetworkNavigation is destroyed
2025-12-12 11:33:10,161 | DEBUG | root | NodeNetworkNavigation is destroyed
2025-12-12 11:33:10,163 | DEBUG | root | NodeNetworkNavigation is destroyed
2025-12-12 11:33:10,165 | DEBUG | root | NodeNetworkNavigation is destroyed
2025-12-12 11:33:10,168 | DEBUG | root | NodeNetworkNavigation is destroyed
2025-12-12 11:33:10,170 | DEBUG | root | NodeNetworkNavigation is destroyed
2025-12-12 11:33:10,174 | DEBUG | root | NodeNetworkNavigation is destroyed
2025-12-12 11:33:10,177 | DEBUG | root | NodeNetworkNavigation is destroyed
2025-12-12 11:33:10,178 | DEBUG | root | NodeNetworkNavigation is destroyed
2025-12-12 11:33:10,183 | DEBUG | root | NodeNetworkNavigation is destroyed
2025-12-12 11:33:10,187 | DEBUG | root | NodeNetworkNavigation is destroyed
2025-12-12 11:33:10,189 | DEBUG | root | NodeNetworkNavigation is destroyed
2025-12-12 11:33:10,193 | DEBUG | root | NodeNetworkNavigation is destroyed
2025-12-12 11:33:10,196 | DEBUG | root | NodeNetworkNavigation is destroyed
2025-12-12 11:33:10,199 | DEBUG | root | NodeNetworkNavigation is destroyed
2025-12-12 11:33:10,202 | DEBUG | root | NodeNetworkNavigation is destroyed
2025-12-12 11:33:10,205 | DEBUG | root | Pedestrian, ID:None is destroyed
2025-12-12 11:33:10,205 | DEBUG | root | BaseTrafficLight, ID:None is destroyed
2025-12-12 11:33:10,205 | DEBUG | root | TrafficBarrier, ID:None is destroyed
2025-12-12 11:33:10,205 | DEBUG | root | TrafficCone, ID:None is destroyed
2025-12-12 11:33:10,205 | DEBUG | root | MVehicle, ID:None is destroyed
2025-12-12 11:33:10,205 | DEBUG | root | MVehicle, ID:None is destroyed
2025-12-12 11:33:10,205 | DEBUG | root | MVehicle, ID:None is destroyed
2025-12-12 11:33:10,209 | DEBUG | root | MVehicle, ID:None is destroyed
2025-12-12 11:33:10,210 | DEBUG | root | MVehicle, ID:None is destroyed
2025-12-12 11:33:10,210 | DEBUG | root | MVehicle, ID:None is destroyed
2025-12-12 11:33:10,210 | DEBUG | root | MVehicle, ID:None is destroyed
2025-12-12 11:33:10,211 | DEBUG | root | MVehicle, ID:None is destroyed
2025-12-12 11:33:10,211 | DEBUG | root | MVehicle, ID:None is destroyed
2025-12-12 11:33:10,211 | DEBUG | root | MVehicle, ID:None is destroyed
2025-12-12 11:33:10,211 | DEBUG | root | MVehicle, ID:None is destroyed
2025-12-12 11:33:10,211 | DEBUG | root | MVehicle, ID:None is destroyed
2025-12-12 11:33:10,211 | DEBUG | root | MVehicle, ID:None is destroyed
2025-12-12 11:33:10,211 | DEBUG | root | XLVehicle, ID:None is destroyed
2025-12-12 11:33:10,211 | DEBUG | root | XLVehicle, ID:None is destroyed
2025-12-12 11:33:10,211 | DEBUG | root | XLVehicle, ID:None is destroyed
2025-12-12 11:33:10,213 | DEBUG | root | XLVehicle, ID:None is destroyed
2025-12-12 11:33:10,213 | DEBUG | root | XLVehicle, ID:None is destroyed
2025-12-12 11:33:10,213 | DEBUG | root | XLVehicle, ID:None is destroyed
2025-12-12 11:33:10,213 | DEBUG | root | XLVehicle, ID:None is destroyed
2025-12-12 11:33:10,213 | DEBUG | root | XLVehicle, ID:None is destroyed
2025-12-12 11:33:10,213 | DEBUG | root | SVehicle, ID:None is destroyed
2025-12-12 11:33:10,216 | DEBUG | root | SVehicle, ID:None is destroyed
2025-12-12 11:33:10,217 | DEBUG | root | SVehicle, ID:None is destroyed
2025-12-12 11:33:10,217 | DEBUG | root | SVehicle, ID:None is destroyed
2025-12-12 11:33:10,217 | DEBUG | root | SVehicle, ID:None is destroyed
2025-12-12 11:33:10,217 | DEBUG | root | SVehicle, ID:None is destroyed
2025-12-12 11:33:10,217 | DEBUG | root | SVehicle, ID:None is destroyed
2025-12-12 11:33:10,217 | DEBUG | root | SVehicle, ID:None is destroyed
2025-12-12 11:33:10,217 | DEBUG | root | SVehicle, ID:None is destroyed
2025-12-12 11:33:10,217 | DEBUG | root | SVehicle, ID:None is destroyed
2025-12-12 11:33:10,217 | DEBUG | root | SVehicle, ID:None is destroyed
2025-12-12 11:33:10,217 | DEBUG | root | SVehicle, ID:None is destroyed
2025-12-12 11:33:10,217 | DEBUG | root | SVehicle, ID:None is destroyed
2025-12-12 11:33:10,572 | DEBUG | root | LVehicle, ID:None is destroyed
2025-12-12 11:33:10,572 | DEBUG | root | LVehicle, ID:None is destroyed
2025-12-12 11:33:10,584 | DEBUG | root | LVehicle, ID:None is destroyed
2025-12-12 11:33:10,584 | DEBUG | root | LVehicle, ID:None is destroyed
2025-12-12 11:33:10,585 | DEBUG | root | LVehicle, ID:None is destroyed
2025-12-12 11:33:10,585 | DEBUG | root | LVehicle, ID:None is destroyed
2025-12-12 11:33:10,585 | DEBUG | root | LVehicle, ID:None is destroyed
2025-12-12 11:33:10,585 | DEBUG | root | LVehicle, ID:None is destroyed
2025-12-12 11:33:10,585 | DEBUG | root | LVehicle, ID:None is destroyed
2025-12-12 11:33:10,585 | DEBUG | root | LVehicle, ID:None is destroyed
2025-12-12 11:33:10,588 | DEBUG | root | LVehicle, ID:None is destroyed
2025-12-12 11:33:10,590 | DEBUG | root | LVehicle, ID:None is destroyed
2025-12-12 11:33:10,590 | DEBUG | root | LVehicle, ID:None is destroyed
2025-12-12 11:33:10,590 | DEBUG | root | LVehicle, ID:None is destroyed
2025-12-12 11:33:10,590 | DEBUG | root | LVehicle, ID:None is destroyed
2025-12-12 11:37:47,503 | DEBUG | matplotlib | matplotlib data path: C:\Users\Pushpak Chakraborty\Desktop\Final Year Project\venv\lib\site-packages\matplotlib\mpl-data
2025-12-12 11:37:47,508 | DEBUG | matplotlib | CONFIGDIR=C:\Users\Pushpak Chakraborty\.matplotlib
2025-12-12 11:37:47,508 | DEBUG | matplotlib | interactive is False
2025-12-12 11:37:47,508 | DEBUG | matplotlib | platform is win32
2025-12-12 11:37:47,941 | DEBUG | matplotlib | CACHEDIR=C:\Users\Pushpak Chakraborty\.matplotlib
2025-12-12 11:37:47,941 | DEBUG | matplotlib.font_manager | Using fontManager instance from C:\Users\Pushpak Chakraborty\.matplotlib\fontlist-v330.json
2025-12-12 11:37:51,096 | DEBUG | root | forward
2025-12-12 11:37:51,148 | DEBUG | root | forward
2025-12-12 11:37:51,205 | DEBUG | root | forward
2025-12-12 11:37:51,268 | DEBUG | root | forward
2025-12-12 11:37:51,356 | DEBUG | root | forward
2025-12-12 11:37:51,452 | DEBUG | root | destruct
2025-12-12 11:37:51,461 | DEBUG | root | sibling
2025-12-12 11:37:51,587 | DEBUG | root | destruct
2025-12-12 11:37:51,587 | DEBUG | root | sibling
2025-12-12 11:37:51,693 | DEBUG | root | destruct
2025-12-12 11:37:51,693 | DEBUG | root | sibling
2025-12-12 11:37:51,787 | DEBUG | root | destruct
2025-12-12 11:37:51,804 | DEBUG | root | sibling
2025-12-12 11:37:51,882 | DEBUG | root | destruct
2025-12-12 11:37:51,904 | DEBUG | root | back
2025-12-12 11:37:51,918 | DEBUG | root | StdInterSection, ID:None is destroyed
2025-12-12 11:37:51,928 | DEBUG | root | sibling
2025-12-12 11:37:52,009 | DEBUG | root | forward
2025-12-12 11:37:52,104 | DEBUG | root | destruct
2025-12-12 11:37:52,114 | DEBUG | root | sibling
2025-12-12 11:37:52,198 | DEBUG | root | destruct
2025-12-12 11:37:52,217 | DEBUG | root | sibling
2025-12-12 11:37:52,300 | DEBUG | root | destruct
2025-12-12 11:37:52,300 | DEBUG | root | sibling
2025-12-12 11:37:52,403 | DEBUG | root | destruct
2025-12-12 11:37:52,403 | DEBUG | root | sibling
2025-12-12 11:37:52,501 | DEBUG | root | destruct
2025-12-12 11:37:52,501 | DEBUG | root | back
2025-12-12 11:37:52,530 | DEBUG | root | StdInterSection, ID:None is destroyed
2025-12-12 11:37:52,540 | DEBUG | root | sibling
2025-12-12 11:37:52,632 | DEBUG | root | destruct
2025-12-12 11:37:52,643 | DEBUG | root | sibling
2025-12-12 11:37:52,734 | DEBUG | root | destruct
2025-12-12 11:37:52,754 | DEBUG | root | sibling
2025-12-12 11:37:52,844 | DEBUG | root | forward
2025-12-12 11:37:52,930 | DEBUG | root | destruct
2025-12-12 11:37:52,946 | DEBUG | root | sibling
2025-12-12 11:37:53,054 | DEBUG | root | destruct
2025-12-12 11:37:53,063 | DEBUG | root | sibling
2025-12-12 11:37:53,145 | DEBUG | root | destruct
2025-12-12 11:37:53,161 | DEBUG | root | sibling
2025-12-12 11:37:53,253 | DEBUG | root | destruct
2025-12-12 11:37:53,268 | DEBUG | root | sibling
2025-12-12 11:37:53,362 | DEBUG | root | destruct
2025-12-12 11:37:53,362 | DEBUG | root | back
2025-12-12 11:37:53,383 | DEBUG | root | StdInterSection, ID:None is destroyed
2025-12-12 11:37:53,394 | DEBUG | root | sibling
2025-12-12 11:37:53,394 | DEBUG | root | back
2025-12-12 11:37:53,419 | DEBUG | root | Roundabout, ID:None is destroyed
2025-12-12 11:37:53,423 | DEBUG | root | sibling
2025-12-12 11:37:53,471 | DEBUG | root | forward
2025-12-12 11:37:53,550 | DEBUG | root | forward
2025-12-12 11:37:53,629 | DEBUG | root | forward
2025-12-12 11:37:53,688 | DEBUG | root | destruct
2025-12-12 11:37:53,702 | DEBUG | root | sibling
2025-12-12 11:37:53,751 | DEBUG | root | destruct
2025-12-12 11:37:53,762 | DEBUG | root | sibling
2025-12-12 11:37:53,789 | DEBUG | root | destruct
2025-12-12 11:37:53,794 | DEBUG | root | sibling
2025-12-12 11:37:53,819 | DEBUG | root | destruct
2025-12-12 11:37:53,824 | DEBUG | root | sibling
2025-12-12 11:37:53,867 | DEBUG | root | destruct
2025-12-12 11:37:53,878 | DEBUG | root | back
2025-12-12 11:37:53,892 | DEBUG | root | Curve, ID:None is destroyed
2025-12-12 11:37:53,900 | DEBUG | root | sibling
2025-12-12 11:37:53,975 | DEBUG | root | forward
2025-12-12 11:37:54,023 | DEBUG | root | forward
2025-12-12 11:37:54,117 | DEBUG | root | destruct
2025-12-12 11:37:54,125 | DEBUG | root | sibling
2025-12-12 11:37:54,213 | DEBUG | root | destruct
2025-12-12 11:37:54,230 | DEBUG | root | sibling
2025-12-12 11:37:54,322 | DEBUG | root | destruct
2025-12-12 11:37:54,335 | DEBUG | root | sibling
2025-12-12 11:37:54,420 | DEBUG | root | destruct
2025-12-12 11:37:54,437 | DEBUG | root | sibling
2025-12-12 11:37:54,526 | DEBUG | root | destruct
2025-12-12 11:37:54,542 | DEBUG | root | back
2025-12-12 11:37:54,558 | DEBUG | root | StdTInterSection, ID:None is destroyed
2025-12-12 11:37:54,564 | DEBUG | root | sibling
2025-12-12 11:37:54,622 | DEBUG | root | forward
2025-12-12 11:37:54,717 | DEBUG | root | forward
2025-12-12 11:37:54,865 | DEBUG | root | forward
2025-12-12 11:37:54,999 | DEBUG | root | Destroy Big
2025-12-12 11:37:55,134 | DEBUG | root | Load Vehicle Module: NodeNetworkNavigation
2025-12-12 11:37:55,148 | DEBUG | root | Load Vehicle Module: NodeNetworkNavigation
2025-12-12 11:37:55,160 | DEBUG | root | Load Vehicle Module: NodeNetworkNavigation
2025-12-12 11:37:55,172 | DEBUG | root | Load Vehicle Module: NodeNetworkNavigation
2025-12-12 11:37:55,183 | DEBUG | root | Load Vehicle Module: NodeNetworkNavigation
2025-12-12 11:37:55,195 | DEBUG | root | Load Vehicle Module: NodeNetworkNavigation
2025-12-12 11:37:55,206 | DEBUG | root | Load Vehicle Module: NodeNetworkNavigation
2025-12-12 11:37:55,217 | DEBUG | root | Load Vehicle Module: NodeNetworkNavigation
2025-12-12 11:37:55,218 | DEBUG | root | load scene Use random traffic
2025-12-12 11:37:55,246 | DEBUG | root | Load Vehicle Module: NodeNetworkNavigation
2025-12-12 11:37:55,271 | DEBUG | root | Load Vehicle Module: NodeNetworkNavigation
2025-12-12 11:37:55,304 | DEBUG | root | Load Vehicle Module: NodeNetworkNavigation
2025-12-12 11:37:55,313 | DEBUG | root | Load Vehicle Module: NodeNetworkNavigation
2025-12-12 11:37:55,344 | DEBUG | root | Load Vehicle Module: NodeNetworkNavigation
2025-12-12 11:37:55,353 | DEBUG | root | Load Vehicle Module: NodeNetworkNavigation
2025-12-12 11:37:55,362 | DEBUG | root | Load Vehicle Module: NodeNetworkNavigation
2025-12-12 11:37:55,371 | DEBUG | root | Load Vehicle Module: NodeNetworkNavigation
2025-12-12 11:37:55,380 | DEBUG | root | Load Vehicle Module: NodeNetworkNavigation
2025-12-12 11:37:55,389 | DEBUG | root | Load Vehicle Module: NodeNetworkNavigation
2025-12-12 11:37:55,398 | DEBUG | root | Load Vehicle Module: NodeNetworkNavigation
2025-12-12 11:37:55,406 | DEBUG | root | Load Vehicle Module: NodeNetworkNavigation
2025-12-12 11:37:55,416 | DEBUG | root | Load Vehicle Module: NodeNetworkNavigation
2025-12-12 11:37:55,425 | DEBUG | root | Load Vehicle Module: NodeNetworkNavigation
2025-12-12 11:37:55,435 | DEBUG | root | Load Vehicle Module: NodeNetworkNavigation
2025-12-12 11:37:55,444 | DEBUG | root | Load Vehicle Module: NodeNetworkNavigation
2025-12-12 11:37:55,453 | DEBUG | root | Load Vehicle Module: NodeNetworkNavigation
2025-12-12 11:37:55,463 | DEBUG | root | Load Vehicle Module: NodeNetworkNavigation
2025-12-12 11:37:55,473 | DEBUG | root | Load Vehicle Module: NodeNetworkNavigation
2025-12-12 11:37:55,483 | DEBUG | root | Load Vehicle Module: NodeNetworkNavigation
2025-12-12 11:37:55,493 | DEBUG | root | Load Vehicle Module: NodeNetworkNavigation
2025-12-12 11:37:55,502 | DEBUG | root | Load Vehicle Module: NodeNetworkNavigation
2025-12-12 11:37:55,511 | DEBUG | root | Load Vehicle Module: NodeNetworkNavigation
2025-12-12 11:37:55,519 | DEBUG | root | Load Vehicle Module: NodeNetworkNavigation
2025-12-12 11:37:55,528 | DEBUG | root | Load Vehicle Module: NodeNetworkNavigation
2025-12-12 11:37:55,536 | DEBUG | root | Load Vehicle Module: NodeNetworkNavigation
2025-12-12 11:37:55,546 | DEBUG | root | Load Vehicle Module: NodeNetworkNavigation
2025-12-12 11:37:55,555 | DEBUG | root | Load Vehicle Module: NodeNetworkNavigation
2025-12-12 11:37:55,564 | DEBUG | root | Load Vehicle Module: NodeNetworkNavigation
2025-12-12 11:37:55,574 | DEBUG | root | Load Vehicle Module: NodeNetworkNavigation
2025-12-12 11:37:55,582 | DEBUG | root | Load Vehicle Module: NodeNetworkNavigation
2025-12-12 11:37:55,591 | DEBUG | root | Load Vehicle Module: NodeNetworkNavigation
2025-12-12 11:37:55,600 | DEBUG | root | Load Vehicle Module: NodeNetworkNavigation
2025-12-12 11:37:55,609 | DEBUG | root | Load Vehicle Module: NodeNetworkNavigation
2025-12-12 11:37:55,619 | DEBUG | root | Load Vehicle Module: NodeNetworkNavigation
2025-12-12 11:37:55,629 | DEBUG | root | Load Vehicle Module: NodeNetworkNavigation
2025-12-12 11:37:55,639 | DEBUG | root | Load Vehicle Module: NodeNetworkNavigation
2025-12-12 11:37:55,649 | DEBUG | root | Load Vehicle Module: NodeNetworkNavigation
2025-12-12 11:37:55,658 | DEBUG | root | Load Vehicle Module: NodeNetworkNavigation
2025-12-12 11:37:55,669 | DEBUG | root | Load Vehicle Module: NodeNetworkNavigation
2025-12-12 11:37:55,679 | DEBUG | root | Load Vehicle Module: NodeNetworkNavigation
2025-12-12 11:37:55,688 | DEBUG | root | Load Vehicle Module: NodeNetworkNavigation
2025-12-12 11:38:03,811 | DEBUG | root | EnvInputPolicy is released
2025-12-12 11:38:03,811 | DEBUG | root | EnvInputPolicy is released
2025-12-12 11:38:06,571 | DEBUG | root | EnvInputPolicy is released
2025-12-12 11:38:08,204 | DEBUG | root | EnvInputPolicy is released
2025-12-12 11:38:12,237 | DEBUG | root | EnvInputPolicy is released
2025-12-12 11:38:14,096 | DEBUG | root | EnvInputPolicy is released
2025-12-12 11:38:14,455 | DEBUG | root | EnvInputPolicy is released
2025-12-12 11:38:15,136 | DEBUG | root | EnvInputPolicy is released
2025-12-12 11:38:20,871 | DEBUG | root | EnvInputPolicy is released
2025-12-12 11:38:23,988 | DEBUG | root | IDMPolicy is released
2025-12-12 11:38:24,622 | DEBUG | root | EnvInputPolicy is released
2025-12-12 11:38:25,304 | DEBUG | root | IDMPolicy is released
2025-12-12 11:38:27,346 | DEBUG | root | IDMPolicy is released
2025-12-12 11:38:27,633 | DEBUG | root | IDMPolicy is released
2025-12-12 11:38:27,922 | DEBUG | root | EnvInputPolicy is released
2025-12-12 11:38:30,814 | DEBUG | root | IDMPolicy is released
2025-12-12 11:38:37,732 | DEBUG | root | EnvInputPolicy is released
2025-12-12 11:38:38,918 | DEBUG | root | IDMPolicy is released
2025-12-12 11:38:40,156 | DEBUG | root | EnvInputPolicy is released
2025-12-12 11:38:41,483 | DEBUG | root | EnvInputPolicy is released
2025-12-12 11:38:43,623 | DEBUG | root | EnvInputPolicy is released
2025-12-12 11:38:46,733 | DEBUG | root | EnvInputPolicy is released
2025-12-12 11:38:48,215 | DEBUG | root | IDMPolicy is released
2025-12-12 11:38:50,001 | DEBUG | root | EnvInputPolicy is released
2025-12-12 11:38:53,100 | DEBUG | root | EnvInputPolicy is released
2025-12-12 11:38:56,764 | DEBUG | root | EnvInputPolicy is released
2025-12-12 11:39:00,037 | DEBUG | root | EnvInputPolicy is released
2025-12-12 11:39:03,087 | DEBUG | root | EnvInputPolicy is released
2025-12-12 11:39:06,501 | DEBUG | root | EnvInputPolicy is released
2025-12-12 11:39:07,378 | DEBUG | root | IDMPolicy is released
2025-12-12 11:39:07,956 | DEBUG | root | IDMPolicy is released
2025-12-12 11:39:09,428 | DEBUG | root | EnvInputPolicy is released
2025-12-12 11:39:11,286 | DEBUG | root | EnvInputPolicy is released
2025-12-12 11:39:11,286 | DEBUG | root | EnvInputPolicy is released
2025-12-12 11:39:11,286 | DEBUG | root | IDMPolicy is released
2025-12-12 11:39:11,286 | DEBUG | root | IDMPolicy is released
2025-12-12 11:39:11,302 | DEBUG | root | IDMPolicy is released
2025-12-12 11:39:11,302 | DEBUG | root | IDMPolicy is released
2025-12-12 11:39:11,302 | DEBUG | root | IDMPolicy is released
2025-12-12 11:39:11,302 | DEBUG | root | IDMPolicy is released
2025-12-12 11:39:11,302 | DEBUG | root | IDMPolicy is released
2025-12-12 11:39:11,302 | DEBUG | root | IDMPolicy is released
2025-12-12 11:39:11,302 | DEBUG | root | IDMPolicy is released
2025-12-12 11:39:11,302 | DEBUG | root | IDMPolicy is released
2025-12-12 11:39:11,302 | DEBUG | root | IDMPolicy is released
2025-12-12 11:39:11,302 | DEBUG | root | IDMPolicy is released
2025-12-12 11:39:11,306 | DEBUG | root | IDMPolicy is released
2025-12-12 11:39:11,306 | DEBUG | root | IDMPolicy is released
2025-12-12 11:39:11,306 | DEBUG | root | IDMPolicy is released
2025-12-12 11:39:11,306 | DEBUG | root | IDMPolicy is released
2025-12-12 11:39:11,307 | DEBUG | root | IDMPolicy is released
2025-12-12 11:39:11,307 | DEBUG | root | IDMPolicy is released
2025-12-12 11:39:11,307 | DEBUG | root | IDMPolicy is released
2025-12-12 11:39:11,308 | DEBUG | root | IDMPolicy is released
2025-12-12 11:39:11,308 | DEBUG | root | IDMPolicy is released
2025-12-12 11:39:11,308 | DEBUG | root | IDMPolicy is released
2025-12-12 11:39:11,308 | DEBUG | root | IDMPolicy is released
2025-12-12 11:39:11,309 | DEBUG | root | IDMPolicy is released
2025-12-12 11:39:11,309 | DEBUG | root | IDMPolicy is released
2025-12-12 11:39:11,309 | DEBUG | root | IDMPolicy is released
2025-12-12 11:39:11,309 | DEBUG | root | IDMPolicy is released
2025-12-12 11:39:11,310 | DEBUG | root | IDMPolicy is released
2025-12-12 11:39:11,310 | DEBUG | root | IDMPolicy is released
2025-12-12 11:39:11,310 | DEBUG | root | IDMPolicy is released
2025-12-12 11:39:11,311 | DEBUG | root | IDMPolicy is released
2025-12-12 11:39:11,311 | DEBUG | root | IDMPolicy is released
2025-12-12 11:39:11,311 | DEBUG | root | IDMPolicy is released
2025-12-12 11:39:11,312 | DEBUG | root | IDMPolicy is released
2025-12-12 11:39:11,312 | DEBUG | root | IDMPolicy is released
2025-12-12 11:39:11,312 | DEBUG | root | IDMPolicy is released
2025-12-12 11:39:11,312 | DEBUG | root | IDMPolicy is released
2025-12-12 11:39:11,313 | DEBUG | root | IDMPolicy is released
2025-12-12 11:39:11,313 | DEBUG | root | IDMPolicy is released
2025-12-12 11:39:11,313 | DEBUG | root | IDMPolicy is released
2025-12-12 11:39:11,314 | DEBUG | root | IDMPolicy is released
2025-12-12 11:39:11,314 | DEBUG | root | IDMPolicy is released
2025-12-12 11:39:11,331 | DEBUG | root | forward
2025-12-12 11:39:11,374 | DEBUG | root | forward
2025-12-12 11:39:11,438 | DEBUG | root | forward
2025-12-12 11:39:11,489 | DEBUG | root | forward
2025-12-12 11:39:11,562 | DEBUG | root | forward
2025-12-12 11:39:11,659 | DEBUG | root | forward
2025-12-12 11:39:11,736 | DEBUG | root | forward
2025-12-12 11:39:11,831 | DEBUG | root | forward
2025-12-12 11:39:11,982 | DEBUG | root | forward
2025-12-12 11:39:12,123 | DEBUG | root | Destroy Big
2025-12-12 11:39:12,246 | DEBUG | root | load scene Use random traffic
2025-12-12 11:39:12,303 | DEBUG | root | Load Vehicle Module: NodeNetworkNavigation
2025-12-12 11:39:12,308 | DEBUG | root | Load Vehicle Module: NodeNetworkNavigation
2025-12-12 11:39:12,342 | DEBUG | root | Load Vehicle Module: NodeNetworkNavigation
2025-12-12 11:39:12,358 | DEBUG | root | Load Vehicle Module: NodeNetworkNavigation
2025-12-12 11:39:12,374 | DEBUG | root | Load Vehicle Module: NodeNetworkNavigation
2025-12-12 11:39:12,384 | DEBUG | root | Load Vehicle Module: NodeNetworkNavigation
2025-12-12 11:39:20,352 | DEBUG | root | EnvInputPolicy is released
2025-12-12 11:39:20,533 | DEBUG | root | EnvInputPolicy is released
2025-12-12 11:39:21,911 | DEBUG | root | EnvInputPolicy is released
2025-12-12 11:39:26,153 | DEBUG | root | EnvInputPolicy is released
2025-12-12 11:39:27,912 | DEBUG | root | EnvInputPolicy is released
2025-12-12 11:39:28,160 | DEBUG | root | EnvInputPolicy is released
2025-12-12 11:39:29,084 | DEBUG | root | EnvInputPolicy is released
2025-12-12 11:39:31,428 | DEBUG | root | EnvInputPolicy is released
2025-12-12 11:39:36,402 | DEBUG | root | EnvInputPolicy is released
2025-12-12 11:39:36,862 | DEBUG | root | EnvInputPolicy is released
2025-12-12 11:39:38,500 | DEBUG | root | IDMPolicy is released
2025-12-12 11:39:43,810 | DEBUG | root | IDMPolicy is released
2025-12-12 11:39:44,851 | DEBUG | root | EnvInputPolicy is released
2025-12-12 11:39:46,983 | DEBUG | root | IDMPolicy is released
2025-12-12 11:39:47,467 | DEBUG | root | EnvInputPolicy is released
2025-12-12 11:39:47,753 | DEBUG | root | EnvInputPolicy is released
2025-12-12 11:39:49,970 | DEBUG | root | IDMPolicy is released
2025-12-12 11:39:50,287 | DEBUG | root | EnvInputPolicy is released
2025-12-12 11:39:51,815 | DEBUG | root | EnvInputPolicy is released
2025-12-12 11:39:52,353 | DEBUG | root | IDMPolicy is released
2025-12-12 11:39:54,357 | DEBUG | root | EnvInputPolicy is released
2025-12-12 11:39:56,951 | DEBUG | root | EnvInputPolicy is released
2025-12-12 11:40:03,293 | DEBUG | root | EnvInputPolicy is released
2025-12-12 11:40:03,810 | DEBUG | root | EnvInputPolicy is released
2025-12-12 11:40:08,735 | DEBUG | root | EnvInputPolicy is released
2025-12-12 11:40:09,036 | DEBUG | root | EnvInputPolicy is released
2025-12-12 11:40:13,547 | DEBUG | root | EnvInputPolicy is released
2025-12-12 11:40:15,233 | DEBUG | root | EnvInputPolicy is released
2025-12-12 11:40:17,214 | DEBUG | root | EnvInputPolicy is released
2025-12-12 11:40:20,473 | DEBUG | root | EnvInputPolicy is released
2025-12-12 11:40:25,104 | DEBUG | root | EnvInputPolicy is released
2025-12-12 11:40:25,104 | DEBUG | root | EnvInputPolicy is released
2025-12-12 11:40:29,141 | DEBUG | root | EnvInputPolicy is released
2025-12-12 11:40:29,362 | DEBUG | root | EnvInputPolicy is released
2025-12-12 11:40:30,755 | DEBUG | root | EnvInputPolicy is released
2025-12-12 11:40:31,337 | DEBUG | root | IDMPolicy is released
2025-12-12 11:40:33,074 | DEBUG | root | EnvInputPolicy is released
2025-12-12 11:40:36,918 | DEBUG | root | EnvInputPolicy is released
2025-12-12 11:40:37,664 | DEBUG | root | EnvInputPolicy is released
2025-12-12 11:40:44,941 | DEBUG | root | EnvInputPolicy is released
2025-12-12 11:40:45,904 | DEBUG | root | IDMPolicy is released
2025-12-12 11:40:46,237 | DEBUG | root | EnvInputPolicy is released
2025-12-12 11:40:46,881 | DEBUG | root | EnvInputPolicy is released
2025-12-12 11:40:49,605 | DEBUG | root | EnvInputPolicy is released
2025-12-12 11:40:51,203 | DEBUG | root | EnvInputPolicy is released
2025-12-12 11:40:51,365 | DEBUG | root | IDMPolicy is released
2025-12-12 11:40:54,837 | DEBUG | root | EnvInputPolicy is released
2025-12-12 11:40:57,780 | DEBUG | root | IDMPolicy is released
2025-12-12 11:40:57,811 | DEBUG | root | EnvInputPolicy is released
2025-12-12 11:40:58,727 | DEBUG | root | IDMPolicy is released
2025-12-12 11:41:00,483 | DEBUG | root | EnvInputPolicy is released
2025-12-12 11:41:02,314 | DEBUG | root | EnvInputPolicy is released
2025-12-12 11:41:03,921 | DEBUG | root | IDMPolicy is released
2025-12-12 11:41:04,270 | DEBUG | root | EnvInputPolicy is released
2025-12-12 11:41:08,215 | DEBUG | root | EnvInputPolicy is released
2025-12-12 11:41:12,825 | DEBUG | root | EnvInputPolicy is released
2025-12-12 11:41:14,406 | DEBUG | root | EnvInputPolicy is released
2025-12-12 11:41:14,601 | DEBUG | root | IDMPolicy is released
2025-12-12 11:41:15,622 | DEBUG | root | EnvInputPolicy is released
2025-12-12 11:41:17,915 | DEBUG | root | EnvInputPolicy is released
2025-12-12 11:41:19,456 | DEBUG | root | EnvInputPolicy is released
2025-12-12 11:41:20,197 | DEBUG | root | IDMPolicy is released
2025-12-12 11:41:22,394 | DEBUG | root | IDMPolicy is released
2025-12-12 11:41:24,040 | DEBUG | root | EnvInputPolicy is released
2025-12-12 11:41:26,519 | DEBUG | root | IDMPolicy is released
2025-12-12 11:41:26,764 | DEBUG | root | EnvInputPolicy is released
2025-12-12 11:41:28,728 | DEBUG | root | IDMPolicy is released
2025-12-12 11:41:29,703 | DEBUG | root | EnvInputPolicy is released
2025-12-12 11:41:30,032 | DEBUG | root | EnvInputPolicy is released
2025-12-12 11:41:31,129 | DEBUG | root | EnvInputPolicy is released
2025-12-12 11:41:32,966 | DEBUG | root | EnvInputPolicy is released
2025-12-12 11:41:33,101 | DEBUG | root | IDMPolicy is released
2025-12-12 11:41:36,811 | DEBUG | root | IDMPolicy is released
2025-12-12 11:41:36,961 | DEBUG | root | IDMPolicy is released
2025-12-12 11:41:39,240 | DEBUG | root | EnvInputPolicy is released
2025-12-12 11:41:44,597 | DEBUG | root | EnvInputPolicy is released
2025-12-12 11:41:48,945 | DEBUG | root | IDMPolicy is released
2025-12-12 11:41:49,668 | DEBUG | root | EnvInputPolicy is released
2025-12-12 11:41:50,453 | DEBUG | root | IDMPolicy is released
2025-12-12 11:41:50,683 | DEBUG | root | EnvInputPolicy is released
2025-12-12 11:41:50,863 | DEBUG | root | IDMPolicy is released
2025-12-12 11:41:54,752 | DEBUG | root | EnvInputPolicy is released
2025-12-12 11:41:55,619 | DEBUG | root | EnvInputPolicy is released
2025-12-12 11:41:55,619 | DEBUG | root | EnvInputPolicy is released
2025-12-12 11:41:58,343 | DEBUG | root | IDMPolicy is released
2025-12-12 11:41:59,663 | DEBUG | root | EnvInputPolicy is released
2025-12-12 11:42:01,308 | DEBUG | root | IDMPolicy is released
2025-12-12 11:42:03,319 | DEBUG | root | IDMPolicy is released
2025-12-12 11:42:05,457 | DEBUG | root | EnvInputPolicy is released
2025-12-12 11:42:07,958 | DEBUG | root | IDMPolicy is released
2025-12-12 11:42:10,992 | DEBUG | root | EnvInputPolicy is released
2025-12-12 11:42:14,624 | DEBUG | root | EnvInputPolicy is released
2025-12-12 11:42:16,579 | DEBUG | root | EnvInputPolicy is released
2025-12-12 11:42:17,243 | DEBUG | root | IDMPolicy is released
2025-12-12 11:42:19,389 | DEBUG | root | IDMPolicy is released
2025-12-12 11:42:20,063 | DEBUG | root | EnvInputPolicy is released
2025-12-12 11:42:20,799 | DEBUG | root | EnvInputPolicy is released
2025-12-12 11:42:21,362 | DEBUG | root | EnvInputPolicy is released
2025-12-12 11:42:24,628 | DEBUG | root | IDMPolicy is released
2025-12-12 11:42:25,632 | DEBUG | root | EnvInputPolicy is released
2025-12-12 11:42:26,889 | DEBUG | root | IDMPolicy is released
2025-12-12 11:42:27,229 | DEBUG | root | IDMPolicy is released
2025-12-12 11:42:31,730 | DEBUG | root | EnvInputPolicy is released
2025-12-12 11:42:33,891 | DEBUG | root | IDMPolicy is released
2025-12-12 11:42:37,815 | DEBUG | root | EnvInputPolicy is released
2025-12-12 11:42:39,497 | DEBUG | root | EnvInputPolicy is released
2025-12-12 11:42:40,666 | DEBUG | root | IDMPolicy is released
2025-12-12 11:42:41,574 | DEBUG | root | EnvInputPolicy is released
2025-12-12 11:42:45,001 | DEBUG | root | IDMPolicy is released
2025-12-12 11:42:45,017 | DEBUG | root | IDMPolicy is released
2025-12-12 11:42:46,786 | DEBUG | root | EnvInputPolicy is released
2025-12-12 11:42:47,356 | DEBUG | root | EnvInputPolicy is released
2025-12-12 11:42:48,261 | DEBUG | root | EnvInputPolicy is released
2025-12-12 11:42:48,749 | DEBUG | root | IDMPolicy is released
2025-12-12 11:42:49,664 | DEBUG | root | EnvInputPolicy is released
2025-12-12 11:42:53,193 | DEBUG | root | EnvInputPolicy is released
2025-12-12 11:42:58,271 | DEBUG | root | IDMPolicy is released
2025-12-12 11:43:00,063 | DEBUG | root | EnvInputPolicy is released
2025-12-12 11:43:00,886 | DEBUG | root | IDMPolicy is released
2025-12-12 11:43:03,972 | DEBUG | root | IDMPolicy is released
2025-12-12 11:43:06,517 | DEBUG | root | EnvInputPolicy is released
2025-12-12 11:43:07,199 | DEBUG | root | IDMPolicy is released
2025-12-12 11:43:08,309 | DEBUG | root | EnvInputPolicy is released
2025-12-12 11:43:09,916 | DEBUG | root | EnvInputPolicy is released
2025-12-12 11:43:10,748 | DEBUG | root | IDMPolicy is released
2025-12-12 11:43:14,771 | DEBUG | root | EnvInputPolicy is released
2025-12-12 11:43:15,574 | DEBUG | root | EnvInputPolicy is released
2025-12-12 11:43:18,106 | DEBUG | root | EnvInputPolicy is released
2025-12-12 11:43:19,603 | DEBUG | root | IDMPolicy is released
2025-12-12 11:43:21,480 | DEBUG | root | IDMPolicy is released
2025-12-12 11:43:22,305 | DEBUG | root | EnvInputPolicy is released
2025-12-12 11:43:29,154 | DEBUG | root | EnvInputPolicy is released
2025-12-12 11:43:30,067 | DEBUG | root | IDMPolicy is released
2025-12-12 11:43:30,083 | DEBUG | root | EnvInputPolicy is released
2025-12-12 11:43:30,626 | DEBUG | root | IDMPolicy is released
2025-12-12 11:43:36,549 | DEBUG | root | EnvInputPolicy is released
2025-12-12 11:43:36,929 | DEBUG | root | EnvInputPolicy is released
2025-12-12 11:43:37,240 | DEBUG | root | IDMPolicy is released
2025-12-12 11:43:38,511 | DEBUG | root | EnvInputPolicy is released
2025-12-12 11:43:39,107 | DEBUG | root | IDMPolicy is released
2025-12-12 11:43:41,205 | DEBUG | root | EnvInputPolicy is released
2025-12-12 11:43:41,340 | DEBUG | root | Roundabout, ID:None is destroyed
2025-12-12 11:43:41,341 | DEBUG | root | StdTInterSection, ID:None is destroyed
2025-12-12 11:43:41,341 | DEBUG | root | Curve, ID:None is destroyed
2025-12-12 11:43:41,342 | DEBUG | root | StdInterSection, ID:None is destroyed
2025-12-12 11:43:41,342 | DEBUG | root | Roundabout, ID:None is destroyed
2025-12-12 11:43:41,342 | DEBUG | root | StdTInterSection, ID:None is destroyed
2025-12-12 11:43:41,343 | DEBUG | root | Curve, ID:None is destroyed
2025-12-12 11:43:41,343 | DEBUG | root | StdInterSection, ID:None is destroyed
2025-12-12 11:43:41,344 | DEBUG | root | FirstPGBlock, ID:None is destroyed
2025-12-12 11:43:41,344 | DEBUG | root | StdInterSection, ID:None is destroyed
2025-12-12 11:43:41,398 | DEBUG | root | Roundabout, ID:None is destroyed
2025-12-12 11:43:41,398 | DEBUG | root | StdTInterSection, ID:None is destroyed
2025-12-12 11:43:41,399 | DEBUG | root | Curve, ID:None is destroyed
2025-12-12 11:43:41,399 | DEBUG | root | StdInterSection, ID:None is destroyed
2025-12-12 11:43:41,399 | DEBUG | root | Roundabout, ID:None is destroyed
2025-12-12 11:43:41,400 | DEBUG | root | StdTInterSection, ID:None is destroyed
2025-12-12 11:43:41,400 | DEBUG | root | Curve, ID:None is destroyed
2025-12-12 11:43:41,400 | DEBUG | root | StdInterSection, ID:None is destroyed
2025-12-12 11:43:41,401 | DEBUG | root | FirstPGBlock, ID:None is destroyed
2025-12-12 11:43:41,401 | DEBUG | root | StdInterSection, ID:None is destroyed
2025-12-12 11:43:41,401 | DEBUG | metadrive.component.map.base_map | <class 'metadrive.component.map.pg_map.PGMap'> 2is being deleted.
2025-12-12 11:43:41,402 | DEBUG | root | EnvInputPolicy is released
2025-12-12 11:43:41,403 | DEBUG | root | NodeNetworkNavigation is destroyed
2025-12-12 11:43:41,404 | DEBUG | root | EnvInputPolicy is released
2025-12-12 11:43:41,405 | DEBUG | root | NodeNetworkNavigation is destroyed
2025-12-12 11:43:41,406 | DEBUG | root | EnvInputPolicy is released
2025-12-12 11:43:41,407 | DEBUG | root | NodeNetworkNavigation is destroyed
2025-12-12 11:43:41,409 | DEBUG | root | EnvInputPolicy is released
2025-12-12 11:43:41,409 | DEBUG | root | NodeNetworkNavigation is destroyed
2025-12-12 11:43:41,410 | DEBUG | root | EnvInputPolicy is released
2025-12-12 11:43:41,411 | DEBUG | root | NodeNetworkNavigation is destroyed
2025-12-12 11:43:41,412 | DEBUG | root | EnvInputPolicy is released
2025-12-12 11:43:41,414 | DEBUG | root | NodeNetworkNavigation is destroyed
2025-12-12 11:43:41,414 | DEBUG | root | EnvInputPolicy is released
2025-12-12 11:43:41,415 | DEBUG | root | NodeNetworkNavigation is destroyed
2025-12-12 11:43:41,416 | DEBUG | root | IDMPolicy is released
2025-12-12 11:43:41,417 | DEBUG | root | IDMPolicy is released
2025-12-12 11:43:41,417 | DEBUG | root | IDMPolicy is released
2025-12-12 11:43:41,417 | DEBUG | root | IDMPolicy is released
2025-12-12 11:43:41,418 | DEBUG | root | IDMPolicy is released
2025-12-12 11:43:41,418 | DEBUG | root | IDMPolicy is released
2025-12-12 11:43:41,418 | DEBUG | root | IDMPolicy is released
2025-12-12 11:43:41,419 | DEBUG | root | IDMPolicy is released
2025-12-12 11:43:41,419 | DEBUG | root | IDMPolicy is released
2025-12-12 11:43:41,419 | DEBUG | root | IDMPolicy is released
2025-12-12 11:43:41,419 | DEBUG | root | IDMPolicy is released
2025-12-12 11:43:41,420 | DEBUG | root | IDMPolicy is released
2025-12-12 11:43:41,421 | DEBUG | root | IDMPolicy is released
2025-12-12 11:43:41,421 | DEBUG | root | IDMPolicy is released
2025-12-12 11:43:41,422 | DEBUG | root | IDMPolicy is released
2025-12-12 11:43:41,422 | DEBUG | root | IDMPolicy is released
2025-12-12 11:43:41,423 | DEBUG | root | IDMPolicy is released
2025-12-12 11:43:41,423 | DEBUG | root | IDMPolicy is released
2025-12-12 11:43:41,423 | DEBUG | root | IDMPolicy is released
2025-12-12 11:43:41,424 | DEBUG | root | IDMPolicy is released
2025-12-12 11:43:41,424 | DEBUG | root | IDMPolicy is released
2025-12-12 11:43:41,424 | DEBUG | root | IDMPolicy is released
2025-12-12 11:43:41,425 | DEBUG | root | IDMPolicy is released
2025-12-12 11:43:41,425 | DEBUG | root | IDMPolicy is released
2025-12-12 11:43:41,426 | DEBUG | root | IDMPolicy is released
2025-12-12 11:43:41,426 | DEBUG | root | IDMPolicy is released
2025-12-12 11:43:41,426 | DEBUG | root | IDMPolicy is released
2025-12-12 11:43:41,428 | DEBUG | root | IDMPolicy is released
2025-12-12 11:43:41,428 | DEBUG | root | IDMPolicy is released
2025-12-12 11:43:41,429 | DEBUG | root | IDMPolicy is released
2025-12-12 11:43:41,429 | DEBUG | root | IDMPolicy is released
2025-12-12 11:43:41,430 | DEBUG | root | IDMPolicy is released
2025-12-12 11:43:41,430 | DEBUG | root | IDMPolicy is released
2025-12-12 11:43:41,431 | DEBUG | root | IDMPolicy is released
2025-12-12 11:43:41,431 | DEBUG | root | IDMPolicy is released
2025-12-12 11:43:41,432 | DEBUG | root | IDMPolicy is released
2025-12-12 11:43:41,432 | DEBUG | root | IDMPolicy is released
2025-12-12 11:43:41,433 | DEBUG | root | IDMPolicy is released
2025-12-12 11:43:41,433 | DEBUG | root | IDMPolicy is released
2025-12-12 11:43:41,433 | DEBUG | root | IDMPolicy is released
2025-12-12 11:43:41,433 | DEBUG | root | IDMPolicy is released
2025-12-12 11:43:41,434 | DEBUG | root | IDMPolicy is released
2025-12-12 11:43:41,435 | DEBUG | root | NodeNetworkNavigation is destroyed
2025-12-12 11:43:41,436 | DEBUG | root | NodeNetworkNavigation is destroyed
2025-12-12 11:43:41,437 | DEBUG | root | NodeNetworkNavigation is destroyed
2025-12-12 11:43:41,438 | DEBUG | root | NodeNetworkNavigation is destroyed
2025-12-12 11:43:41,439 | DEBUG | root | NodeNetworkNavigation is destroyed
2025-12-12 11:43:41,440 | DEBUG | root | NodeNetworkNavigation is destroyed
2025-12-12 11:43:41,441 | DEBUG | root | NodeNetworkNavigation is destroyed
2025-12-12 11:43:41,443 | DEBUG | root | NodeNetworkNavigation is destroyed
2025-12-12 11:43:41,445 | DEBUG | root | NodeNetworkNavigation is destroyed
2025-12-12 11:43:41,446 | DEBUG | root | NodeNetworkNavigation is destroyed
2025-12-12 11:43:41,448 | DEBUG | root | NodeNetworkNavigation is destroyed
2025-12-12 11:43:41,449 | DEBUG | root | NodeNetworkNavigation is destroyed
2025-12-12 11:43:41,451 | DEBUG | root | NodeNetworkNavigation is destroyed
2025-12-12 11:43:41,453 | DEBUG | root | NodeNetworkNavigation is destroyed
2025-12-12 11:43:41,454 | DEBUG | root | NodeNetworkNavigation is destroyed
2025-12-12 11:43:41,456 | DEBUG | root | NodeNetworkNavigation is destroyed
2025-12-12 11:43:41,457 | DEBUG | root | NodeNetworkNavigation is destroyed
2025-12-12 11:43:41,459 | DEBUG | root | NodeNetworkNavigation is destroyed
2025-12-12 11:43:41,461 | DEBUG | root | NodeNetworkNavigation is destroyed
2025-12-12 11:43:41,462 | DEBUG | root | NodeNetworkNavigation is destroyed
2025-12-12 11:43:41,464 | DEBUG | root | NodeNetworkNavigation is destroyed
2025-12-12 11:43:41,465 | DEBUG | root | NodeNetworkNavigation is destroyed
2025-12-12 11:43:41,467 | DEBUG | root | NodeNetworkNavigation is destroyed
2025-12-12 11:43:41,468 | DEBUG | root | NodeNetworkNavigation is destroyed
2025-12-12 11:43:41,470 | DEBUG | root | NodeNetworkNavigation is destroyed
2025-12-12 11:43:41,472 | DEBUG | root | NodeNetworkNavigation is destroyed
2025-12-12 11:43:41,474 | DEBUG | root | NodeNetworkNavigation is destroyed
2025-12-12 11:43:41,476 | DEBUG | root | NodeNetworkNavigation is destroyed
2025-12-12 11:43:41,478 | DEBUG | root | NodeNetworkNavigation is destroyed
2025-12-12 11:43:41,480 | DEBUG | root | NodeNetworkNavigation is destroyed
2025-12-12 11:43:41,482 | DEBUG | root | NodeNetworkNavigation is destroyed
2025-12-12 11:43:41,485 | DEBUG | root | NodeNetworkNavigation is destroyed
2025-12-12 11:43:41,486 | DEBUG | root | NodeNetworkNavigation is destroyed
2025-12-12 11:43:41,488 | DEBUG | root | NodeNetworkNavigation is destroyed
2025-12-12 11:43:41,490 | DEBUG | root | NodeNetworkNavigation is destroyed
2025-12-12 11:43:41,492 | DEBUG | root | NodeNetworkNavigation is destroyed
2025-12-12 11:43:41,494 | DEBUG | root | NodeNetworkNavigation is destroyed
2025-12-12 11:43:41,496 | DEBUG | root | NodeNetworkNavigation is destroyed
2025-12-12 11:43:41,498 | DEBUG | root | NodeNetworkNavigation is destroyed
2025-12-12 11:43:41,499 | DEBUG | root | NodeNetworkNavigation is destroyed
2025-12-12 11:43:41,501 | DEBUG | root | NodeNetworkNavigation is destroyed
2025-12-12 11:43:41,503 | DEBUG | root | NodeNetworkNavigation is destroyed
2025-12-12 11:43:41,506 | DEBUG | root | NodeNetworkNavigation is destroyed
2025-12-12 11:43:41,509 | DEBUG | root | NodeNetworkNavigation is destroyed
2025-12-12 11:43:41,511 | DEBUG | root | NodeNetworkNavigation is destroyed
2025-12-12 11:43:41,514 | DEBUG | root | NodeNetworkNavigation is destroyed
2025-12-12 11:43:41,517 | DEBUG | root | NodeNetworkNavigation is destroyed
2025-12-12 11:43:41,519 | DEBUG | root | NodeNetworkNavigation is destroyed
2025-12-12 11:43:41,522 | DEBUG | root | NodeNetworkNavigation is destroyed
2025-12-12 11:43:41,523 | DEBUG | root | Pedestrian, ID:None is destroyed
2025-12-12 11:43:41,523 | DEBUG | root | BaseTrafficLight, ID:None is destroyed
2025-12-12 11:43:41,523 | DEBUG | root | TrafficBarrier, ID:None is destroyed
2025-12-12 11:43:41,524 | DEBUG | root | TrafficCone, ID:None is destroyed
2025-12-12 11:43:41,524 | DEBUG | root | MVehicle, ID:None is destroyed
2025-12-12 11:43:41,524 | DEBUG | root | MVehicle, ID:None is destroyed
2025-12-12 11:43:41,525 | DEBUG | root | MVehicle, ID:None is destroyed
2025-12-12 11:43:41,525 | DEBUG | root | MVehicle, ID:None is destroyed
2025-12-12 11:43:41,525 | DEBUG | root | MVehicle, ID:None is destroyed
2025-12-12 11:43:41,525 | DEBUG | root | MVehicle, ID:None is destroyed
2025-12-12 11:43:41,525 | DEBUG | root | MVehicle, ID:None is destroyed
2025-12-12 11:43:41,526 | DEBUG | root | MVehicle, ID:None is destroyed
2025-12-12 11:43:41,526 | DEBUG | root | MVehicle, ID:None is destroyed
2025-12-12 11:43:41,526 | DEBUG | root | MVehicle, ID:None is destroyed
2025-12-12 11:43:41,527 | DEBUG | root | MVehicle, ID:None is destroyed
2025-12-12 11:43:41,527 | DEBUG | root | MVehicle, ID:None is destroyed
2025-12-12 11:43:41,528 | DEBUG | root | MVehicle, ID:None is destroyed
2025-12-12 11:43:41,528 | DEBUG | root | SVehicle, ID:None is destroyed
2025-12-12 11:43:41,529 | DEBUG | root | SVehicle, ID:None is destroyed
2025-12-12 11:43:41,529 | DEBUG | root | SVehicle, ID:None is destroyed
2025-12-12 11:43:41,529 | DEBUG | root | SVehicle, ID:None is destroyed
2025-12-12 11:43:41,530 | DEBUG | root | SVehicle, ID:None is destroyed
2025-12-12 11:43:41,530 | DEBUG | root | SVehicle, ID:None is destroyed
2025-12-12 11:43:41,531 | DEBUG | root | SVehicle, ID:None is destroyed
2025-12-12 11:43:41,531 | DEBUG | root | SVehicle, ID:None is destroyed
2025-12-12 11:43:41,531 | DEBUG | root | SVehicle, ID:None is destroyed
2025-12-12 11:43:41,531 | DEBUG | root | SVehicle, ID:None is destroyed
2025-12-12 11:43:41,532 | DEBUG | root | SVehicle, ID:None is destroyed
2025-12-12 11:43:41,532 | DEBUG | root | LVehicle, ID:None is destroyed
2025-12-12 11:43:41,532 | DEBUG | root | LVehicle, ID:None is destroyed
2025-12-12 11:43:41,533 | DEBUG | root | LVehicle, ID:None is destroyed
2025-12-12 11:43:41,533 | DEBUG | root | LVehicle, ID:None is destroyed
2025-12-12 11:43:41,533 | DEBUG | root | LVehicle, ID:None is destroyed
2025-12-12 11:43:41,534 | DEBUG | root | LVehicle, ID:None is destroyed
2025-12-12 11:43:41,534 | DEBUG | root | LVehicle, ID:None is destroyed
2025-12-12 11:43:41,534 | DEBUG | root | LVehicle, ID:None is destroyed
2025-12-12 11:43:41,534 | DEBUG | root | LVehicle, ID:None is destroyed
2025-12-12 11:43:41,535 | DEBUG | root | LVehicle, ID:None is destroyed
2025-12-12 11:43:41,535 | DEBUG | root | LVehicle, ID:None is destroyed
2025-12-12 11:43:41,535 | DEBUG | root | LVehicle, ID:None is destroyed
2025-12-12 11:43:41,535 | DEBUG | root | LVehicle, ID:None is destroyed
2025-12-12 11:43:41,535 | DEBUG | root | LVehicle, ID:None is destroyed
2025-12-12 11:43:41,536 | DEBUG | root | LVehicle, ID:None is destroyed
2025-12-12 11:43:41,536 | DEBUG | root | LVehicle, ID:None is destroyed
2025-12-12 11:43:41,792 | DEBUG | root | XLVehicle, ID:None is destroyed
2025-12-12 11:43:41,793 | DEBUG | root | XLVehicle, ID:None is destroyed
2025-12-12 11:43:41,793 | DEBUG | root | XLVehicle, ID:None is destroyed
2025-12-12 11:43:41,794 | DEBUG | root | XLVehicle, ID:None is destroyed
2025-12-12 11:43:41,794 | DEBUG | root | XLVehicle, ID:None is destroyed
2025-12-12 11:43:41,794 | DEBUG | root | XLVehicle, ID:None is destroyed
2025-12-12 11:43:41,794 | DEBUG | root | XLVehicle, ID:None is destroyed
2025-12-12 11:43:41,795 | DEBUG | root | XLVehicle, ID:None is destroyed
2025-12-12 12:28:56,398 | DEBUG | matplotlib | matplotlib data path: C:\Users\Pushpak Chakraborty\Desktop\Final Year Project\venv\lib\site-packages\matplotlib\mpl-data
2025-12-12 12:28:56,414 | DEBUG | matplotlib | CONFIGDIR=C:\Users\Pushpak Chakraborty\.matplotlib
2025-12-12 12:28:56,416 | DEBUG | matplotlib | interactive is False
2025-12-12 12:28:56,416 | DEBUG | matplotlib | platform is win32
2025-12-12 12:28:57,805 | DEBUG | matplotlib | CACHEDIR=C:\Users\Pushpak Chakraborty\.matplotlib
2025-12-12 12:28:57,819 | DEBUG | matplotlib.font_manager | Using fontManager instance from C:\Users\Pushpak Chakraborty\.matplotlib\fontlist-v330.json
2025-12-12 12:29:03,258 | DEBUG | root | forward
2025-12-12 12:29:03,309 | DEBUG | root | forward
2025-12-12 12:29:03,326 | DEBUG | root | forward
2025-12-12 12:29:03,385 | DEBUG | root | forward
2025-12-12 12:29:03,475 | DEBUG | root | forward
2025-12-12 12:29:03,565 | DEBUG | root | forward
2025-12-12 12:29:03,636 | DEBUG | root | forward
2025-12-12 12:29:03,767 | DEBUG | root | forward
2025-12-12 12:29:03,920 | DEBUG | root | destruct
2025-12-12 12:29:03,946 | DEBUG | root | sibling
2025-12-12 12:29:04,098 | DEBUG | root | forward
2025-12-12 12:29:04,242 | DEBUG | root | destruct
2025-12-12 12:29:04,261 | DEBUG | root | sibling
2025-12-12 12:29:04,402 | DEBUG | root | destruct
2025-12-12 12:29:04,421 | DEBUG | root | sibling
2025-12-12 12:29:04,562 | DEBUG | root | destruct
2025-12-12 12:29:04,582 | DEBUG | root | sibling
2025-12-12 12:29:04,731 | DEBUG | root | destruct
2025-12-12 12:29:04,743 | DEBUG | root | sibling
2025-12-12 12:29:04,893 | DEBUG | root | destruct
2025-12-12 12:29:04,907 | DEBUG | root | back
2025-12-12 12:29:04,910 | DEBUG | root | StdInterSection, ID:None is destroyed
2025-12-12 12:29:04,940 | DEBUG | root | sibling
2025-12-12 12:29:05,084 | DEBUG | root | destruct
2025-12-12 12:29:05,114 | DEBUG | root | sibling
2025-12-12 12:29:05,264 | DEBUG | root | destruct
2025-12-12 12:29:05,288 | DEBUG | root | sibling
2025-12-12 12:29:05,423 | DEBUG | root | forward
2025-12-12 12:29:05,575 | DEBUG | root | destruct
2025-12-12 12:29:05,602 | DEBUG | root | sibling
2025-12-12 12:29:05,752 | DEBUG | root | destruct
2025-12-12 12:29:05,768 | DEBUG | root | sibling
2025-12-12 12:29:05,927 | DEBUG | root | destruct
2025-12-12 12:29:05,942 | DEBUG | root | sibling
2025-12-12 12:29:06,096 | DEBUG | root | destruct
2025-12-12 12:29:06,099 | DEBUG | root | sibling
2025-12-12 12:29:06,266 | DEBUG | root | destruct
2025-12-12 12:29:06,283 | DEBUG | root | back
2025-12-12 12:29:06,295 | DEBUG | root | StdInterSection, ID:None is destroyed
2025-12-12 12:29:06,314 | DEBUG | root | sibling
2025-12-12 12:29:06,314 | DEBUG | root | back
2025-12-12 12:29:06,344 | DEBUG | root | Roundabout, ID:None is destroyed
2025-12-12 12:29:06,348 | DEBUG | root | sibling
2025-12-12 12:29:06,446 | DEBUG | root | forward
2025-12-12 12:29:06,582 | DEBUG | root | forward
2025-12-12 12:29:06,713 | DEBUG | root | Destroy Big
2025-12-12 12:29:06,890 | DEBUG | root | Load Vehicle Module: NodeNetworkNavigation
2025-12-12 12:29:06,895 | DEBUG | root | Load Vehicle Module: NodeNetworkNavigation
2025-12-12 12:29:06,911 | DEBUG | root | Load Vehicle Module: NodeNetworkNavigation
2025-12-12 12:29:06,929 | DEBUG | root | Load Vehicle Module: NodeNetworkNavigation
2025-12-12 12:29:06,943 | DEBUG | root | Load Vehicle Module: NodeNetworkNavigation
2025-12-12 12:29:06,955 | DEBUG | root | Load Vehicle Module: NodeNetworkNavigation
2025-12-12 12:29:06,966 | DEBUG | root | Load Vehicle Module: NodeNetworkNavigation
2025-12-12 12:29:06,980 | DEBUG | root | Load Vehicle Module: NodeNetworkNavigation
2025-12-12 12:29:06,985 | DEBUG | root | load scene Use random traffic
2025-12-12 12:29:07,043 | DEBUG | root | Load Vehicle Module: NodeNetworkNavigation
2025-12-12 12:29:07,110 | DEBUG | root | Load Vehicle Module: NodeNetworkNavigation
2025-12-12 12:29:07,117 | DEBUG | root | Load Vehicle Module: NodeNetworkNavigation
2025-12-12 12:29:07,134 | DEBUG | root | Load Vehicle Module: NodeNetworkNavigation
2025-12-12 12:29:07,185 | DEBUG | root | Load Vehicle Module: NodeNetworkNavigation
2025-12-12 12:29:07,185 | DEBUG | root | Load Vehicle Module: NodeNetworkNavigation
2025-12-12 12:29:07,238 | DEBUG | root | Load Vehicle Module: NodeNetworkNavigation
2025-12-12 12:29:07,260 | DEBUG | root | Load Vehicle Module: NodeNetworkNavigation
2025-12-12 12:29:07,271 | DEBUG | root | Load Vehicle Module: NodeNetworkNavigation
2025-12-12 12:29:07,281 | DEBUG | root | Load Vehicle Module: NodeNetworkNavigation
2025-12-12 12:29:07,292 | DEBUG | root | Load Vehicle Module: NodeNetworkNavigation
2025-12-12 12:29:07,300 | DEBUG | root | Load Vehicle Module: NodeNetworkNavigation
2025-12-12 12:29:07,313 | DEBUG | root | Load Vehicle Module: NodeNetworkNavigation
2025-12-12 12:29:07,323 | DEBUG | root | Load Vehicle Module: NodeNetworkNavigation
2025-12-12 12:29:07,334 | DEBUG | root | Load Vehicle Module: NodeNetworkNavigation
2025-12-12 12:29:07,352 | DEBUG | root | Load Vehicle Module: NodeNetworkNavigation
2025-12-12 12:29:07,361 | DEBUG | root | Load Vehicle Module: NodeNetworkNavigation
2025-12-12 12:29:07,372 | DEBUG | root | Load Vehicle Module: NodeNetworkNavigation
2025-12-12 12:29:07,384 | DEBUG | root | Load Vehicle Module: NodeNetworkNavigation
2025-12-12 12:29:07,384 | DEBUG | root | Load Vehicle Module: NodeNetworkNavigation
2025-12-12 12:29:07,405 | DEBUG | root | Load Vehicle Module: NodeNetworkNavigation
2025-12-12 12:29:07,415 | DEBUG | root | Load Vehicle Module: NodeNetworkNavigation
2025-12-12 12:29:07,426 | DEBUG | root | Load Vehicle Module: NodeNetworkNavigation
2025-12-12 12:29:07,431 | DEBUG | root | Load Vehicle Module: NodeNetworkNavigation
2025-12-12 12:29:07,447 | DEBUG | root | Load Vehicle Module: NodeNetworkNavigation
2025-12-12 12:29:07,457 | DEBUG | root | Load Vehicle Module: NodeNetworkNavigation
2025-12-12 12:29:07,467 | DEBUG | root | Load Vehicle Module: NodeNetworkNavigation
2025-12-12 12:29:07,473 | DEBUG | root | Load Vehicle Module: NodeNetworkNavigation
2025-12-12 12:29:07,488 | DEBUG | root | Load Vehicle Module: NodeNetworkNavigation
2025-12-12 12:29:07,499 | DEBUG | root | Load Vehicle Module: NodeNetworkNavigation
2025-12-12 12:29:07,509 | DEBUG | root | Load Vehicle Module: NodeNetworkNavigation
2025-12-12 12:29:07,521 | DEBUG | root | Load Vehicle Module: NodeNetworkNavigation
2025-12-12 12:29:07,531 | DEBUG | root | Load Vehicle Module: NodeNetworkNavigation
2025-12-12 12:29:07,543 | DEBUG | root | Load Vehicle Module: NodeNetworkNavigation
2025-12-12 12:29:07,554 | DEBUG | root | Load Vehicle Module: NodeNetworkNavigation
2025-12-12 12:29:07,565 | DEBUG | root | Load Vehicle Module: NodeNetworkNavigation
2025-12-12 12:29:07,571 | DEBUG | root | Load Vehicle Module: NodeNetworkNavigation
2025-12-12 12:29:07,586 | DEBUG | root | Load Vehicle Module: NodeNetworkNavigation
2025-12-12 12:29:07,598 | DEBUG | root | Load Vehicle Module: NodeNetworkNavigation
2025-12-12 12:29:07,607 | DEBUG | root | Load Vehicle Module: NodeNetworkNavigation
2025-12-12 12:29:07,613 | DEBUG | root | Load Vehicle Module: NodeNetworkNavigation
2025-12-12 12:29:07,624 | DEBUG | root | Load Vehicle Module: NodeNetworkNavigation
2025-12-12 12:29:19,500 | DEBUG | root | EnvInputPolicy is released
2025-12-12 12:29:21,220 | DEBUG | root | EnvInputPolicy is released
2025-12-12 12:29:21,548 | DEBUG | root | EnvInputPolicy is released
2025-12-12 12:29:22,202 | DEBUG | root | EnvInputPolicy is released
2025-12-12 12:29:25,377 | DEBUG | root | EnvInputPolicy is released
2025-12-12 12:29:28,355 | DEBUG | root | IDMPolicy is released
2025-12-12 12:29:30,257 | DEBUG | root | Roundabout, ID:None is destroyed
2025-12-12 12:29:30,257 | DEBUG | root | StdTInterSection, ID:None is destroyed
2025-12-12 12:29:30,257 | DEBUG | root | Curve, ID:None is destroyed
2025-12-12 12:29:30,257 | DEBUG | root | StdInterSection, ID:None is destroyed
2025-12-12 12:29:30,263 | DEBUG | root | Roundabout, ID:None is destroyed
2025-12-12 12:29:30,263 | DEBUG | root | StdTInterSection, ID:None is destroyed
2025-12-12 12:29:30,263 | DEBUG | root | Curve, ID:None is destroyed
2025-12-12 12:29:30,263 | DEBUG | root | StdInterSection, ID:None is destroyed
2025-12-12 12:29:30,263 | DEBUG | root | FirstPGBlock, ID:None is destroyed
2025-12-12 12:29:30,263 | DEBUG | root | StdInterSection, ID:None is destroyed
2025-12-12 12:29:30,263 | DEBUG | root | EnvInputPolicy is released
2025-12-12 12:29:30,263 | DEBUG | root | NodeNetworkNavigation is destroyed
2025-12-12 12:29:30,269 | DEBUG | root | EnvInputPolicy is released
2025-12-12 12:29:30,270 | DEBUG | root | NodeNetworkNavigation is destroyed
2025-12-12 12:29:30,270 | DEBUG | root | EnvInputPolicy is released
2025-12-12 12:29:30,271 | DEBUG | root | NodeNetworkNavigation is destroyed
2025-12-12 12:29:30,271 | DEBUG | root | EnvInputPolicy is released
2025-12-12 12:29:30,271 | DEBUG | root | NodeNetworkNavigation is destroyed
2025-12-12 12:29:30,272 | DEBUG | root | EnvInputPolicy is released
2025-12-12 12:29:30,272 | DEBUG | root | NodeNetworkNavigation is destroyed
2025-12-12 12:29:30,273 | DEBUG | root | EnvInputPolicy is released
2025-12-12 12:29:30,274 | DEBUG | root | NodeNetworkNavigation is destroyed
2025-12-12 12:29:30,274 | DEBUG | root | EnvInputPolicy is released
2025-12-12 12:29:30,275 | DEBUG | root | NodeNetworkNavigation is destroyed
2025-12-12 12:29:30,275 | DEBUG | root | EnvInputPolicy is released
2025-12-12 12:29:30,276 | DEBUG | root | NodeNetworkNavigation is destroyed
2025-12-12 12:29:30,277 | DEBUG | root | IDMPolicy is released
2025-12-12 12:29:30,278 | DEBUG | root | IDMPolicy is released
2025-12-12 12:29:30,278 | DEBUG | root | IDMPolicy is released
2025-12-12 12:29:30,278 | DEBUG | root | IDMPolicy is released
2025-12-12 12:29:30,279 | DEBUG | root | IDMPolicy is released
2025-12-12 12:29:30,279 | DEBUG | root | IDMPolicy is released
2025-12-12 12:29:30,279 | DEBUG | root | IDMPolicy is released
2025-12-12 12:29:30,279 | DEBUG | root | IDMPolicy is released
2025-12-12 12:29:30,280 | DEBUG | root | IDMPolicy is released
2025-12-12 12:29:30,280 | DEBUG | root | IDMPolicy is released
2025-12-12 12:29:30,280 | DEBUG | root | IDMPolicy is released
2025-12-12 12:29:30,280 | DEBUG | root | IDMPolicy is released
2025-12-12 12:29:30,280 | DEBUG | root | IDMPolicy is released
2025-12-12 12:29:30,280 | DEBUG | root | IDMPolicy is released
2025-12-12 12:29:30,280 | DEBUG | root | IDMPolicy is released
2025-12-12 12:29:30,280 | DEBUG | root | IDMPolicy is released
2025-12-12 12:29:30,280 | DEBUG | root | IDMPolicy is released
2025-12-12 12:29:30,280 | DEBUG | root | IDMPolicy is released
2025-12-12 12:29:30,280 | DEBUG | root | IDMPolicy is released
2025-12-12 12:29:30,280 | DEBUG | root | IDMPolicy is released
2025-12-12 12:29:30,280 | DEBUG | root | IDMPolicy is released
2025-12-12 12:29:30,280 | DEBUG | root | IDMPolicy is released
2025-12-12 12:29:30,284 | DEBUG | root | IDMPolicy is released
2025-12-12 12:29:30,284 | DEBUG | root | IDMPolicy is released
2025-12-12 12:29:30,284 | DEBUG | root | IDMPolicy is released
2025-12-12 12:29:30,284 | DEBUG | root | IDMPolicy is released
2025-12-12 12:29:30,286 | DEBUG | root | IDMPolicy is released
2025-12-12 12:29:30,286 | DEBUG | root | IDMPolicy is released
2025-12-12 12:29:30,286 | DEBUG | root | IDMPolicy is released
2025-12-12 12:29:30,287 | DEBUG | root | IDMPolicy is released
2025-12-12 12:29:30,287 | DEBUG | root | IDMPolicy is released
2025-12-12 12:29:30,288 | DEBUG | root | IDMPolicy is released
2025-12-12 12:29:30,288 | DEBUG | root | IDMPolicy is released
2025-12-12 12:29:30,288 | DEBUG | root | IDMPolicy is released
2025-12-12 12:29:30,288 | DEBUG | root | IDMPolicy is released
2025-12-12 12:29:30,289 | DEBUG | root | IDMPolicy is released
2025-12-12 12:29:30,289 | DEBUG | root | IDMPolicy is released
2025-12-12 12:29:30,289 | DEBUG | root | IDMPolicy is released
2025-12-12 12:29:30,289 | DEBUG | root | IDMPolicy is released
2025-12-12 12:29:30,289 | DEBUG | root | IDMPolicy is released
2025-12-12 12:29:30,289 | DEBUG | root | IDMPolicy is released
2025-12-12 12:29:30,289 | DEBUG | root | IDMPolicy is released
2025-12-12 12:29:30,291 | DEBUG | root | NodeNetworkNavigation is destroyed
2025-12-12 12:29:30,293 | DEBUG | root | NodeNetworkNavigation is destroyed
2025-12-12 12:29:30,294 | DEBUG | root | NodeNetworkNavigation is destroyed
2025-12-12 12:29:30,294 | DEBUG | root | NodeNetworkNavigation is destroyed
2025-12-12 12:29:30,295 | DEBUG | root | NodeNetworkNavigation is destroyed
2025-12-12 12:29:30,295 | DEBUG | root | NodeNetworkNavigation is destroyed
2025-12-12 12:29:30,296 | DEBUG | root | NodeNetworkNavigation is destroyed
2025-12-12 12:29:30,296 | DEBUG | root | NodeNetworkNavigation is destroyed
2025-12-12 12:29:30,299 | DEBUG | root | NodeNetworkNavigation is destroyed
2025-12-12 12:29:30,299 | DEBUG | root | NodeNetworkNavigation is destroyed
2025-12-12 12:29:30,300 | DEBUG | root | NodeNetworkNavigation is destroyed
2025-12-12 12:29:30,300 | DEBUG | root | NodeNetworkNavigation is destroyed
2025-12-12 12:29:30,300 | DEBUG | root | NodeNetworkNavigation is destroyed
2025-12-12 12:29:30,300 | DEBUG | root | NodeNetworkNavigation is destroyed
2025-12-12 12:29:30,300 | DEBUG | root | NodeNetworkNavigation is destroyed
2025-12-12 12:29:30,305 | DEBUG | root | NodeNetworkNavigation is destroyed
2025-12-12 12:29:30,307 | DEBUG | root | NodeNetworkNavigation is destroyed
2025-12-12 12:29:30,308 | DEBUG | root | NodeNetworkNavigation is destroyed
2025-12-12 12:29:30,309 | DEBUG | root | NodeNetworkNavigation is destroyed
2025-12-12 12:29:30,310 | DEBUG | root | NodeNetworkNavigation is destroyed
2025-12-12 12:29:30,311 | DEBUG | root | NodeNetworkNavigation is destroyed
2025-12-12 12:29:30,313 | DEBUG | root | NodeNetworkNavigation is destroyed
2025-12-12 12:29:30,316 | DEBUG | root | NodeNetworkNavigation is destroyed
2025-12-12 12:29:30,318 | DEBUG | root | NodeNetworkNavigation is destroyed
2025-12-12 12:29:30,319 | DEBUG | root | NodeNetworkNavigation is destroyed
2025-12-12 12:29:30,321 | DEBUG | root | NodeNetworkNavigation is destroyed
2025-12-12 12:29:30,324 | DEBUG | root | NodeNetworkNavigation is destroyed
2025-12-12 12:29:30,325 | DEBUG | root | NodeNetworkNavigation is destroyed
2025-12-12 12:29:30,327 | DEBUG | root | NodeNetworkNavigation is destroyed
2025-12-12 12:29:30,329 | DEBUG | root | NodeNetworkNavigation is destroyed
2025-12-12 12:29:30,331 | DEBUG | root | NodeNetworkNavigation is destroyed
2025-12-12 12:29:30,333 | DEBUG | root | NodeNetworkNavigation is destroyed
2025-12-12 12:29:30,335 | DEBUG | root | NodeNetworkNavigation is destroyed
2025-12-12 12:29:30,336 | DEBUG | root | NodeNetworkNavigation is destroyed
2025-12-12 12:29:30,337 | DEBUG | root | NodeNetworkNavigation is destroyed
2025-12-12 12:29:30,338 | DEBUG | root | NodeNetworkNavigation is destroyed
2025-12-12 12:29:30,338 | DEBUG | root | NodeNetworkNavigation is destroyed
2025-12-12 12:29:30,339 | DEBUG | root | NodeNetworkNavigation is destroyed
2025-12-12 12:29:30,340 | DEBUG | root | NodeNetworkNavigation is destroyed
2025-12-12 12:29:30,340 | DEBUG | root | NodeNetworkNavigation is destroyed
2025-12-12 12:29:30,342 | DEBUG | root | NodeNetworkNavigation is destroyed
2025-12-12 12:29:30,343 | DEBUG | root | NodeNetworkNavigation is destroyed
2025-12-12 12:29:30,343 | DEBUG | root | Pedestrian, ID:None is destroyed
2025-12-12 12:29:30,344 | DEBUG | root | BaseTrafficLight, ID:None is destroyed
2025-12-12 12:29:30,344 | DEBUG | root | TrafficBarrier, ID:None is destroyed
2025-12-12 12:29:30,344 | DEBUG | root | TrafficCone, ID:None is destroyed
2025-12-12 12:29:30,344 | DEBUG | root | SVehicle, ID:None is destroyed
2025-12-12 12:29:30,345 | DEBUG | root | SVehicle, ID:None is destroyed
2025-12-12 12:29:30,345 | DEBUG | root | SVehicle, ID:None is destroyed
2025-12-12 12:29:30,346 | DEBUG | root | SVehicle, ID:None is destroyed
2025-12-12 12:29:30,346 | DEBUG | root | SVehicle, ID:None is destroyed
2025-12-12 12:29:30,346 | DEBUG | root | SVehicle, ID:None is destroyed
2025-12-12 12:29:30,347 | DEBUG | root | SVehicle, ID:None is destroyed
2025-12-12 12:29:30,347 | DEBUG | root | SVehicle, ID:None is destroyed
2025-12-12 12:29:30,347 | DEBUG | root | SVehicle, ID:None is destroyed
2025-12-12 12:29:30,347 | DEBUG | root | SVehicle, ID:None is destroyed
2025-12-12 12:29:30,347 | DEBUG | root | SVehicle, ID:None is destroyed
2025-12-12 12:29:30,348 | DEBUG | root | SVehicle, ID:None is destroyed
2025-12-12 12:29:30,348 | DEBUG | root | LVehicle, ID:None is destroyed
2025-12-12 12:29:30,349 | DEBUG | root | LVehicle, ID:None is destroyed
2025-12-12 12:29:30,349 | DEBUG | root | LVehicle, ID:None is destroyed
2025-12-12 12:29:30,349 | DEBUG | root | LVehicle, ID:None is destroyed
2025-12-12 12:29:30,349 | DEBUG | root | LVehicle, ID:None is destroyed
2025-12-12 12:29:30,349 | DEBUG | root | LVehicle, ID:None is destroyed
2025-12-12 12:29:30,349 | DEBUG | root | LVehicle, ID:None is destroyed
2025-12-12 12:29:30,349 | DEBUG | root | LVehicle, ID:None is destroyed
2025-12-12 12:29:30,349 | DEBUG | root | LVehicle, ID:None is destroyed
2025-12-12 12:29:30,351 | DEBUG | root | XLVehicle, ID:None is destroyed
2025-12-12 12:29:30,351 | DEBUG | root | XLVehicle, ID:None is destroyed
2025-12-12 12:29:30,351 | DEBUG | root | XLVehicle, ID:None is destroyed
2025-12-12 12:29:30,351 | DEBUG | root | XLVehicle, ID:None is destroyed
2025-12-12 12:29:30,352 | DEBUG | root | XLVehicle, ID:None is destroyed
2025-12-12 12:29:30,352 | DEBUG | root | XLVehicle, ID:None is destroyed
2025-12-12 12:29:30,352 | DEBUG | root | XLVehicle, ID:None is destroyed
2025-12-12 12:29:30,352 | DEBUG | root | XLVehicle, ID:None is destroyed
2025-12-12 12:29:30,352 | DEBUG | root | XLVehicle, ID:None is destroyed
2025-12-12 12:29:30,353 | DEBUG | root | XLVehicle, ID:None is destroyed
2025-12-12 12:29:30,353 | DEBUG | root | XLVehicle, ID:None is destroyed
2025-12-12 12:29:30,597 | DEBUG | root | MVehicle, ID:None is destroyed
2025-12-12 12:29:30,597 | DEBUG | root | MVehicle, ID:None is destroyed
2025-12-12 12:29:30,597 | DEBUG | root | MVehicle, ID:None is destroyed
2025-12-12 12:29:30,597 | DEBUG | root | MVehicle, ID:None is destroyed
2025-12-12 12:29:30,597 | DEBUG | root | MVehicle, ID:None is destroyed
2025-12-12 12:29:30,597 | DEBUG | root | MVehicle, ID:None is destroyed
2025-12-12 12:29:30,597 | DEBUG | root | MVehicle, ID:None is destroyed
2025-12-12 12:29:30,597 | DEBUG | root | MVehicle, ID:None is destroyed
2025-12-12 12:29:30,597 | DEBUG | root | MVehicle, ID:None is destroyed
2025-12-12 12:29:30,597 | DEBUG | root | MVehicle, ID:None is destroyed
2025-12-12 12:29:38,761 | DEBUG | matplotlib | matplotlib data path: C:\Users\Pushpak Chakraborty\Desktop\Final Year Project\venv\lib\site-packages\matplotlib\mpl-data
2025-12-12 12:29:38,766 | DEBUG | matplotlib | CONFIGDIR=C:\Users\Pushpak Chakraborty\.matplotlib
2025-12-12 12:29:38,768 | DEBUG | matplotlib | interactive is False
2025-12-12 12:29:38,768 | DEBUG | matplotlib | platform is win32
2025-12-12 12:29:39,094 | DEBUG | matplotlib | CACHEDIR=C:\Users\Pushpak Chakraborty\.matplotlib
2025-12-12 12:29:39,101 | DEBUG | matplotlib.font_manager | Using fontManager instance from C:\Users\Pushpak Chakraborty\.matplotlib\fontlist-v330.json
2025-12-12 12:29:42,115 | DEBUG | root | forward
2025-12-12 12:29:42,164 | DEBUG | root | forward
2025-12-12 12:29:42,226 | DEBUG | root | forward
2025-12-12 12:29:42,281 | DEBUG | root | forward
2025-12-12 12:29:42,364 | DEBUG | root | forward
2025-12-12 12:29:42,462 | DEBUG | root | forward
2025-12-12 12:29:42,580 | DEBUG | root | forward
2025-12-12 12:29:42,684 | DEBUG | root | forward
2025-12-12 12:29:42,816 | DEBUG | root | forward
2025-12-12 12:29:42,941 | DEBUG | root | Destroy Big
2025-12-12 12:29:43,078 | DEBUG | root | Load Vehicle Module: NodeNetworkNavigation
2025-12-12 12:29:43,090 | DEBUG | root | Load Vehicle Module: NodeNetworkNavigation
2025-12-12 12:29:43,103 | DEBUG | root | Load Vehicle Module: NodeNetworkNavigation
2025-12-12 12:29:43,115 | DEBUG | root | Load Vehicle Module: NodeNetworkNavigation
2025-12-12 12:29:43,129 | DEBUG | root | Load Vehicle Module: NodeNetworkNavigation
2025-12-12 12:29:43,143 | DEBUG | root | Load Vehicle Module: NodeNetworkNavigation
2025-12-12 12:29:43,155 | DEBUG | root | Load Vehicle Module: NodeNetworkNavigation
2025-12-12 12:29:43,164 | DEBUG | root | Load Vehicle Module: NodeNetworkNavigation
2025-12-12 12:29:43,170 | DEBUG | root | load scene Use random traffic
2025-12-12 12:29:43,205 | DEBUG | root | Load Vehicle Module: NodeNetworkNavigation
2025-12-12 12:29:43,233 | DEBUG | root | Load Vehicle Module: NodeNetworkNavigation
2025-12-12 12:29:43,253 | DEBUG | root | Load Vehicle Module: NodeNetworkNavigation
2025-12-12 12:29:43,264 | DEBUG | root | Load Vehicle Module: NodeNetworkNavigation
2025-12-12 12:29:43,276 | DEBUG | root | Load Vehicle Module: NodeNetworkNavigation
2025-12-12 12:29:43,285 | DEBUG | root | Load Vehicle Module: NodeNetworkNavigation
2025-12-12 12:29:43,294 | DEBUG | root | Load Vehicle Module: NodeNetworkNavigation
2025-12-12 12:29:43,304 | DEBUG | root | Load Vehicle Module: NodeNetworkNavigation
2025-12-12 12:29:43,314 | DEBUG | root | Load Vehicle Module: NodeNetworkNavigation
2025-12-12 12:29:43,324 | DEBUG | root | Load Vehicle Module: NodeNetworkNavigation
2025-12-12 12:29:43,357 | DEBUG | root | Load Vehicle Module: NodeNetworkNavigation
2025-12-12 12:29:43,364 | DEBUG | root | Load Vehicle Module: NodeNetworkNavigation
2025-12-12 12:29:43,379 | DEBUG | root | Load Vehicle Module: NodeNetworkNavigation
2025-12-12 12:29:43,391 | DEBUG | root | Load Vehicle Module: NodeNetworkNavigation
2025-12-12 12:29:43,404 | DEBUG | root | Load Vehicle Module: NodeNetworkNavigation
2025-12-12 12:29:43,414 | DEBUG | root | Load Vehicle Module: NodeNetworkNavigation
2025-12-12 12:29:43,422 | DEBUG | root | Load Vehicle Module: NodeNetworkNavigation
2025-12-12 12:29:43,434 | DEBUG | root | Load Vehicle Module: NodeNetworkNavigation
2025-12-12 12:29:43,442 | DEBUG | root | Load Vehicle Module: NodeNetworkNavigation
2025-12-12 12:29:43,451 | DEBUG | root | Load Vehicle Module: NodeNetworkNavigation
2025-12-12 12:29:43,462 | DEBUG | root | Load Vehicle Module: NodeNetworkNavigation
2025-12-12 12:29:43,475 | DEBUG | root | Load Vehicle Module: NodeNetworkNavigation
2025-12-12 12:29:43,483 | DEBUG | root | Load Vehicle Module: NodeNetworkNavigation
2025-12-12 12:29:43,490 | DEBUG | root | Load Vehicle Module: NodeNetworkNavigation
2025-12-12 12:29:43,506 | DEBUG | root | Load Vehicle Module: NodeNetworkNavigation
2025-12-12 12:29:43,512 | DEBUG | root | Load Vehicle Module: NodeNetworkNavigation
2025-12-12 12:29:43,526 | DEBUG | root | Load Vehicle Module: NodeNetworkNavigation
2025-12-12 12:29:43,535 | DEBUG | root | Load Vehicle Module: NodeNetworkNavigation
2025-12-12 12:29:43,546 | DEBUG | root | Load Vehicle Module: NodeNetworkNavigation
2025-12-12 12:29:43,558 | DEBUG | root | Load Vehicle Module: NodeNetworkNavigation
2025-12-12 12:29:43,567 | DEBUG | root | Load Vehicle Module: NodeNetworkNavigation
2025-12-12 12:29:43,580 | DEBUG | root | Load Vehicle Module: NodeNetworkNavigation
2025-12-12 12:29:43,591 | DEBUG | root | Load Vehicle Module: NodeNetworkNavigation
2025-12-12 12:29:43,601 | DEBUG | root | Load Vehicle Module: NodeNetworkNavigation
2025-12-12 12:29:43,610 | DEBUG | root | Load Vehicle Module: NodeNetworkNavigation
2025-12-12 12:29:43,622 | DEBUG | root | Load Vehicle Module: NodeNetworkNavigation
2025-12-12 12:29:43,629 | DEBUG | root | Load Vehicle Module: NodeNetworkNavigation
2025-12-12 12:29:43,643 | DEBUG | root | Load Vehicle Module: NodeNetworkNavigation
2025-12-12 12:29:43,651 | DEBUG | root | Load Vehicle Module: NodeNetworkNavigation
2025-12-12 12:29:43,664 | DEBUG | root | Load Vehicle Module: NodeNetworkNavigation
2025-12-12 12:29:43,674 | DEBUG | root | Load Vehicle Module: NodeNetworkNavigation
2025-12-12 12:29:43,685 | DEBUG | root | Load Vehicle Module: NodeNetworkNavigation
2025-12-12 12:29:50,946 | DEBUG | root | EnvInputPolicy is released
2025-12-12 12:29:50,946 | DEBUG | root | EnvInputPolicy is released
2025-12-12 12:29:52,980 | DEBUG | root | EnvInputPolicy is released
2025-12-12 12:29:53,147 | DEBUG | root | EnvInputPolicy is released
2025-12-12 12:29:55,153 | DEBUG | root | EnvInputPolicy is released
2025-12-12 12:30:00,440 | DEBUG | root | EnvInputPolicy is released
2025-12-12 12:30:00,649 | DEBUG | root | EnvInputPolicy is released
2025-12-12 12:30:01,168 | DEBUG | root | EnvInputPolicy is released
2025-12-12 12:30:04,469 | DEBUG | root | EnvInputPolicy is released
2025-12-12 12:30:07,833 | DEBUG | root | EnvInputPolicy is released
2025-12-12 12:30:08,573 | DEBUG | root | IDMPolicy is released
2025-12-12 12:30:09,241 | DEBUG | root | IDMPolicy is released
2025-12-12 12:30:10,026 | DEBUG | root | EnvInputPolicy is released
2025-12-12 12:30:10,545 | DEBUG | root | IDMPolicy is released
2025-12-12 12:30:11,465 | DEBUG | root | EnvInputPolicy is released
2025-12-12 12:30:13,192 | DEBUG | root | EnvInputPolicy is released
2025-12-12 12:30:14,074 | DEBUG | root | EnvInputPolicy is released
2025-12-12 12:30:19,069 | DEBUG | root | EnvInputPolicy is released
2025-12-12 12:30:19,610 | DEBUG | root | IDMPolicy is released
2025-12-12 12:30:21,312 | DEBUG | root | EnvInputPolicy is released
2025-12-12 12:30:23,485 | DEBUG | root | IDMPolicy is released
2025-12-12 12:30:23,507 | DEBUG | root | EnvInputPolicy is released
2025-12-12 12:30:25,130 | DEBUG | root | EnvInputPolicy is released
2025-12-12 12:30:29,094 | DEBUG | root | EnvInputPolicy is released
2025-12-12 12:30:32,580 | DEBUG | root | EnvInputPolicy is released
2025-12-12 12:30:33,836 | DEBUG | root | EnvInputPolicy is released
2025-12-12 12:30:37,127 | DEBUG | root | EnvInputPolicy is released
2025-12-12 12:30:41,945 | DEBUG | root | EnvInputPolicy is released
2025-12-12 12:30:43,548 | DEBUG | root | EnvInputPolicy is released
2025-12-12 12:30:44,492 | DEBUG | root | EnvInputPolicy is released
2025-12-12 12:30:45,389 | DEBUG | root | EnvInputPolicy is released
2025-12-12 12:30:46,729 | DEBUG | root | IDMPolicy is released
2025-12-12 12:30:53,976 | DEBUG | root | EnvInputPolicy is released
2025-12-12 12:30:56,482 | DEBUG | root | EnvInputPolicy is released
2025-12-12 12:30:56,482 | DEBUG | root | EnvInputPolicy is released
2025-12-12 12:30:58,926 | DEBUG | root | EnvInputPolicy is released
2025-12-12 12:31:01,023 | DEBUG | root | EnvInputPolicy is released
2025-12-12 12:31:02,133 | DEBUG | root | EnvInputPolicy is released
2025-12-12 12:31:03,502 | DEBUG | root | IDMPolicy is released
2025-12-12 12:31:06,025 | DEBUG | root | EnvInputPolicy is released
2025-12-12 12:31:08,043 | DEBUG | root | EnvInputPolicy is released
2025-12-12 12:31:12,124 | DEBUG | root | IDMPolicy is released
2025-12-12 12:31:12,533 | DEBUG | root | EnvInputPolicy is released
2025-12-12 12:31:15,402 | DEBUG | root | IDMPolicy is released
2025-12-12 12:31:18,683 | DEBUG | root | IDMPolicy is released
2025-12-12 12:31:18,699 | DEBUG | root | EnvInputPolicy is released
2025-12-12 12:31:19,663 | DEBUG | root | EnvInputPolicy is released
2025-12-12 12:31:20,470 | DEBUG | root | EnvInputPolicy is released
2025-12-12 12:31:22,459 | DEBUG | root | EnvInputPolicy is released
2025-12-12 12:31:23,116 | DEBUG | root | EnvInputPolicy is released
2025-12-12 12:31:25,158 | DEBUG | root | IDMPolicy is released
2025-12-12 12:31:25,498 | DEBUG | root | EnvInputPolicy is released
2025-12-12 12:31:26,857 | DEBUG | root | EnvInputPolicy is released
2025-12-12 12:31:31,560 | DEBUG | root | EnvInputPolicy is released
2025-12-12 12:31:31,790 | DEBUG | root | EnvInputPolicy is released
2025-12-12 12:31:32,750 | DEBUG | root | EnvInputPolicy is released
2025-12-12 12:31:34,069 | DEBUG | root | IDMPolicy is released
2025-12-12 12:31:35,814 | DEBUG | root | EnvInputPolicy is released
2025-12-12 12:31:35,972 | DEBUG | root | EnvInputPolicy is released
2025-12-12 12:31:37,201 | DEBUG | root | IDMPolicy is released
2025-12-12 12:31:38,121 | DEBUG | root | IDMPolicy is released
2025-12-12 12:31:39,275 | DEBUG | root | EnvInputPolicy is released
2025-12-12 12:31:39,596 | DEBUG | root | EnvInputPolicy is released
2025-12-12 12:31:40,310 | DEBUG | root | IDMPolicy is released
2025-12-12 12:31:42,566 | DEBUG | root | EnvInputPolicy is released
2025-12-12 12:31:46,391 | DEBUG | root | IDMPolicy is released
2025-12-12 12:31:49,481 | DEBUG | root | IDMPolicy is released
2025-12-12 12:31:49,877 | DEBUG | root | EnvInputPolicy is released
2025-12-12 12:31:55,194 | DEBUG | root | EnvInputPolicy is released
2025-12-12 12:31:56,479 | DEBUG | root | IDMPolicy is released
2025-12-12 12:31:56,648 | DEBUG | root | EnvInputPolicy is released
2025-12-12 12:31:57,256 | DEBUG | root | EnvInputPolicy is released
2025-12-12 12:31:58,805 | DEBUG | root | EnvInputPolicy is released
2025-12-12 12:32:00,922 | DEBUG | root | EnvInputPolicy is released
2025-12-12 12:32:01,395 | DEBUG | root | IDMPolicy is released
2025-12-12 12:32:02,735 | DEBUG | root | EnvInputPolicy is released
2025-12-12 12:32:06,851 | DEBUG | root | EnvInputPolicy is released
2025-12-12 12:32:10,086 | DEBUG | root | IDMPolicy is released
2025-12-12 12:32:10,246 | DEBUG | root | EnvInputPolicy is released
2025-12-12 12:32:11,363 | DEBUG | root | IDMPolicy is released
2025-12-12 12:32:12,411 | DEBUG | root | EnvInputPolicy is released
2025-12-12 12:32:13,474 | DEBUG | root | EnvInputPolicy is released
2025-12-12 12:32:14,866 | DEBUG | root | IDMPolicy is released
2025-12-12 12:32:18,153 | DEBUG | root | IDMPolicy is released
2025-12-12 12:32:18,494 | DEBUG | root | IDMPolicy is released
2025-12-12 12:32:19,375 | DEBUG | root | EnvInputPolicy is released
2025-12-12 12:32:19,549 | DEBUG | root | EnvInputPolicy is released
2025-12-12 12:32:20,500 | DEBUG | root | EnvInputPolicy is released
2025-12-12 12:32:23,402 | DEBUG | root | EnvInputPolicy is released
2025-12-12 12:32:24,533 | DEBUG | root | IDMPolicy is released
2025-12-12 12:32:25,581 | DEBUG | root | EnvInputPolicy is released
2025-12-12 12:32:25,866 | DEBUG | root | EnvInputPolicy is released
2025-12-12 12:32:31,906 | DEBUG | root | EnvInputPolicy is released
2025-12-12 12:32:33,697 | DEBUG | root | EnvInputPolicy is released
2025-12-12 12:32:35,439 | DEBUG | root | EnvInputPolicy is released
2025-12-12 12:32:36,307 | DEBUG | root | IDMPolicy is released
2025-12-12 12:32:37,230 | DEBUG | root | EnvInputPolicy is released
2025-12-12 12:32:41,870 | DEBUG | root | EnvInputPolicy is released
2025-12-12 12:32:42,015 | DEBUG | root | IDMPolicy is released
2025-12-12 12:32:42,683 | DEBUG | root | EnvInputPolicy is released
2025-12-12 12:32:43,047 | DEBUG | root | EnvInputPolicy is released
2025-12-12 12:32:46,222 | DEBUG | root | EnvInputPolicy is released
2025-12-12 12:32:46,222 | DEBUG | root | EnvInputPolicy is released
2025-12-12 12:32:48,292 | DEBUG | root | EnvInputPolicy is released
2025-12-12 12:32:49,234 | DEBUG | root | EnvInputPolicy is released
2025-12-12 12:32:51,393 | DEBUG | root | IDMPolicy is released
2025-12-12 12:32:53,157 | DEBUG | root | IDMPolicy is released
2025-12-12 12:32:54,226 | DEBUG | root | EnvInputPolicy is released
2025-12-12 12:32:56,559 | DEBUG | root | EnvInputPolicy is released
2025-12-12 12:32:58,155 | DEBUG | root | EnvInputPolicy is released
2025-12-12 12:32:58,474 | DEBUG | root | IDMPolicy is released
2025-12-12 12:32:58,967 | DEBUG | root | IDMPolicy is released
2025-12-12 12:32:59,301 | DEBUG | root | EnvInputPolicy is released
2025-12-12 12:33:02,005 | DEBUG | root | IDMPolicy is released
2025-12-12 12:33:02,869 | DEBUG | root | EnvInputPolicy is released
2025-12-12 12:33:06,497 | DEBUG | root | IDMPolicy is released
2025-12-12 12:33:06,519 | DEBUG | root | EnvInputPolicy is released
2025-12-12 12:33:06,700 | DEBUG | root | EnvInputPolicy is released
2025-12-12 12:33:06,861 | DEBUG | root | EnvInputPolicy is released
2025-12-12 12:33:13,041 | DEBUG | root | EnvInputPolicy is released
2025-12-12 12:33:13,420 | DEBUG | root | IDMPolicy is released
2025-12-12 12:33:17,859 | DEBUG | root | IDMPolicy is released
2025-12-12 12:33:17,882 | DEBUG | root | EnvInputPolicy is released
2025-12-12 12:33:20,699 | DEBUG | root | EnvInputPolicy is released
2025-12-12 12:33:22,690 | DEBUG | root | EnvInputPolicy is released
2025-12-12 12:33:25,501 | DEBUG | root | EnvInputPolicy is released
2025-12-12 12:33:25,979 | DEBUG | root | IDMPolicy is released
2025-12-12 12:33:27,494 | DEBUG | root | EnvInputPolicy is released
2025-12-12 12:33:31,767 | DEBUG | root | EnvInputPolicy is released
2025-12-12 12:33:32,448 | DEBUG | root | IDMPolicy is released
2025-12-12 12:33:32,480 | DEBUG | root | EnvInputPolicy is released
2025-12-12 12:33:32,957 | DEBUG | root | IDMPolicy is released
2025-12-12 12:33:38,463 | DEBUG | root | EnvInputPolicy is released
2025-12-12 12:33:40,955 | DEBUG | root | IDMPolicy is released
2025-12-12 12:33:41,358 | DEBUG | root | IDMPolicy is released
2025-12-12 12:33:42,635 | DEBUG | root | EnvInputPolicy is released
2025-12-12 12:33:45,072 | DEBUG | root | IDMPolicy is released
2025-12-12 12:33:47,099 | DEBUG | root | IDMPolicy is released
2025-12-12 12:33:47,122 | DEBUG | root | EnvInputPolicy is released
2025-12-12 12:33:48,677 | DEBUG | root | IDMPolicy is released
2025-12-12 12:33:48,716 | DEBUG | root | EnvInputPolicy is released
2025-12-12 12:33:51,758 | DEBUG | root | EnvInputPolicy is released
2025-12-12 12:33:52,233 | DEBUG | root | IDMPolicy is released
2025-12-12 12:33:52,535 | DEBUG | root | EnvInputPolicy is released
2025-12-12 12:33:52,813 | DEBUG | root | EnvInputPolicy is released
2025-12-12 12:33:53,520 | DEBUG | root | IDMPolicy is released
2025-12-12 12:33:55,492 | DEBUG | root | IDMPolicy is released
2025-12-12 12:33:56,332 | DEBUG | root | EnvInputPolicy is released
2025-12-12 12:34:00,005 | DEBUG | root | IDMPolicy is released
2025-12-12 12:34:01,859 | DEBUG | root | IDMPolicy is released
2025-12-12 12:34:06,718 | DEBUG | root | IDMPolicy is released
2025-12-12 12:34:07,049 | DEBUG | root | IDMPolicy is released
2025-12-12 12:34:07,817 | DEBUG | root | EnvInputPolicy is released
2025-12-12 12:34:11,927 | DEBUG | root | EnvInputPolicy is released
2025-12-12 12:34:15,776 | DEBUG | root | EnvInputPolicy is released
2025-12-12 12:34:15,924 | DEBUG | root | IDMPolicy is released
2025-12-12 12:34:17,684 | DEBUG | root | EnvInputPolicy is released
2025-12-12 12:34:17,856 | DEBUG | root | EnvInputPolicy is released
2025-12-12 12:34:20,126 | DEBUG | root | EnvInputPolicy is released
2025-12-12 12:34:20,543 | DEBUG | root | IDMPolicy is released
2025-12-12 12:34:21,574 | DEBUG | root | IDMPolicy is released
2025-12-12 12:34:21,603 | DEBUG | root | EnvInputPolicy is released
2025-12-12 12:34:22,339 | DEBUG | root | EnvInputPolicy is released
2025-12-12 12:34:22,637 | DEBUG | root | IDMPolicy is released
2025-12-12 12:34:27,983 | DEBUG | root | IDMPolicy is released
2025-12-12 12:34:28,684 | DEBUG | root | IDMPolicy is released
2025-12-12 12:34:31,341 | DEBUG | root | EnvInputPolicy is released
2025-12-12 12:34:33,653 | DEBUG | root | IDMPolicy is released
2025-12-12 12:34:34,157 | DEBUG | root | EnvInputPolicy is released
2025-12-12 12:34:35,515 | DEBUG | root | IDMPolicy is released
2025-12-12 12:34:37,151 | DEBUG | root | EnvInputPolicy is released
2025-12-12 12:34:39,331 | DEBUG | root | EnvInputPolicy is released
2025-12-12 12:34:39,530 | DEBUG | root | EnvInputPolicy is released
2025-12-12 12:34:40,331 | DEBUG | root | IDMPolicy is released
2025-12-12 12:34:40,686 | DEBUG | root | EnvInputPolicy is released
2025-12-12 12:34:43,729 | DEBUG | root | IDMPolicy is released
2025-12-12 12:34:44,266 | DEBUG | root | EnvInputPolicy is released
2025-12-12 12:34:45,312 | DEBUG | root | EnvInputPolicy is released
2025-12-12 12:34:46,957 | DEBUG | root | IDMPolicy is released
2025-12-12 12:34:47,626 | DEBUG | root | EnvInputPolicy is released
2025-12-12 12:34:52,022 | DEBUG | root | IDMPolicy is released
2025-12-12 12:34:54,302 | DEBUG | root | IDMPolicy is released
2025-12-12 12:34:54,940 | DEBUG | root | IDMPolicy is released
2025-12-12 12:34:55,128 | DEBUG | root | EnvInputPolicy is released
2025-12-12 12:34:56,183 | DEBUG | root | IDMPolicy is released
2025-12-12 12:34:58,259 | DEBUG | root | IDMPolicy is released
2025-12-12 12:35:00,384 | DEBUG | root | IDMPolicy is released
2025-12-12 12:35:01,675 | DEBUG | root | IDMPolicy is released
2025-12-12 12:35:02,049 | DEBUG | root | EnvInputPolicy is released
2025-12-12 12:35:02,931 | DEBUG | root | EnvInputPolicy is released
2025-12-12 12:35:03,951 | DEBUG | root | EnvInputPolicy is released
2025-12-12 12:35:06,868 | DEBUG | root | EnvInputPolicy is released
2025-12-12 12:35:07,749 | DEBUG | root | IDMPolicy is released
2025-12-12 12:35:07,773 | DEBUG | root | EnvInputPolicy is released
2025-12-12 12:35:09,875 | DEBUG | root | EnvInputPolicy is released
2025-12-12 12:35:12,971 | DEBUG | root | EnvInputPolicy is released
2025-12-12 12:35:14,269 | DEBUG | root | IDMPolicy is released
2025-12-12 12:35:14,428 | DEBUG | root | IDMPolicy is released
2025-12-12 12:35:14,432 | DEBUG | root | IDMPolicy is released
2025-12-12 12:35:20,586 | DEBUG | root | IDMPolicy is released
2025-12-12 12:35:20,759 | DEBUG | root | IDMPolicy is released
2025-12-12 12:35:20,788 | DEBUG | root | EnvInputPolicy is released
2025-12-12 12:35:26,369 | DEBUG | root | EnvInputPolicy is released
2025-12-12 12:35:28,347 | DEBUG | root | EnvInputPolicy is released
2025-12-12 12:35:28,528 | DEBUG | root | EnvInputPolicy is released
2025-12-12 12:35:31,222 | DEBUG | root | EnvInputPolicy is released
2025-12-12 12:35:31,375 | DEBUG | root | IDMPolicy is released
2025-12-12 12:35:31,409 | DEBUG | root | EnvInputPolicy is released
2025-12-12 12:35:33,416 | DEBUG | root | EnvInputPolicy is released
2025-12-12 12:35:36,144 | DEBUG | root | EnvInputPolicy is released
2025-12-12 12:35:37,262 | DEBUG | root | EnvInputPolicy is released
2025-12-12 12:35:38,754 | DEBUG | root | IDMPolicy is released
2025-12-12 12:35:42,253 | DEBUG | root | IDMPolicy is released
2025-12-12 12:35:49,458 | DEBUG | root | IDMPolicy is released
2025-12-12 12:35:51,147 | DEBUG | root | EnvInputPolicy is released
2025-12-12 12:35:52,361 | DEBUG | root | EnvInputPolicy is released
2025-12-12 12:35:53,574 | DEBUG | root | EnvInputPolicy is released
2025-12-12 12:35:55,145 | DEBUG | root | EnvInputPolicy is released
2025-12-12 12:35:56,836 | DEBUG | root | IDMPolicy is released
2025-12-12 12:35:57,053 | DEBUG | root | EnvInputPolicy is released
2025-12-12 12:35:57,239 | DEBUG | root | EnvInputPolicy is released
2025-12-12 12:35:58,236 | DEBUG | root | IDMPolicy is released
2025-12-12 12:36:01,344 | DEBUG | root | EnvInputPolicy is released
2025-12-12 12:36:01,513 | DEBUG | root | EnvInputPolicy is released
2025-12-12 12:36:01,809 | DEBUG | root | IDMPolicy is released
2025-12-12 12:36:02,277 | DEBUG | root | IDMPolicy is released
2025-12-12 12:36:06,758 | DEBUG | root | EnvInputPolicy is released
2025-12-12 12:36:07,936 | DEBUG | root | IDMPolicy is released
2025-12-12 12:36:10,621 | DEBUG | root | EnvInputPolicy is released
2025-12-12 12:36:14,387 | DEBUG | root | EnvInputPolicy is released
2025-12-12 12:36:14,996 | DEBUG | root | EnvInputPolicy is released
2025-12-12 12:36:17,709 | DEBUG | root | EnvInputPolicy is released
2025-12-12 12:36:17,882 | DEBUG | root | EnvInputPolicy is released
2025-12-12 12:36:19,388 | DEBUG | root | EnvInputPolicy is released
2025-12-12 12:36:20,298 | DEBUG | root | IDMPolicy is released
2025-12-12 12:36:21,360 | DEBUG | root | EnvInputPolicy is released
2025-12-12 12:36:22,540 | DEBUG | root | EnvInputPolicy is released
2025-12-12 12:36:23,963 | DEBUG | root | IDMPolicy is released
2025-12-12 12:36:28,719 | DEBUG | root | EnvInputPolicy is released
2025-12-12 12:36:29,712 | DEBUG | root | IDMPolicy is released
2025-12-12 12:36:30,060 | DEBUG | root | EnvInputPolicy is released
2025-12-12 12:36:30,531 | DEBUG | root | EnvInputPolicy is released
2025-12-12 12:36:31,600 | DEBUG | root | IDMPolicy is released
2025-12-12 12:36:32,093 | DEBUG | root | IDMPolicy is released
2025-12-12 12:36:32,122 | DEBUG | root | EnvInputPolicy is released
2025-12-12 12:36:33,731 | DEBUG | root | EnvInputPolicy is released
2025-12-12 12:36:36,212 | DEBUG | root | IDMPolicy is released
2025-12-12 12:36:37,754 | DEBUG | root | EnvInputPolicy is released
2025-12-12 12:36:38,090 | DEBUG | root | IDMPolicy is released
2025-12-12 12:36:38,971 | DEBUG | root | EnvInputPolicy is released
2025-12-12 12:36:44,308 | DEBUG | root | EnvInputPolicy is released
2025-12-12 12:36:46,032 | DEBUG | root | IDMPolicy is released
2025-12-12 12:36:48,873 | DEBUG | root | IDMPolicy is released
2025-12-12 12:36:50,372 | DEBUG | root | IDMPolicy is released
2025-12-12 12:36:52,323 | DEBUG | root | IDMPolicy is released
2025-12-12 12:36:52,667 | DEBUG | root | EnvInputPolicy is released
2025-12-12 12:36:54,431 | DEBUG | root | EnvInputPolicy is released
2025-12-12 12:36:55,721 | DEBUG | root | EnvInputPolicy is released
2025-12-12 12:36:57,242 | DEBUG | root | EnvInputPolicy is released
2025-12-12 12:36:58,900 | DEBUG | root | IDMPolicy is released
2025-12-12 12:36:58,920 | DEBUG | root | EnvInputPolicy is released
2025-12-12 12:37:03,348 | DEBUG | root | EnvInputPolicy is released
2025-12-12 12:37:05,320 | DEBUG | root | EnvInputPolicy is released
2025-12-12 12:37:06,396 | DEBUG | root | IDMPolicy is released
2025-12-12 12:37:07,138 | DEBUG | root | IDMPolicy is released
2025-12-12 12:37:09,812 | DEBUG | root | EnvInputPolicy is released
2025-12-12 12:37:15,425 | DEBUG | root | IDMPolicy is released
2025-12-12 12:37:17,760 | DEBUG | root | EnvInputPolicy is released
2025-12-12 12:37:19,265 | DEBUG | root | EnvInputPolicy is released
2025-12-12 12:37:19,798 | DEBUG | root | EnvInputPolicy is released
2025-12-12 12:37:21,380 | DEBUG | root | IDMPolicy is released
2025-12-12 12:37:22,558 | DEBUG | root | IDMPolicy is released
2025-12-12 12:37:24,098 | DEBUG | root | EnvInputPolicy is released
2025-12-12 12:37:25,289 | DEBUG | root | EnvInputPolicy is released
2025-12-12 12:37:27,895 | DEBUG | root | IDMPolicy is released
2025-12-12 12:37:28,416 | DEBUG | root | IDMPolicy is released
2025-12-12 12:37:28,439 | DEBUG | root | EnvInputPolicy is released
2025-12-12 12:37:31,593 | DEBUG | root | EnvInputPolicy is released
2025-12-12 12:37:35,391 | DEBUG | root | IDMPolicy is released
2025-12-12 12:37:36,976 | DEBUG | root | EnvInputPolicy is released
2025-12-12 12:37:42,368 | DEBUG | root | IDMPolicy is released
2025-12-12 12:37:44,566 | DEBUG | root | EnvInputPolicy is released
2025-12-12 12:37:44,745 | DEBUG | root | EnvInputPolicy is released
2025-12-12 12:37:46,236 | DEBUG | root | IDMPolicy is released
2025-12-12 12:37:46,937 | DEBUG | root | EnvInputPolicy is released
2025-12-12 12:37:49,543 | DEBUG | root | EnvInputPolicy is released
2025-12-12 12:37:49,691 | DEBUG | root | IDMPolicy is released
2025-12-12 12:37:52,167 | DEBUG | root | IDMPolicy is released
2025-12-12 12:37:52,765 | DEBUG | root | EnvInputPolicy is released
2025-12-12 12:37:54,451 | DEBUG | root | EnvInputPolicy is released
2025-12-12 12:37:55,305 | DEBUG | root | IDMPolicy is released
2025-12-12 12:37:58,672 | DEBUG | root | EnvInputPolicy is released
2025-12-12 12:38:04,365 | DEBUG | root | EnvInputPolicy is released
2025-12-12 12:38:04,923 | DEBUG | root | IDMPolicy is released
2025-12-12 12:38:07,239 | DEBUG | root | IDMPolicy is released
2025-12-12 12:38:09,895 | DEBUG | root | EnvInputPolicy is released
2025-12-12 12:38:11,587 | DEBUG | root | EnvInputPolicy is released
2025-12-12 12:38:11,754 | DEBUG | root | IDMPolicy is released
2025-12-12 12:38:13,754 | DEBUG | root | EnvInputPolicy is released
2025-12-12 12:38:15,625 | DEBUG | root | EnvInputPolicy is released
2025-12-12 12:38:19,604 | DEBUG | root | IDMPolicy is released
2025-12-12 12:38:21,319 | DEBUG | root | EnvInputPolicy is released
2025-12-12 12:38:22,200 | DEBUG | root | EnvInputPolicy is released
2025-12-12 12:38:23,477 | DEBUG | root | Roundabout, ID:None is destroyed
2025-12-12 12:38:23,477 | DEBUG | root | StdTInterSection, ID:None is destroyed
2025-12-12 12:38:23,477 | DEBUG | root | Curve, ID:None is destroyed
2025-12-12 12:38:23,484 | DEBUG | root | StdInterSection, ID:None is destroyed
2025-12-12 12:38:23,484 | DEBUG | root | Roundabout, ID:None is destroyed
2025-12-12 12:38:23,485 | DEBUG | root | StdTInterSection, ID:None is destroyed
2025-12-12 12:38:23,485 | DEBUG | root | Curve, ID:None is destroyed
2025-12-12 12:38:23,485 | DEBUG | root | StdInterSection, ID:None is destroyed
2025-12-12 12:38:23,485 | DEBUG | root | FirstPGBlock, ID:None is destroyed
2025-12-12 12:38:23,485 | DEBUG | root | StdInterSection, ID:None is destroyed
2025-12-12 12:38:23,485 | DEBUG | root | EnvInputPolicy is released
2025-12-12 12:38:23,488 | DEBUG | root | NodeNetworkNavigation is destroyed
2025-12-12 12:38:23,489 | DEBUG | root | EnvInputPolicy is released
2025-12-12 12:38:23,490 | DEBUG | root | NodeNetworkNavigation is destroyed
2025-12-12 12:38:23,491 | DEBUG | root | EnvInputPolicy is released
2025-12-12 12:38:23,493 | DEBUG | root | NodeNetworkNavigation is destroyed
2025-12-12 12:38:23,494 | DEBUG | root | EnvInputPolicy is released
2025-12-12 12:38:23,495 | DEBUG | root | NodeNetworkNavigation is destroyed
2025-12-12 12:38:23,495 | DEBUG | root | EnvInputPolicy is released
2025-12-12 12:38:23,497 | DEBUG | root | NodeNetworkNavigation is destroyed
2025-12-12 12:38:23,498 | DEBUG | root | EnvInputPolicy is released
2025-12-12 12:38:23,499 | DEBUG | root | NodeNetworkNavigation is destroyed
2025-12-12 12:38:23,501 | DEBUG | root | IDMPolicy is released
2025-12-12 12:38:23,501 | DEBUG | root | IDMPolicy is released
2025-12-12 12:38:23,502 | DEBUG | root | IDMPolicy is released
2025-12-12 12:38:23,502 | DEBUG | root | IDMPolicy is released
2025-12-12 12:38:23,502 | DEBUG | root | IDMPolicy is released
2025-12-12 12:38:23,502 | DEBUG | root | IDMPolicy is released
2025-12-12 12:38:23,502 | DEBUG | root | IDMPolicy is released
2025-12-12 12:38:23,502 | DEBUG | root | IDMPolicy is released
2025-12-12 12:38:23,502 | DEBUG | root | IDMPolicy is released
2025-12-12 12:38:23,504 | DEBUG | root | IDMPolicy is released
2025-12-12 12:38:23,505 | DEBUG | root | IDMPolicy is released
2025-12-12 12:38:23,505 | DEBUG | root | IDMPolicy is released
2025-12-12 12:38:23,506 | DEBUG | root | IDMPolicy is released
2025-12-12 12:38:23,506 | DEBUG | root | IDMPolicy is released
2025-12-12 12:38:23,506 | DEBUG | root | IDMPolicy is released
2025-12-12 12:38:23,506 | DEBUG | root | IDMPolicy is released
2025-12-12 12:38:23,507 | DEBUG | root | IDMPolicy is released
2025-12-12 12:38:23,507 | DEBUG | root | IDMPolicy is released
2025-12-12 12:38:23,507 | DEBUG | root | IDMPolicy is released
2025-12-12 12:38:23,507 | DEBUG | root | IDMPolicy is released
2025-12-12 12:38:23,509 | DEBUG | root | IDMPolicy is released
2025-12-12 12:38:23,509 | DEBUG | root | IDMPolicy is released
2025-12-12 12:38:23,509 | DEBUG | root | IDMPolicy is released
2025-12-12 12:38:23,509 | DEBUG | root | IDMPolicy is released
2025-12-12 12:38:23,509 | DEBUG | root | IDMPolicy is released
2025-12-12 12:38:23,509 | DEBUG | root | IDMPolicy is released
2025-12-12 12:38:23,510 | DEBUG | root | IDMPolicy is released
2025-12-12 12:38:23,511 | DEBUG | root | IDMPolicy is released
2025-12-12 12:38:23,511 | DEBUG | root | IDMPolicy is released
2025-12-12 12:38:23,512 | DEBUG | root | IDMPolicy is released
2025-12-12 12:38:23,512 | DEBUG | root | IDMPolicy is released
2025-12-12 12:38:23,512 | DEBUG | root | IDMPolicy is released
2025-12-12 12:38:23,512 | DEBUG | root | IDMPolicy is released
2025-12-12 12:38:23,513 | DEBUG | root | IDMPolicy is released
2025-12-12 12:38:23,513 | DEBUG | root | IDMPolicy is released
2025-12-12 12:38:23,513 | DEBUG | root | IDMPolicy is released
2025-12-12 12:38:23,513 | DEBUG | root | IDMPolicy is released
2025-12-12 12:38:23,513 | DEBUG | root | IDMPolicy is released
2025-12-12 12:38:23,513 | DEBUG | root | IDMPolicy is released
2025-12-12 12:38:23,513 | DEBUG | root | IDMPolicy is released
2025-12-12 12:38:23,513 | DEBUG | root | IDMPolicy is released
2025-12-12 12:38:23,516 | DEBUG | root | IDMPolicy is released
2025-12-12 12:38:23,517 | DEBUG | root | NodeNetworkNavigation is destroyed
2025-12-12 12:38:23,519 | DEBUG | root | NodeNetworkNavigation is destroyed
2025-12-12 12:38:23,520 | DEBUG | root | NodeNetworkNavigation is destroyed
2025-12-12 12:38:23,523 | DEBUG | root | NodeNetworkNavigation is destroyed
2025-12-12 12:38:23,524 | DEBUG | root | NodeNetworkNavigation is destroyed
2025-12-12 12:38:23,526 | DEBUG | root | NodeNetworkNavigation is destroyed
2025-12-12 12:38:23,528 | DEBUG | root | NodeNetworkNavigation is destroyed
2025-12-12 12:38:23,530 | DEBUG | root | NodeNetworkNavigation is destroyed
2025-12-12 12:38:23,531 | DEBUG | root | NodeNetworkNavigation is destroyed
2025-12-12 12:38:23,533 | DEBUG | root | NodeNetworkNavigation is destroyed
2025-12-12 12:38:23,535 | DEBUG | root | NodeNetworkNavigation is destroyed
2025-12-12 12:38:23,537 | DEBUG | root | NodeNetworkNavigation is destroyed
2025-12-12 12:38:23,539 | DEBUG | root | NodeNetworkNavigation is destroyed
2025-12-12 12:38:23,541 | DEBUG | root | NodeNetworkNavigation is destroyed
2025-12-12 12:38:23,542 | DEBUG | root | NodeNetworkNavigation is destroyed
2025-12-12 12:38:23,546 | DEBUG | root | NodeNetworkNavigation is destroyed
2025-12-12 12:38:23,548 | DEBUG | root | NodeNetworkNavigation is destroyed
2025-12-12 12:38:23,550 | DEBUG | root | NodeNetworkNavigation is destroyed
2025-12-12 12:38:23,553 | DEBUG | root | NodeNetworkNavigation is destroyed
2025-12-12 12:38:23,555 | DEBUG | root | NodeNetworkNavigation is destroyed
2025-12-12 12:38:23,557 | DEBUG | root | NodeNetworkNavigation is destroyed
2025-12-12 12:38:23,560 | DEBUG | root | NodeNetworkNavigation is destroyed
2025-12-12 12:38:23,562 | DEBUG | root | NodeNetworkNavigation is destroyed
2025-12-12 12:38:23,564 | DEBUG | root | NodeNetworkNavigation is destroyed
2025-12-12 12:38:23,567 | DEBUG | root | NodeNetworkNavigation is destroyed
2025-12-12 12:38:23,569 | DEBUG | root | NodeNetworkNavigation is destroyed
2025-12-12 12:38:23,571 | DEBUG | root | NodeNetworkNavigation is destroyed
2025-12-12 12:38:23,574 | DEBUG | root | NodeNetworkNavigation is destroyed
2025-12-12 12:38:23,576 | DEBUG | root | NodeNetworkNavigation is destroyed
2025-12-12 12:38:23,577 | DEBUG | root | NodeNetworkNavigation is destroyed
2025-12-12 12:38:23,578 | DEBUG | root | NodeNetworkNavigation is destroyed
2025-12-12 12:38:23,582 | DEBUG | root | NodeNetworkNavigation is destroyed
2025-12-12 12:38:23,584 | DEBUG | root | NodeNetworkNavigation is destroyed
2025-12-12 12:38:23,586 | DEBUG | root | NodeNetworkNavigation is destroyed
2025-12-12 12:38:23,587 | DEBUG | root | NodeNetworkNavigation is destroyed
2025-12-12 12:38:23,590 | DEBUG | root | NodeNetworkNavigation is destroyed
2025-12-12 12:38:23,591 | DEBUG | root | NodeNetworkNavigation is destroyed
2025-12-12 12:38:23,592 | DEBUG | root | NodeNetworkNavigation is destroyed
2025-12-12 12:38:23,597 | DEBUG | root | NodeNetworkNavigation is destroyed
2025-12-12 12:38:23,600 | DEBUG | root | NodeNetworkNavigation is destroyed
2025-12-12 12:38:23,603 | DEBUG | root | NodeNetworkNavigation is destroyed
2025-12-12 12:38:23,606 | DEBUG | root | NodeNetworkNavigation is destroyed
2025-12-12 12:38:23,610 | DEBUG | root | NodeNetworkNavigation is destroyed
2025-12-12 12:38:23,610 | DEBUG | root | NodeNetworkNavigation is destroyed
2025-12-12 12:38:23,610 | DEBUG | root | Pedestrian, ID:None is destroyed
2025-12-12 12:38:23,610 | DEBUG | root | BaseTrafficLight, ID:None is destroyed
2025-12-12 12:38:23,610 | DEBUG | root | TrafficBarrier, ID:None is destroyed
2025-12-12 12:38:23,616 | DEBUG | root | TrafficCone, ID:None is destroyed
2025-12-12 12:38:23,616 | DEBUG | root | MVehicle, ID:None is destroyed
2025-12-12 12:38:23,617 | DEBUG | root | MVehicle, ID:None is destroyed
2025-12-12 12:38:23,617 | DEBUG | root | MVehicle, ID:None is destroyed
2025-12-12 12:38:23,618 | DEBUG | root | MVehicle, ID:None is destroyed
2025-12-12 12:38:23,618 | DEBUG | root | MVehicle, ID:None is destroyed
2025-12-12 12:38:23,618 | DEBUG | root | MVehicle, ID:None is destroyed
2025-12-12 12:38:23,619 | DEBUG | root | MVehicle, ID:None is destroyed
2025-12-12 12:38:23,619 | DEBUG | root | MVehicle, ID:None is destroyed
2025-12-12 12:38:23,619 | DEBUG | root | MVehicle, ID:None is destroyed
2025-12-12 12:38:23,619 | DEBUG | root | MVehicle, ID:None is destroyed
2025-12-12 12:38:23,619 | DEBUG | root | MVehicle, ID:None is destroyed
2025-12-12 12:38:23,620 | DEBUG | root | LVehicle, ID:None is destroyed
2025-12-12 12:38:23,621 | DEBUG | root | LVehicle, ID:None is destroyed
2025-12-12 12:38:23,621 | DEBUG | root | LVehicle, ID:None is destroyed
2025-12-12 12:38:23,621 | DEBUG | root | LVehicle, ID:None is destroyed
2025-12-12 12:38:23,621 | DEBUG | root | LVehicle, ID:None is destroyed
2025-12-12 12:38:23,622 | DEBUG | root | LVehicle, ID:None is destroyed
2025-12-12 12:38:23,622 | DEBUG | root | LVehicle, ID:None is destroyed
2025-12-12 12:38:23,623 | DEBUG | root | LVehicle, ID:None is destroyed
2025-12-12 12:38:23,623 | DEBUG | root | LVehicle, ID:None is destroyed
2025-12-12 12:38:23,623 | DEBUG | root | LVehicle, ID:None is destroyed
2025-12-12 12:38:23,623 | DEBUG | root | LVehicle, ID:None is destroyed
2025-12-12 12:38:23,623 | DEBUG | root | LVehicle, ID:None is destroyed
2025-12-12 12:38:23,624 | DEBUG | root | LVehicle, ID:None is destroyed
2025-12-12 12:38:23,624 | DEBUG | root | LVehicle, ID:None is destroyed
2025-12-12 12:38:23,624 | DEBUG | root | LVehicle, ID:None is destroyed
2025-12-12 12:38:23,624 | DEBUG | root | SVehicle, ID:None is destroyed
2025-12-12 12:38:23,624 | DEBUG | root | SVehicle, ID:None is destroyed
2025-12-12 12:38:23,624 | DEBUG | root | SVehicle, ID:None is destroyed
2025-12-12 12:38:23,626 | DEBUG | root | SVehicle, ID:None is destroyed
2025-12-12 12:38:23,626 | DEBUG | root | SVehicle, ID:None is destroyed
2025-12-12 12:38:23,626 | DEBUG | root | SVehicle, ID:None is destroyed
2025-12-12 12:38:23,626 | DEBUG | root | SVehicle, ID:None is destroyed
2025-12-12 12:38:23,626 | DEBUG | root | SVehicle, ID:None is destroyed
2025-12-12 12:38:23,627 | DEBUG | root | SVehicle, ID:None is destroyed
2025-12-12 12:38:23,893 | DEBUG | root | XLVehicle, ID:None is destroyed
2025-12-12 12:38:23,893 | DEBUG | root | XLVehicle, ID:None is destroyed
2025-12-12 12:38:23,893 | DEBUG | root | XLVehicle, ID:None is destroyed
2025-12-12 12:38:23,893 | DEBUG | root | XLVehicle, ID:None is destroyed
2025-12-12 12:38:23,893 | DEBUG | root | XLVehicle, ID:None is destroyed
2025-12-12 12:38:23,893 | DEBUG | root | XLVehicle, ID:None is destroyed
2025-12-12 12:38:23,893 | DEBUG | root | XLVehicle, ID:None is destroyed
2025-12-12 12:42:49,948 | DEBUG | matplotlib | matplotlib data path: C:\Users\Pushpak Chakraborty\Desktop\Final Year Project\venv\lib\site-packages\matplotlib\mpl-data
2025-12-12 12:42:49,951 | DEBUG | matplotlib | CONFIGDIR=C:\Users\Pushpak Chakraborty\.matplotlib
2025-12-12 12:42:49,951 | DEBUG | matplotlib | interactive is False
2025-12-12 12:42:49,951 | DEBUG | matplotlib | platform is win32
2025-12-12 12:42:50,296 | DEBUG | matplotlib | CACHEDIR=C:\Users\Pushpak Chakraborty\.matplotlib
2025-12-12 12:42:50,296 | DEBUG | matplotlib.font_manager | Using fontManager instance from C:\Users\Pushpak Chakraborty\.matplotlib\fontlist-v330.json
2025-12-12 12:42:53,351 | DEBUG | root | forward
2025-12-12 12:42:53,399 | DEBUG | root | forward
2025-12-12 12:42:53,475 | DEBUG | root | forward
2025-12-12 12:42:53,524 | DEBUG | root | forward
2025-12-12 12:42:53,628 | DEBUG | root | destruct
2025-12-12 12:42:53,640 | DEBUG | root | sibling
2025-12-12 12:42:53,767 | DEBUG | root | forward
2025-12-12 12:42:53,864 | DEBUG | root | forward
2025-12-12 12:42:53,899 | DEBUG | root | forward
2025-12-12 12:42:54,003 | DEBUG | root | forward
2025-12-12 12:42:54,156 | DEBUG | root | destruct
2025-12-12 12:42:54,179 | DEBUG | root | sibling
2025-12-12 12:42:54,336 | DEBUG | root | destruct
2025-12-12 12:42:54,357 | DEBUG | root | sibling
2025-12-12 12:42:54,510 | DEBUG | root | destruct
2025-12-12 12:42:54,535 | DEBUG | root | sibling
2025-12-12 12:42:54,684 | DEBUG | root | destruct
2025-12-12 12:42:54,711 | DEBUG | root | sibling
2025-12-12 12:42:54,856 | DEBUG | root | destruct
2025-12-12 12:42:54,878 | DEBUG | root | back
2025-12-12 12:42:54,905 | DEBUG | root | Roundabout, ID:None is destroyed
2025-12-12 12:42:54,913 | DEBUG | root | sibling
2025-12-12 12:42:55,011 | DEBUG | root | forward
2025-12-12 12:42:55,148 | DEBUG | root | forward
2025-12-12 12:42:55,279 | DEBUG | root | Destroy Big
2025-12-12 12:42:55,417 | DEBUG | root | Load Vehicle Module: NodeNetworkNavigation
2025-12-12 12:42:55,430 | DEBUG | root | Load Vehicle Module: NodeNetworkNavigation
2025-12-12 12:42:55,433 | DEBUG | root | Load Vehicle Module: NodeNetworkNavigation
2025-12-12 12:42:55,455 | DEBUG | root | Load Vehicle Module: NodeNetworkNavigation
2025-12-12 12:42:55,469 | DEBUG | root | Load Vehicle Module: NodeNetworkNavigation
2025-12-12 12:42:55,485 | DEBUG | root | Load Vehicle Module: NodeNetworkNavigation
2025-12-12 12:42:55,495 | DEBUG | root | Load Vehicle Module: NodeNetworkNavigation
2025-12-12 12:42:55,515 | DEBUG | root | Load Vehicle Module: NodeNetworkNavigation
2025-12-12 12:42:55,516 | DEBUG | root | load scene Use random traffic
2025-12-12 12:42:55,538 | DEBUG | root | Load Vehicle Module: NodeNetworkNavigation
2025-12-12 12:42:55,547 | DEBUG | root | Load Vehicle Module: NodeNetworkNavigation
2025-12-12 12:42:55,565 | DEBUG | root | Load Vehicle Module: NodeNetworkNavigation
2025-12-12 12:42:55,581 | DEBUG | root | Load Vehicle Module: NodeNetworkNavigation
2025-12-12 12:42:55,596 | DEBUG | root | Load Vehicle Module: NodeNetworkNavigation
2025-12-12 12:42:55,628 | DEBUG | root | Load Vehicle Module: NodeNetworkNavigation
2025-12-12 12:42:55,628 | DEBUG | root | Load Vehicle Module: NodeNetworkNavigation
2025-12-12 12:42:55,650 | DEBUG | root | Load Vehicle Module: NodeNetworkNavigation
2025-12-12 12:42:55,670 | DEBUG | root | Load Vehicle Module: NodeNetworkNavigation
2025-12-12 12:42:55,686 | DEBUG | root | Load Vehicle Module: NodeNetworkNavigation
2025-12-12 12:42:55,697 | DEBUG | root | Load Vehicle Module: NodeNetworkNavigation
2025-12-12 12:42:55,707 | DEBUG | root | Load Vehicle Module: NodeNetworkNavigation
2025-12-12 12:42:55,717 | DEBUG | root | Load Vehicle Module: NodeNetworkNavigation
2025-12-12 12:42:55,726 | DEBUG | root | Load Vehicle Module: NodeNetworkNavigation
2025-12-12 12:42:55,738 | DEBUG | root | Load Vehicle Module: NodeNetworkNavigation
2025-12-12 12:42:55,739 | DEBUG | root | Load Vehicle Module: NodeNetworkNavigation
2025-12-12 12:42:55,754 | DEBUG | root | Load Vehicle Module: NodeNetworkNavigation
2025-12-12 12:42:55,767 | DEBUG | root | Load Vehicle Module: NodeNetworkNavigation
2025-12-12 12:42:55,777 | DEBUG | root | Load Vehicle Module: NodeNetworkNavigation
2025-12-12 12:42:55,790 | DEBUG | root | Load Vehicle Module: NodeNetworkNavigation
2025-12-12 12:42:55,799 | DEBUG | root | Load Vehicle Module: NodeNetworkNavigation
2025-12-12 12:42:55,812 | DEBUG | root | Load Vehicle Module: NodeNetworkNavigation
2025-12-12 12:42:55,821 | DEBUG | root | Load Vehicle Module: NodeNetworkNavigation
2025-12-12 12:42:55,832 | DEBUG | root | Load Vehicle Module: NodeNetworkNavigation
2025-12-12 12:42:55,844 | DEBUG | root | Load Vehicle Module: NodeNetworkNavigation
2025-12-12 12:42:55,854 | DEBUG | root | Load Vehicle Module: NodeNetworkNavigation
2025-12-12 12:42:55,864 | DEBUG | root | Load Vehicle Module: NodeNetworkNavigation
2025-12-12 12:42:55,875 | DEBUG | root | Load Vehicle Module: NodeNetworkNavigation
2025-12-12 12:42:55,885 | DEBUG | root | Load Vehicle Module: NodeNetworkNavigation
2025-12-12 12:42:55,898 | DEBUG | root | Load Vehicle Module: NodeNetworkNavigation
2025-12-12 12:42:55,910 | DEBUG | root | Load Vehicle Module: NodeNetworkNavigation
2025-12-12 12:42:55,919 | DEBUG | root | Load Vehicle Module: NodeNetworkNavigation
2025-12-12 12:42:55,927 | DEBUG | root | Load Vehicle Module: NodeNetworkNavigation
2025-12-12 12:42:55,940 | DEBUG | root | Load Vehicle Module: NodeNetworkNavigation
2025-12-12 12:42:55,951 | DEBUG | root | Load Vehicle Module: NodeNetworkNavigation
2025-12-12 12:42:55,955 | DEBUG | root | Load Vehicle Module: NodeNetworkNavigation
2025-12-12 12:42:55,969 | DEBUG | root | Load Vehicle Module: NodeNetworkNavigation
2025-12-12 12:42:55,983 | DEBUG | root | Load Vehicle Module: NodeNetworkNavigation
2025-12-12 12:42:55,992 | DEBUG | root | Load Vehicle Module: NodeNetworkNavigation
2025-12-12 12:42:56,006 | DEBUG | root | Load Vehicle Module: NodeNetworkNavigation
2025-12-12 12:42:56,015 | DEBUG | root | Load Vehicle Module: NodeNetworkNavigation
2025-12-12 12:42:56,026 | DEBUG | root | Load Vehicle Module: NodeNetworkNavigation
2025-12-12 12:43:03,649 | DEBUG | root | EnvInputPolicy is released
2025-12-12 12:43:03,649 | DEBUG | root | EnvInputPolicy is released
2025-12-12 12:43:05,139 | DEBUG | root | EnvInputPolicy is released
2025-12-12 12:43:06,084 | DEBUG | root | EnvInputPolicy is released
2025-12-12 12:43:17,096 | DEBUG | root | EnvInputPolicy is released
2025-12-12 12:43:17,096 | DEBUG | root | EnvInputPolicy is released
2025-12-12 12:43:22,992 | DEBUG | root | EnvInputPolicy is released
2025-12-12 12:43:24,280 | DEBUG | root | EnvInputPolicy is released
2025-12-12 12:43:28,153 | DEBUG | root | EnvInputPolicy is released
2025-12-12 12:43:29,854 | DEBUG | root | EnvInputPolicy is released
2025-12-12 12:43:30,086 | DEBUG | root | EnvInputPolicy is released
2025-12-12 12:43:35,180 | DEBUG | root | IDMPolicy is released
2025-12-12 12:43:37,255 | DEBUG | root | IDMPolicy is released
2025-12-12 12:43:38,525 | DEBUG | root | EnvInputPolicy is released
2025-12-12 12:43:40,753 | DEBUG | root | EnvInputPolicy is released
2025-12-12 12:43:42,593 | DEBUG | root | IDMPolicy is released
2025-12-12 12:43:48,526 | DEBUG | root | IDMPolicy is released
2025-12-12 12:43:49,875 | DEBUG | root | EnvInputPolicy is released
2025-12-12 12:43:50,699 | DEBUG | root | IDMPolicy is released
2025-12-12 12:43:51,334 | DEBUG | root | EnvInputPolicy is released
2025-12-12 12:43:52,708 | DEBUG | root | IDMPolicy is released
2025-12-12 12:43:54,714 | DEBUG | root | EnvInputPolicy is released
2025-12-12 12:43:55,860 | DEBUG | root | EnvInputPolicy is released
2025-12-12 12:43:58,179 | DEBUG | root | IDMPolicy is released
2025-12-12 12:44:00,136 | DEBUG | root | EnvInputPolicy is released
2025-12-12 12:44:01,296 | DEBUG | root | EnvInputPolicy is released
2025-12-12 12:44:03,309 | DEBUG | root | IDMPolicy is released
2025-12-12 12:44:06,517 | DEBUG | root | EnvInputPolicy is released
2025-12-12 12:44:07,419 | DEBUG | root | EnvInputPolicy is released
2025-12-12 12:44:09,419 | DEBUG | root | EnvInputPolicy is released
2025-12-12 12:44:10,960 | DEBUG | root | EnvInputPolicy is released
2025-12-12 12:44:14,847 | DEBUG | root | IDMPolicy is released
2025-12-12 12:44:17,257 | DEBUG | root | EnvInputPolicy is released
2025-12-12 12:44:17,847 | DEBUG | root | EnvInputPolicy is released
2025-12-12 12:44:19,015 | DEBUG | root | EnvInputPolicy is released
2025-12-12 12:44:21,495 | DEBUG | root | IDMPolicy is released
2025-12-12 12:44:28,691 | DEBUG | root | EnvInputPolicy is released
2025-12-12 12:44:35,443 | DEBUG | root | IDMPolicy is released
2025-12-12 12:44:35,474 | DEBUG | root | EnvInputPolicy is released
2025-12-12 12:44:37,070 | DEBUG | root | EnvInputPolicy is released
2025-12-12 12:44:43,214 | DEBUG | root | EnvInputPolicy is released
2025-12-12 12:44:44,416 | DEBUG | root | EnvInputPolicy is released
2025-12-12 12:44:51,289 | DEBUG | root | EnvInputPolicy is released
2025-12-12 12:44:52,149 | DEBUG | root | EnvInputPolicy is released
2025-12-12 12:44:53,913 | DEBUG | root | EnvInputPolicy is released
2025-12-12 12:44:55,449 | DEBUG | root | IDMPolicy is released
2025-12-12 12:44:55,647 | DEBUG | root | IDMPolicy is released
2025-12-12 12:45:00,182 | DEBUG | root | IDMPolicy is released
2025-12-12 12:45:03,403 | DEBUG | root | EnvInputPolicy is released
2025-12-12 12:45:04,134 | DEBUG | root | IDMPolicy is released
2025-12-12 12:45:08,291 | DEBUG | root | EnvInputPolicy is released
2025-12-12 12:45:09,415 | DEBUG | root | EnvInputPolicy is released
2025-12-12 12:45:12,976 | DEBUG | root | EnvInputPolicy is released
2025-12-12 12:45:13,768 | DEBUG | root | EnvInputPolicy is released
2025-12-12 12:45:15,074 | DEBUG | root | IDMPolicy is released
2025-12-12 12:45:18,149 | DEBUG | root | EnvInputPolicy is released
2025-12-12 12:45:18,711 | DEBUG | root | EnvInputPolicy is released
2025-12-12 12:45:19,773 | DEBUG | root | EnvInputPolicy is released
2025-12-12 12:45:24,265 | DEBUG | root | IDMPolicy is released
2025-12-12 12:45:29,500 | DEBUG | root | EnvInputPolicy is released
2025-12-12 12:45:33,623 | DEBUG | root | IDMPolicy is released
2025-12-12 12:45:34,797 | DEBUG | root | EnvInputPolicy is released
2025-12-12 12:45:34,956 | DEBUG | root | IDMPolicy is released
2025-12-12 12:45:35,692 | DEBUG | root | EnvInputPolicy is released
2025-12-12 12:45:39,061 | DEBUG | root | EnvInputPolicy is released
2025-12-12 12:45:39,790 | DEBUG | root | EnvInputPolicy is released
2025-12-12 12:45:41,350 | DEBUG | root | IDMPolicy is released
2025-12-12 12:45:43,628 | DEBUG | root | IDMPolicy is released
2025-12-12 12:45:44,030 | DEBUG | root | EnvInputPolicy is released
2025-12-12 12:45:44,802 | DEBUG | root | EnvInputPolicy is released
2025-12-12 12:45:45,765 | DEBUG | root | EnvInputPolicy is released
2025-12-12 12:45:49,611 | DEBUG | root | IDMPolicy is released
2025-12-12 12:45:50,910 | DEBUG | root | IDMPolicy is released
2025-12-12 12:45:55,027 | DEBUG | root | EnvInputPolicy is released
2025-12-12 12:45:57,269 | DEBUG | root | EnvInputPolicy is released
2025-12-12 12:45:58,349 | DEBUG | root | IDMPolicy is released
2025-12-12 12:46:00,518 | DEBUG | root | EnvInputPolicy is released
2025-12-12 12:46:01,143 | DEBUG | root | IDMPolicy is released
2025-12-12 12:46:01,608 | DEBUG | root | EnvInputPolicy is released
2025-12-12 12:46:04,225 | DEBUG | root | EnvInputPolicy is released
2025-12-12 12:46:05,642 | DEBUG | root | EnvInputPolicy is released
2025-12-12 12:46:10,091 | DEBUG | root | IDMPolicy is released
2025-12-12 12:46:10,523 | DEBUG | root | EnvInputPolicy is released
2025-12-12 12:46:11,546 | DEBUG | root | IDMPolicy is released
2025-12-12 12:46:11,786 | DEBUG | root | EnvInputPolicy is released
2025-12-12 12:46:14,053 | DEBUG | root | IDMPolicy is released
2025-12-12 12:46:16,368 | DEBUG | root | EnvInputPolicy is released
2025-12-12 12:46:21,617 | DEBUG | root | IDMPolicy is released
2025-12-12 12:46:22,068 | DEBUG | root | EnvInputPolicy is released
2025-12-12 12:46:23,081 | DEBUG | root | IDMPolicy is released
2025-12-12 12:46:23,101 | DEBUG | root | EnvInputPolicy is released
2025-12-12 12:46:25,976 | DEBUG | root | EnvInputPolicy is released
2025-12-12 12:46:26,408 | DEBUG | root | EnvInputPolicy is released
2025-12-12 12:46:26,815 | DEBUG | root | IDMPolicy is released
2025-12-12 12:46:28,811 | DEBUG | root | EnvInputPolicy is released
2025-12-12 12:46:33,443 | DEBUG | root | IDMPolicy is released
2025-12-12 12:46:33,460 | DEBUG | root | EnvInputPolicy is released
2025-12-12 12:46:34,848 | DEBUG | root | EnvInputPolicy is released
2025-12-12 12:46:38,403 | DEBUG | root | IDMPolicy is released
2025-12-12 12:46:38,646 | DEBUG | root | EnvInputPolicy is released
2025-12-12 12:46:40,653 | DEBUG | root | Roundabout, ID:None is destroyed
2025-12-12 12:46:40,653 | DEBUG | root | StdTInterSection, ID:None is destroyed
2025-12-12 12:46:40,653 | DEBUG | root | Curve, ID:None is destroyed
2025-12-12 12:46:40,653 | DEBUG | root | StdInterSection, ID:None is destroyed
2025-12-12 12:46:40,653 | DEBUG | root | Roundabout, ID:None is destroyed
2025-12-12 12:46:40,653 | DEBUG | root | StdTInterSection, ID:None is destroyed
2025-12-12 12:46:40,653 | DEBUG | root | Curve, ID:None is destroyed
2025-12-12 12:46:40,653 | DEBUG | root | StdInterSection, ID:None is destroyed
2025-12-12 12:46:40,653 | DEBUG | root | FirstPGBlock, ID:None is destroyed
2025-12-12 12:46:40,653 | DEBUG | root | StdInterSection, ID:None is destroyed
2025-12-12 12:46:40,653 | DEBUG | root | EnvInputPolicy is released
2025-12-12 12:46:40,653 | DEBUG | root | NodeNetworkNavigation is destroyed
2025-12-12 12:46:40,653 | DEBUG | root | EnvInputPolicy is released
2025-12-12 12:46:40,659 | DEBUG | root | NodeNetworkNavigation is destroyed
2025-12-12 12:46:40,659 | DEBUG | root | EnvInputPolicy is released
2025-12-12 12:46:40,660 | DEBUG | root | NodeNetworkNavigation is destroyed
2025-12-12 12:46:40,661 | DEBUG | root | EnvInputPolicy is released
2025-12-12 12:46:40,661 | DEBUG | root | NodeNetworkNavigation is destroyed
2025-12-12 12:46:40,661 | DEBUG | root | EnvInputPolicy is released
2025-12-12 12:46:40,662 | DEBUG | root | NodeNetworkNavigation is destroyed
2025-12-12 12:46:40,663 | DEBUG | root | EnvInputPolicy is released
2025-12-12 12:46:40,664 | DEBUG | root | NodeNetworkNavigation is destroyed
2025-12-12 12:46:40,664 | DEBUG | root | EnvInputPolicy is released
2025-12-12 12:46:40,666 | DEBUG | root | NodeNetworkNavigation is destroyed
2025-12-12 12:46:40,666 | DEBUG | root | EnvInputPolicy is released
2025-12-12 12:46:40,667 | DEBUG | root | NodeNetworkNavigation is destroyed
2025-12-12 12:46:40,667 | DEBUG | root | IDMPolicy is released
2025-12-12 12:46:40,668 | DEBUG | root | IDMPolicy is released
2025-12-12 12:46:40,668 | DEBUG | root | IDMPolicy is released
2025-12-12 12:46:40,669 | DEBUG | root | IDMPolicy is released
2025-12-12 12:46:40,669 | DEBUG | root | IDMPolicy is released
2025-12-12 12:46:40,670 | DEBUG | root | IDMPolicy is released
2025-12-12 12:46:40,670 | DEBUG | root | IDMPolicy is released
2025-12-12 12:46:40,670 | DEBUG | root | IDMPolicy is released
2025-12-12 12:46:40,670 | DEBUG | root | IDMPolicy is released
2025-12-12 12:46:40,670 | DEBUG | root | IDMPolicy is released
2025-12-12 12:46:40,670 | DEBUG | root | IDMPolicy is released
2025-12-12 12:46:40,670 | DEBUG | root | IDMPolicy is released
2025-12-12 12:46:40,672 | DEBUG | root | IDMPolicy is released
2025-12-12 12:46:40,672 | DEBUG | root | IDMPolicy is released
2025-12-12 12:46:40,672 | DEBUG | root | IDMPolicy is released
2025-12-12 12:46:40,672 | DEBUG | root | IDMPolicy is released
2025-12-12 12:46:40,673 | DEBUG | root | IDMPolicy is released
2025-12-12 12:46:40,673 | DEBUG | root | IDMPolicy is released
2025-12-12 12:46:40,673 | DEBUG | root | IDMPolicy is released
2025-12-12 12:46:40,673 | DEBUG | root | IDMPolicy is released
2025-12-12 12:46:40,673 | DEBUG | root | IDMPolicy is released
2025-12-12 12:46:40,674 | DEBUG | root | IDMPolicy is released
2025-12-12 12:46:40,674 | DEBUG | root | IDMPolicy is released
2025-12-12 12:46:40,675 | DEBUG | root | IDMPolicy is released
2025-12-12 12:46:40,675 | DEBUG | root | IDMPolicy is released
2025-12-12 12:46:40,675 | DEBUG | root | IDMPolicy is released
2025-12-12 12:46:40,675 | DEBUG | root | IDMPolicy is released
2025-12-12 12:46:40,675 | DEBUG | root | IDMPolicy is released
2025-12-12 12:46:40,677 | DEBUG | root | IDMPolicy is released
2025-12-12 12:46:40,677 | DEBUG | root | IDMPolicy is released
2025-12-12 12:46:40,677 | DEBUG | root | IDMPolicy is released
2025-12-12 12:46:40,677 | DEBUG | root | IDMPolicy is released
2025-12-12 12:46:40,677 | DEBUG | root | IDMPolicy is released
2025-12-12 12:46:40,678 | DEBUG | root | IDMPolicy is released
2025-12-12 12:46:40,678 | DEBUG | root | IDMPolicy is released
2025-12-12 12:46:40,678 | DEBUG | root | IDMPolicy is released
2025-12-12 12:46:40,678 | DEBUG | root | IDMPolicy is released
2025-12-12 12:46:40,678 | DEBUG | root | IDMPolicy is released
2025-12-12 12:46:40,678 | DEBUG | root | IDMPolicy is released
2025-12-12 12:46:40,679 | DEBUG | root | IDMPolicy is released
2025-12-12 12:46:40,679 | DEBUG | root | IDMPolicy is released
2025-12-12 12:46:40,680 | DEBUG | root | IDMPolicy is released
2025-12-12 12:46:40,681 | DEBUG | root | NodeNetworkNavigation is destroyed
2025-12-12 12:46:40,681 | DEBUG | root | NodeNetworkNavigation is destroyed
2025-12-12 12:46:40,681 | DEBUG | root | NodeNetworkNavigation is destroyed
2025-12-12 12:46:40,681 | DEBUG | root | NodeNetworkNavigation is destroyed
2025-12-12 12:46:40,685 | DEBUG | root | NodeNetworkNavigation is destroyed
2025-12-12 12:46:40,686 | DEBUG | root | NodeNetworkNavigation is destroyed
2025-12-12 12:46:40,687 | DEBUG | root | NodeNetworkNavigation is destroyed
2025-12-12 12:46:40,688 | DEBUG | root | NodeNetworkNavigation is destroyed
2025-12-12 12:46:40,690 | DEBUG | root | NodeNetworkNavigation is destroyed
2025-12-12 12:46:40,690 | DEBUG | root | NodeNetworkNavigation is destroyed
2025-12-12 12:46:40,691 | DEBUG | root | NodeNetworkNavigation is destroyed
2025-12-12 12:46:40,692 | DEBUG | root | NodeNetworkNavigation is destroyed
2025-12-12 12:46:40,693 | DEBUG | root | NodeNetworkNavigation is destroyed
2025-12-12 12:46:40,695 | DEBUG | root | NodeNetworkNavigation is destroyed
2025-12-12 12:46:40,697 | DEBUG | root | NodeNetworkNavigation is destroyed
2025-12-12 12:46:40,698 | DEBUG | root | NodeNetworkNavigation is destroyed
2025-12-12 12:46:40,700 | DEBUG | root | NodeNetworkNavigation is destroyed
2025-12-12 12:46:40,701 | DEBUG | root | NodeNetworkNavigation is destroyed
2025-12-12 12:46:40,703 | DEBUG | root | NodeNetworkNavigation is destroyed
2025-12-12 12:46:40,705 | DEBUG | root | NodeNetworkNavigation is destroyed
2025-12-12 12:46:40,707 | DEBUG | root | NodeNetworkNavigation is destroyed
2025-12-12 12:46:40,709 | DEBUG | root | NodeNetworkNavigation is destroyed
2025-12-12 12:46:40,712 | DEBUG | root | NodeNetworkNavigation is destroyed
2025-12-12 12:46:40,714 | DEBUG | root | NodeNetworkNavigation is destroyed
2025-12-12 12:46:40,717 | DEBUG | root | NodeNetworkNavigation is destroyed
2025-12-12 12:46:40,719 | DEBUG | root | NodeNetworkNavigation is destroyed
2025-12-12 12:46:40,721 | DEBUG | root | NodeNetworkNavigation is destroyed
2025-12-12 12:46:40,722 | DEBUG | root | NodeNetworkNavigation is destroyed
2025-12-12 12:46:40,726 | DEBUG | root | NodeNetworkNavigation is destroyed
2025-12-12 12:46:40,728 | DEBUG | root | NodeNetworkNavigation is destroyed
2025-12-12 12:46:40,730 | DEBUG | root | NodeNetworkNavigation is destroyed
2025-12-12 12:46:40,733 | DEBUG | root | NodeNetworkNavigation is destroyed
2025-12-12 12:46:40,735 | DEBUG | root | NodeNetworkNavigation is destroyed
2025-12-12 12:46:40,736 | DEBUG | root | NodeNetworkNavigation is destroyed
2025-12-12 12:46:40,737 | DEBUG | root | NodeNetworkNavigation is destroyed
2025-12-12 12:46:40,739 | DEBUG | root | NodeNetworkNavigation is destroyed
2025-12-12 12:46:40,740 | DEBUG | root | NodeNetworkNavigation is destroyed
2025-12-12 12:46:40,741 | DEBUG | root | NodeNetworkNavigation is destroyed
2025-12-12 12:46:40,742 | DEBUG | root | NodeNetworkNavigation is destroyed
2025-12-12 12:46:40,743 | DEBUG | root | NodeNetworkNavigation is destroyed
2025-12-12 12:46:40,744 | DEBUG | root | NodeNetworkNavigation is destroyed
2025-12-12 12:46:40,744 | DEBUG | root | NodeNetworkNavigation is destroyed
2025-12-12 12:46:40,745 | DEBUG | root | Pedestrian, ID:None is destroyed
2025-12-12 12:46:40,745 | DEBUG | root | BaseTrafficLight, ID:None is destroyed
2025-12-12 12:46:40,745 | DEBUG | root | TrafficBarrier, ID:None is destroyed
2025-12-12 12:46:40,745 | DEBUG | root | TrafficCone, ID:None is destroyed
2025-12-12 12:46:40,746 | DEBUG | root | SVehicle, ID:None is destroyed
2025-12-12 12:46:40,746 | DEBUG | root | SVehicle, ID:None is destroyed
2025-12-12 12:46:40,746 | DEBUG | root | SVehicle, ID:None is destroyed
2025-12-12 12:46:40,746 | DEBUG | root | SVehicle, ID:None is destroyed
2025-12-12 12:46:40,746 | DEBUG | root | SVehicle, ID:None is destroyed
2025-12-12 12:46:40,746 | DEBUG | root | SVehicle, ID:None is destroyed
2025-12-12 12:46:40,747 | DEBUG | root | SVehicle, ID:None is destroyed
2025-12-12 12:46:40,747 | DEBUG | root | SVehicle, ID:None is destroyed
2025-12-12 12:46:40,747 | DEBUG | root | SVehicle, ID:None is destroyed
2025-12-12 12:46:40,747 | DEBUG | root | SVehicle, ID:None is destroyed
2025-12-12 12:46:40,747 | DEBUG | root | SVehicle, ID:None is destroyed
2025-12-12 12:46:40,748 | DEBUG | root | SVehicle, ID:None is destroyed
2025-12-12 12:46:40,748 | DEBUG | root | LVehicle, ID:None is destroyed
2025-12-12 12:46:40,748 | DEBUG | root | LVehicle, ID:None is destroyed
2025-12-12 12:46:40,748 | DEBUG | root | LVehicle, ID:None is destroyed
2025-12-12 12:46:40,749 | DEBUG | root | LVehicle, ID:None is destroyed
2025-12-12 12:46:40,749 | DEBUG | root | LVehicle, ID:None is destroyed
2025-12-12 12:46:40,749 | DEBUG | root | LVehicle, ID:None is destroyed
2025-12-12 12:46:40,750 | DEBUG | root | LVehicle, ID:None is destroyed
2025-12-12 12:46:40,751 | DEBUG | root | LVehicle, ID:None is destroyed
2025-12-12 12:46:40,751 | DEBUG | root | XLVehicle, ID:None is destroyed
2025-12-12 12:46:40,751 | DEBUG | root | XLVehicle, ID:None is destroyed
2025-12-12 12:46:40,751 | DEBUG | root | XLVehicle, ID:None is destroyed
2025-12-12 12:46:40,752 | DEBUG | root | XLVehicle, ID:None is destroyed
2025-12-12 12:46:40,752 | DEBUG | root | XLVehicle, ID:None is destroyed
2025-12-12 12:46:40,752 | DEBUG | root | XLVehicle, ID:None is destroyed
2025-12-12 12:46:40,752 | DEBUG | root | XLVehicle, ID:None is destroyed
2025-12-12 12:46:40,753 | DEBUG | root | XLVehicle, ID:None is destroyed
2025-12-12 12:46:40,753 | DEBUG | root | XLVehicle, ID:None is destroyed
2025-12-12 12:46:40,753 | DEBUG | root | XLVehicle, ID:None is destroyed
2025-12-12 12:46:40,753 | DEBUG | root | XLVehicle, ID:None is destroyed
2025-12-12 12:46:40,753 | DEBUG | root | XLVehicle, ID:None is destroyed
2025-12-12 12:46:40,753 | DEBUG | root | XLVehicle, ID:None is destroyed
2025-12-12 12:46:41,027 | DEBUG | root | MVehicle, ID:None is destroyed
2025-12-12 12:46:41,027 | DEBUG | root | MVehicle, ID:None is destroyed
2025-12-12 12:46:41,027 | DEBUG | root | MVehicle, ID:None is destroyed
2025-12-12 12:46:41,027 | DEBUG | root | MVehicle, ID:None is destroyed
2025-12-12 12:46:41,027 | DEBUG | root | MVehicle, ID:None is destroyed
2025-12-12 12:46:41,027 | DEBUG | root | MVehicle, ID:None is destroyed
2025-12-12 12:46:41,027 | DEBUG | root | MVehicle, ID:None is destroyed
2025-12-12 12:46:41,027 | DEBUG | root | MVehicle, ID:None is destroyed
2025-12-12 12:46:41,027 | DEBUG | root | MVehicle, ID:None is destroyed
2025-12-12 12:47:00,633 | DEBUG | matplotlib | matplotlib data path: C:\Users\Pushpak Chakraborty\Desktop\Final Year Project\venv\lib\site-packages\matplotlib\mpl-data
2025-12-12 12:47:00,633 | DEBUG | matplotlib | CONFIGDIR=C:\Users\Pushpak Chakraborty\.matplotlib
2025-12-12 12:47:00,633 | DEBUG | matplotlib | interactive is False
2025-12-12 12:47:00,633 | DEBUG | matplotlib | platform is win32
2025-12-12 12:47:00,959 | DEBUG | matplotlib | CACHEDIR=C:\Users\Pushpak Chakraborty\.matplotlib
2025-12-12 12:47:00,959 | DEBUG | matplotlib.font_manager | Using fontManager instance from C:\Users\Pushpak Chakraborty\.matplotlib\fontlist-v330.json
2025-12-12 12:47:03,944 | DEBUG | root | forward
2025-12-12 12:47:03,993 | DEBUG | root | forward
2025-12-12 12:47:04,014 | DEBUG | root | forward
2025-12-12 12:47:04,062 | DEBUG | root | forward
2025-12-12 12:47:04,153 | DEBUG | root | forward
2025-12-12 12:47:04,242 | DEBUG | root | forward
2025-12-12 12:47:04,285 | DEBUG | root | forward
2025-12-12 12:47:04,368 | DEBUG | root | destruct
2025-12-12 12:47:04,374 | DEBUG | root | sibling
2025-12-12 12:47:04,493 | DEBUG | root | destruct
2025-12-12 12:47:04,500 | DEBUG | root | sibling
2025-12-12 12:47:04,583 | DEBUG | root | destruct
2025-12-12 12:47:04,590 | DEBUG | root | sibling
2025-12-12 12:47:04,666 | DEBUG | root | destruct
2025-12-12 12:47:04,673 | DEBUG | root | sibling
2025-12-12 12:47:04,756 | DEBUG | root | destruct
2025-12-12 12:47:04,763 | DEBUG | root | back
2025-12-12 12:47:04,774 | DEBUG | root | StdTInterSection, ID:None is destroyed
2025-12-12 12:47:04,782 | DEBUG | root | sibling
2025-12-12 12:47:04,826 | DEBUG | root | forward
2025-12-12 12:47:04,930 | DEBUG | root | forward
2025-12-12 12:47:05,083 | DEBUG | root | forward
2025-12-12 12:47:05,228 | DEBUG | root | Destroy Big
2025-12-12 12:47:05,367 | DEBUG | root | Load Vehicle Module: NodeNetworkNavigation
2025-12-12 12:47:05,382 | DEBUG | root | Load Vehicle Module: NodeNetworkNavigation
2025-12-12 12:47:05,395 | DEBUG | root | Load Vehicle Module: NodeNetworkNavigation
2025-12-12 12:47:05,407 | DEBUG | root | Load Vehicle Module: NodeNetworkNavigation
2025-12-12 12:47:05,417 | DEBUG | root | Load Vehicle Module: NodeNetworkNavigation
2025-12-12 12:47:05,433 | DEBUG | root | Load Vehicle Module: NodeNetworkNavigation
2025-12-12 12:47:05,445 | DEBUG | root | Load Vehicle Module: NodeNetworkNavigation
2025-12-12 12:47:05,459 | DEBUG | root | Load Vehicle Module: NodeNetworkNavigation
2025-12-12 12:47:05,461 | DEBUG | root | load scene Use random traffic
2025-12-12 12:47:05,493 | DEBUG | root | Load Vehicle Module: NodeNetworkNavigation
2025-12-12 12:47:05,514 | DEBUG | root | Load Vehicle Module: NodeNetworkNavigation
2025-12-12 12:47:05,548 | DEBUG | root | Load Vehicle Module: NodeNetworkNavigation
2025-12-12 12:47:05,557 | DEBUG | root | Load Vehicle Module: NodeNetworkNavigation
2025-12-12 12:47:05,568 | DEBUG | root | Load Vehicle Module: NodeNetworkNavigation
2025-12-12 12:47:05,577 | DEBUG | root | Load Vehicle Module: NodeNetworkNavigation
2025-12-12 12:47:05,585 | DEBUG | root | Load Vehicle Module: NodeNetworkNavigation
2025-12-12 12:47:05,597 | DEBUG | root | Load Vehicle Module: NodeNetworkNavigation
2025-12-12 12:47:05,604 | DEBUG | root | Load Vehicle Module: NodeNetworkNavigation
2025-12-12 12:47:05,624 | DEBUG | root | Load Vehicle Module: NodeNetworkNavigation
2025-12-12 12:47:05,638 | DEBUG | root | Load Vehicle Module: NodeNetworkNavigation
2025-12-12 12:47:05,645 | DEBUG | root | Load Vehicle Module: NodeNetworkNavigation
2025-12-12 12:47:05,659 | DEBUG | root | Load Vehicle Module: NodeNetworkNavigation
2025-12-12 12:47:05,680 | DEBUG | root | Load Vehicle Module: NodeNetworkNavigation
2025-12-12 12:47:05,694 | DEBUG | root | Load Vehicle Module: NodeNetworkNavigation
2025-12-12 12:47:05,702 | DEBUG | root | Load Vehicle Module: NodeNetworkNavigation
2025-12-12 12:47:05,711 | DEBUG | root | Load Vehicle Module: NodeNetworkNavigation
2025-12-12 12:47:05,723 | DEBUG | root | Load Vehicle Module: NodeNetworkNavigation
2025-12-12 12:47:05,733 | DEBUG | root | Load Vehicle Module: NodeNetworkNavigation
2025-12-12 12:47:05,744 | DEBUG | root | Load Vehicle Module: NodeNetworkNavigation
2025-12-12 12:47:05,750 | DEBUG | root | Load Vehicle Module: NodeNetworkNavigation
2025-12-12 12:47:05,765 | DEBUG | root | Load Vehicle Module: NodeNetworkNavigation
2025-12-12 12:47:05,777 | DEBUG | root | Load Vehicle Module: NodeNetworkNavigation
2025-12-12 12:47:05,785 | DEBUG | root | Load Vehicle Module: NodeNetworkNavigation
2025-12-12 12:47:05,799 | DEBUG | root | Load Vehicle Module: NodeNetworkNavigation
2025-12-12 12:47:05,807 | DEBUG | root | Load Vehicle Module: NodeNetworkNavigation
2025-12-12 12:47:05,819 | DEBUG | root | Load Vehicle Module: NodeNetworkNavigation
2025-12-12 12:47:05,826 | DEBUG | root | Load Vehicle Module: NodeNetworkNavigation
2025-12-12 12:47:05,841 | DEBUG | root | Load Vehicle Module: NodeNetworkNavigation
2025-12-12 12:47:05,847 | DEBUG | root | Load Vehicle Module: NodeNetworkNavigation
2025-12-12 12:47:05,862 | DEBUG | root | Load Vehicle Module: NodeNetworkNavigation
2025-12-12 12:47:05,870 | DEBUG | root | Load Vehicle Module: NodeNetworkNavigation
2025-12-12 12:47:05,882 | DEBUG | root | Load Vehicle Module: NodeNetworkNavigation
2025-12-12 12:47:05,895 | DEBUG | root | Load Vehicle Module: NodeNetworkNavigation
2025-12-12 12:47:05,907 | DEBUG | root | Load Vehicle Module: NodeNetworkNavigation
2025-12-12 12:47:05,917 | DEBUG | root | Load Vehicle Module: NodeNetworkNavigation
2025-12-12 12:47:05,928 | DEBUG | root | Load Vehicle Module: NodeNetworkNavigation
2025-12-12 12:47:05,937 | DEBUG | root | Load Vehicle Module: NodeNetworkNavigation
2025-12-12 12:47:05,951 | DEBUG | root | Load Vehicle Module: NodeNetworkNavigation
2025-12-12 12:47:05,961 | DEBUG | root | Load Vehicle Module: NodeNetworkNavigation
2025-12-12 12:47:05,971 | DEBUG | root | Load Vehicle Module: NodeNetworkNavigation
2025-12-12 12:47:05,979 | DEBUG | root | Load Vehicle Module: NodeNetworkNavigation
2025-12-12 12:47:13,004 | DEBUG | root | EnvInputPolicy is released
2025-12-12 12:47:13,004 | DEBUG | root | EnvInputPolicy is released
2025-12-12 12:47:16,481 | DEBUG | root | EnvInputPolicy is released
2025-12-12 12:47:19,107 | DEBUG | root | EnvInputPolicy is released
2025-12-12 12:47:21,943 | DEBUG | root | EnvInputPolicy is released
2025-12-12 12:47:22,347 | DEBUG | root | EnvInputPolicy is released
2025-12-12 12:47:22,563 | DEBUG | root | EnvInputPolicy is released
2025-12-12 12:47:22,938 | DEBUG | root | EnvInputPolicy is released
2025-12-12 12:47:23,275 | DEBUG | root | EnvInputPolicy is released
2025-12-12 12:47:24,906 | DEBUG | root | EnvInputPolicy is released
2025-12-12 12:47:26,405 | DEBUG | root | EnvInputPolicy is released
2025-12-12 12:47:30,635 | DEBUG | root | IDMPolicy is released
2025-12-12 12:47:30,983 | DEBUG | root | IDMPolicy is released
2025-12-12 12:47:33,368 | DEBUG | root | EnvInputPolicy is released
2025-12-12 12:47:38,448 | DEBUG | root | IDMPolicy is released
2025-12-12 12:47:39,186 | DEBUG | root | EnvInputPolicy is released
2025-12-12 12:47:42,402 | DEBUG | root | EnvInputPolicy is released
2025-12-12 12:47:44,832 | DEBUG | root | EnvInputPolicy is released
2025-12-12 12:47:44,832 | DEBUG | root | EnvInputPolicy is released
2025-12-12 12:47:45,197 | DEBUG | root | EnvInputPolicy is released
2025-12-12 12:47:48,716 | DEBUG | root | EnvInputPolicy is released
2025-12-12 12:47:49,140 | DEBUG | root | EnvInputPolicy is released
2025-12-12 12:47:51,320 | DEBUG | root | EnvInputPolicy is released
2025-12-12 12:47:52,402 | DEBUG | root | EnvInputPolicy is released
2025-12-12 12:47:56,190 | DEBUG | root | IDMPolicy is released
2025-12-12 12:47:58,456 | DEBUG | root | EnvInputPolicy is released
2025-12-12 12:47:59,221 | DEBUG | root | IDMPolicy is released
2025-12-12 12:48:00,809 | DEBUG | root | EnvInputPolicy is released
2025-12-12 12:48:01,948 | DEBUG | root | EnvInputPolicy is released
2025-12-12 12:48:02,705 | DEBUG | root | EnvInputPolicy is released
2025-12-12 12:48:02,879 | DEBUG | root | EnvInputPolicy is released
2025-12-12 12:48:07,460 | DEBUG | root | IDMPolicy is released
2025-12-12 12:48:07,773 | DEBUG | root | IDMPolicy is released
2025-12-12 12:48:10,474 | DEBUG | root | IDMPolicy is released
2025-12-12 12:48:11,002 | DEBUG | root | EnvInputPolicy is released
2025-12-12 12:48:11,703 | DEBUG | root | EnvInputPolicy is released
2025-12-12 12:48:12,369 | DEBUG | root | IDMPolicy is released
2025-12-12 12:48:13,230 | DEBUG | root | EnvInputPolicy is released
2025-12-12 12:48:14,806 | DEBUG | root | EnvInputPolicy is released
2025-12-12 12:48:16,354 | DEBUG | root | EnvInputPolicy is released
2025-12-12 12:48:18,722 | DEBUG | root | EnvInputPolicy is released
2025-12-12 12:48:19,510 | DEBUG | root | EnvInputPolicy is released
2025-12-12 12:48:22,077 | DEBUG | root | EnvInputPolicy is released
2025-12-12 12:48:22,671 | DEBUG | root | IDMPolicy is released
2025-12-12 12:48:24,390 | DEBUG | root | EnvInputPolicy is released
2025-12-12 12:48:28,606 | DEBUG | root | EnvInputPolicy is released
2025-12-12 12:48:30,558 | DEBUG | root | IDMPolicy is released
2025-12-12 12:48:33,732 | DEBUG | root | Roundabout, ID:None is destroyed
2025-12-12 12:48:33,733 | DEBUG | root | StdTInterSection, ID:None is destroyed
2025-12-12 12:48:33,733 | DEBUG | root | Curve, ID:None is destroyed
2025-12-12 12:48:33,734 | DEBUG | root | StdInterSection, ID:None is destroyed
2025-12-12 12:48:33,734 | DEBUG | root | Roundabout, ID:None is destroyed
2025-12-12 12:48:33,735 | DEBUG | root | StdTInterSection, ID:None is destroyed
2025-12-12 12:48:33,736 | DEBUG | root | Curve, ID:None is destroyed
2025-12-12 12:48:33,737 | DEBUG | root | StdInterSection, ID:None is destroyed
2025-12-12 12:48:33,738 | DEBUG | root | FirstPGBlock, ID:None is destroyed
2025-12-12 12:48:33,739 | DEBUG | root | StdInterSection, ID:None is destroyed
2025-12-12 12:48:33,740 | DEBUG | root | EnvInputPolicy is released
2025-12-12 12:48:33,740 | DEBUG | root | NodeNetworkNavigation is destroyed
2025-12-12 12:48:33,740 | DEBUG | root | EnvInputPolicy is released
2025-12-12 12:48:33,741 | DEBUG | root | NodeNetworkNavigation is destroyed
2025-12-12 12:48:33,742 | DEBUG | root | EnvInputPolicy is released
2025-12-12 12:48:33,743 | DEBUG | root | NodeNetworkNavigation is destroyed
2025-12-12 12:48:33,743 | DEBUG | root | EnvInputPolicy is released
2025-12-12 12:48:33,745 | DEBUG | root | NodeNetworkNavigation is destroyed
2025-12-12 12:48:33,745 | DEBUG | root | EnvInputPolicy is released
2025-12-12 12:48:33,746 | DEBUG | root | NodeNetworkNavigation is destroyed
2025-12-12 12:48:33,747 | DEBUG | root | EnvInputPolicy is released
2025-12-12 12:48:33,748 | DEBUG | root | NodeNetworkNavigation is destroyed
2025-12-12 12:48:33,749 | DEBUG | root | EnvInputPolicy is released
2025-12-12 12:48:33,749 | DEBUG | root | NodeNetworkNavigation is destroyed
2025-12-12 12:48:33,750 | DEBUG | root | EnvInputPolicy is released
2025-12-12 12:48:33,751 | DEBUG | root | NodeNetworkNavigation is destroyed
2025-12-12 12:48:33,751 | DEBUG | root | IDMPolicy is released
2025-12-12 12:48:33,752 | DEBUG | root | IDMPolicy is released
2025-12-12 12:48:33,752 | DEBUG | root | IDMPolicy is released
2025-12-12 12:48:33,752 | DEBUG | root | IDMPolicy is released
2025-12-12 12:48:33,753 | DEBUG | root | IDMPolicy is released
2025-12-12 12:48:33,753 | DEBUG | root | IDMPolicy is released
2025-12-12 12:48:33,754 | DEBUG | root | IDMPolicy is released
2025-12-12 12:48:33,754 | DEBUG | root | IDMPolicy is released
2025-12-12 12:48:33,755 | DEBUG | root | IDMPolicy is released
2025-12-12 12:48:33,755 | DEBUG | root | IDMPolicy is released
2025-12-12 12:48:33,755 | DEBUG | root | IDMPolicy is released
2025-12-12 12:48:33,756 | DEBUG | root | IDMPolicy is released
2025-12-12 12:48:33,756 | DEBUG | root | IDMPolicy is released
2025-12-12 12:48:33,756 | DEBUG | root | IDMPolicy is released
2025-12-12 12:48:33,756 | DEBUG | root | IDMPolicy is released
2025-12-12 12:48:33,757 | DEBUG | root | IDMPolicy is released
2025-12-12 12:48:33,757 | DEBUG | root | IDMPolicy is released
2025-12-12 12:48:33,757 | DEBUG | root | IDMPolicy is released
2025-12-12 12:48:33,757 | DEBUG | root | IDMPolicy is released
2025-12-12 12:48:33,758 | DEBUG | root | IDMPolicy is released
2025-12-12 12:48:33,759 | DEBUG | root | IDMPolicy is released
2025-12-12 12:48:33,759 | DEBUG | root | IDMPolicy is released
2025-12-12 12:48:33,760 | DEBUG | root | IDMPolicy is released
2025-12-12 12:48:33,760 | DEBUG | root | IDMPolicy is released
2025-12-12 12:48:33,760 | DEBUG | root | IDMPolicy is released
2025-12-12 12:48:33,760 | DEBUG | root | IDMPolicy is released
2025-12-12 12:48:33,760 | DEBUG | root | IDMPolicy is released
2025-12-12 12:48:33,760 | DEBUG | root | IDMPolicy is released
2025-12-12 12:48:33,761 | DEBUG | root | IDMPolicy is released
2025-12-12 12:48:33,761 | DEBUG | root | IDMPolicy is released
2025-12-12 12:48:33,763 | DEBUG | root | IDMPolicy is released
2025-12-12 12:48:33,763 | DEBUG | root | IDMPolicy is released
2025-12-12 12:48:33,763 | DEBUG | root | IDMPolicy is released
2025-12-12 12:48:33,763 | DEBUG | root | IDMPolicy is released
2025-12-12 12:48:33,764 | DEBUG | root | IDMPolicy is released
2025-12-12 12:48:33,764 | DEBUG | root | IDMPolicy is released
2025-12-12 12:48:33,764 | DEBUG | root | IDMPolicy is released
2025-12-12 12:48:33,765 | DEBUG | root | IDMPolicy is released
2025-12-12 12:48:33,765 | DEBUG | root | IDMPolicy is released
2025-12-12 12:48:33,766 | DEBUG | root | IDMPolicy is released
2025-12-12 12:48:33,766 | DEBUG | root | IDMPolicy is released
2025-12-12 12:48:33,766 | DEBUG | root | IDMPolicy is released
2025-12-12 12:48:33,767 | DEBUG | root | NodeNetworkNavigation is destroyed
2025-12-12 12:48:33,768 | DEBUG | root | NodeNetworkNavigation is destroyed
2025-12-12 12:48:33,769 | DEBUG | root | NodeNetworkNavigation is destroyed
2025-12-12 12:48:33,769 | DEBUG | root | NodeNetworkNavigation is destroyed
2025-12-12 12:48:33,770 | DEBUG | root | NodeNetworkNavigation is destroyed
2025-12-12 12:48:33,771 | DEBUG | root | NodeNetworkNavigation is destroyed
2025-12-12 12:48:33,772 | DEBUG | root | NodeNetworkNavigation is destroyed
2025-12-12 12:48:33,773 | DEBUG | root | NodeNetworkNavigation is destroyed
2025-12-12 12:48:33,773 | DEBUG | root | NodeNetworkNavigation is destroyed
2025-12-12 12:48:33,774 | DEBUG | root | NodeNetworkNavigation is destroyed
2025-12-12 12:48:33,775 | DEBUG | root | NodeNetworkNavigation is destroyed
2025-12-12 12:48:33,778 | DEBUG | root | NodeNetworkNavigation is destroyed
2025-12-12 12:48:33,779 | DEBUG | root | NodeNetworkNavigation is destroyed
2025-12-12 12:48:33,780 | DEBUG | root | NodeNetworkNavigation is destroyed
2025-12-12 12:48:33,781 | DEBUG | root | NodeNetworkNavigation is destroyed
2025-12-12 12:48:33,783 | DEBUG | root | NodeNetworkNavigation is destroyed
2025-12-12 12:48:33,784 | DEBUG | root | NodeNetworkNavigation is destroyed
2025-12-12 12:48:33,786 | DEBUG | root | NodeNetworkNavigation is destroyed
2025-12-12 12:48:33,787 | DEBUG | root | NodeNetworkNavigation is destroyed
2025-12-12 12:48:33,789 | DEBUG | root | NodeNetworkNavigation is destroyed
2025-12-12 12:48:33,790 | DEBUG | root | NodeNetworkNavigation is destroyed
2025-12-12 12:48:33,791 | DEBUG | root | NodeNetworkNavigation is destroyed
2025-12-12 12:48:33,793 | DEBUG | root | NodeNetworkNavigation is destroyed
2025-12-12 12:48:33,794 | DEBUG | root | NodeNetworkNavigation is destroyed
2025-12-12 12:48:33,795 | DEBUG | root | NodeNetworkNavigation is destroyed
2025-12-12 12:48:33,797 | DEBUG | root | NodeNetworkNavigation is destroyed
2025-12-12 12:48:33,797 | DEBUG | root | NodeNetworkNavigation is destroyed
2025-12-12 12:48:33,798 | DEBUG | root | NodeNetworkNavigation is destroyed
2025-12-12 12:48:33,800 | DEBUG | root | NodeNetworkNavigation is destroyed
2025-12-12 12:48:33,800 | DEBUG | root | NodeNetworkNavigation is destroyed
2025-12-12 12:48:33,801 | DEBUG | root | NodeNetworkNavigation is destroyed
2025-12-12 12:48:33,802 | DEBUG | root | NodeNetworkNavigation is destroyed
2025-12-12 12:48:33,803 | DEBUG | root | NodeNetworkNavigation is destroyed
2025-12-12 12:48:33,803 | DEBUG | root | NodeNetworkNavigation is destroyed
2025-12-12 12:48:33,805 | DEBUG | root | NodeNetworkNavigation is destroyed
2025-12-12 12:48:33,808 | DEBUG | root | NodeNetworkNavigation is destroyed
2025-12-12 12:48:33,810 | DEBUG | root | NodeNetworkNavigation is destroyed
2025-12-12 12:48:33,811 | DEBUG | root | NodeNetworkNavigation is destroyed
2025-12-12 12:48:33,814 | DEBUG | root | NodeNetworkNavigation is destroyed
2025-12-12 12:48:33,816 | DEBUG | root | NodeNetworkNavigation is destroyed
2025-12-12 12:48:33,818 | DEBUG | root | NodeNetworkNavigation is destroyed
2025-12-12 12:48:33,821 | DEBUG | root | NodeNetworkNavigation is destroyed
2025-12-12 12:48:33,821 | DEBUG | root | Pedestrian, ID:None is destroyed
2025-12-12 12:48:33,821 | DEBUG | root | BaseTrafficLight, ID:None is destroyed
2025-12-12 12:48:33,822 | DEBUG | root | TrafficBarrier, ID:None is destroyed
2025-12-12 12:48:33,822 | DEBUG | root | TrafficCone, ID:None is destroyed
2025-12-12 12:48:33,822 | DEBUG | root | MVehicle, ID:None is destroyed
2025-12-12 12:48:33,822 | DEBUG | root | MVehicle, ID:None is destroyed
2025-12-12 12:48:33,822 | DEBUG | root | MVehicle, ID:None is destroyed
2025-12-12 12:48:33,822 | DEBUG | root | MVehicle, ID:None is destroyed
2025-12-12 12:48:33,822 | DEBUG | root | MVehicle, ID:None is destroyed
2025-12-12 12:48:33,822 | DEBUG | root | MVehicle, ID:None is destroyed
2025-12-12 12:48:33,824 | DEBUG | root | MVehicle, ID:None is destroyed
2025-12-12 12:48:33,824 | DEBUG | root | MVehicle, ID:None is destroyed
2025-12-12 12:48:33,824 | DEBUG | root | MVehicle, ID:None is destroyed
2025-12-12 12:48:33,824 | DEBUG | root | MVehicle, ID:None is destroyed
2025-12-12 12:48:33,825 | DEBUG | root | LVehicle, ID:None is destroyed
2025-12-12 12:48:33,825 | DEBUG | root | LVehicle, ID:None is destroyed
2025-12-12 12:48:33,825 | DEBUG | root | LVehicle, ID:None is destroyed
2025-12-12 12:48:33,825 | DEBUG | root | LVehicle, ID:None is destroyed
2025-12-12 12:48:33,826 | DEBUG | root | LVehicle, ID:None is destroyed
2025-12-12 12:48:33,826 | DEBUG | root | LVehicle, ID:None is destroyed
2025-12-12 12:48:33,826 | DEBUG | root | LVehicle, ID:None is destroyed
2025-12-12 12:48:33,826 | DEBUG | root | LVehicle, ID:None is destroyed
2025-12-12 12:48:33,826 | DEBUG | root | LVehicle, ID:None is destroyed
2025-12-12 12:48:33,826 | DEBUG | root | LVehicle, ID:None is destroyed
2025-12-12 12:48:33,826 | DEBUG | root | LVehicle, ID:None is destroyed
2025-12-12 12:48:33,826 | DEBUG | root | LVehicle, ID:None is destroyed
2025-12-12 12:48:33,827 | DEBUG | root | LVehicle, ID:None is destroyed
2025-12-12 12:48:33,827 | DEBUG | root | LVehicle, ID:None is destroyed
2025-12-12 12:48:33,827 | DEBUG | root | LVehicle, ID:None is destroyed
2025-12-12 12:48:33,828 | DEBUG | root | LVehicle, ID:None is destroyed
2025-12-12 12:48:33,829 | DEBUG | root | SVehicle, ID:None is destroyed
2025-12-12 12:48:33,829 | DEBUG | root | SVehicle, ID:None is destroyed
2025-12-12 12:48:33,829 | DEBUG | root | SVehicle, ID:None is destroyed
2025-12-12 12:48:33,829 | DEBUG | root | SVehicle, ID:None is destroyed
2025-12-12 12:48:33,830 | DEBUG | root | SVehicle, ID:None is destroyed
2025-12-12 12:48:33,830 | DEBUG | root | SVehicle, ID:None is destroyed
2025-12-12 12:48:33,830 | DEBUG | root | SVehicle, ID:None is destroyed
2025-12-12 12:48:33,830 | DEBUG | root | SVehicle, ID:None is destroyed
2025-12-12 12:48:34,074 | DEBUG | root | XLVehicle, ID:None is destroyed
2025-12-12 12:48:34,074 | DEBUG | root | XLVehicle, ID:None is destroyed
2025-12-12 12:48:34,074 | DEBUG | root | XLVehicle, ID:None is destroyed
2025-12-12 12:48:34,083 | DEBUG | root | XLVehicle, ID:None is destroyed
2025-12-12 12:48:34,083 | DEBUG | root | XLVehicle, ID:None is destroyed
2025-12-12 12:48:34,083 | DEBUG | root | XLVehicle, ID:None is destroyed
2025-12-12 12:48:34,083 | DEBUG | root | XLVehicle, ID:None is destroyed
2025-12-12 12:48:34,083 | DEBUG | root | XLVehicle, ID:None is destroyed
2025-12-12 12:57:53,762 | DEBUG | matplotlib | matplotlib data path: C:\Users\Pushpak Chakraborty\Desktop\Final Year Project\venv\lib\site-packages\matplotlib\mpl-data
2025-12-12 12:57:53,769 | DEBUG | matplotlib | CONFIGDIR=C:\Users\Pushpak Chakraborty\.matplotlib
2025-12-12 12:57:53,769 | DEBUG | matplotlib | interactive is False
2025-12-12 12:57:53,769 | DEBUG | matplotlib | platform is win32
2025-12-12 12:57:54,142 | DEBUG | matplotlib | CACHEDIR=C:\Users\Pushpak Chakraborty\.matplotlib
2025-12-12 12:57:54,145 | DEBUG | matplotlib.font_manager | Using fontManager instance from C:\Users\Pushpak Chakraborty\.matplotlib\fontlist-v330.json
2025-12-12 12:57:57,657 | DEBUG | root | forward
2025-12-12 12:57:57,720 | DEBUG | root | forward
2025-12-12 12:57:57,789 | DEBUG | root | forward
2025-12-12 12:57:57,851 | DEBUG | root | forward
2025-12-12 12:57:57,949 | DEBUG | root | forward
2025-12-12 12:57:58,060 | DEBUG | root | destruct
2025-12-12 12:57:58,074 | DEBUG | root | sibling
2025-12-12 12:57:58,226 | DEBUG | root | destruct
2025-12-12 12:57:58,237 | DEBUG | root | sibling
2025-12-12 12:57:58,358 | DEBUG | root | destruct
2025-12-12 12:57:58,372 | DEBUG | root | sibling
2025-12-12 12:57:58,483 | DEBUG | root | destruct
2025-12-12 12:57:58,490 | DEBUG | root | sibling
2025-12-12 12:57:58,610 | DEBUG | root | destruct
2025-12-12 12:57:58,615 | DEBUG | root | back
2025-12-12 12:57:58,637 | DEBUG | root | StdInterSection, ID:None is destroyed
2025-12-12 12:57:58,644 | DEBUG | root | sibling
2025-12-12 12:57:58,747 | DEBUG | root | forward
2025-12-12 12:57:58,862 | DEBUG | root | destruct
2025-12-12 12:57:58,873 | DEBUG | root | sibling
2025-12-12 12:57:58,977 | DEBUG | root | destruct
2025-12-12 12:57:58,991 | DEBUG | root | sibling
2025-12-12 12:57:59,101 | DEBUG | root | destruct
2025-12-12 12:57:59,108 | DEBUG | root | sibling
2025-12-12 12:57:59,221 | DEBUG | root | destruct
2025-12-12 12:57:59,226 | DEBUG | root | sibling
2025-12-12 12:57:59,341 | DEBUG | root | destruct
2025-12-12 12:57:59,352 | DEBUG | root | back
2025-12-12 12:57:59,366 | DEBUG | root | StdInterSection, ID:None is destroyed
2025-12-12 12:57:59,378 | DEBUG | root | sibling
2025-12-12 12:57:59,482 | DEBUG | root | destruct
2025-12-12 12:57:59,496 | DEBUG | root | sibling
2025-12-12 12:57:59,600 | DEBUG | root | destruct
2025-12-12 12:57:59,616 | DEBUG | root | sibling
2025-12-12 12:57:59,723 | DEBUG | root | forward
2025-12-12 12:57:59,830 | DEBUG | root | destruct
2025-12-12 12:57:59,844 | DEBUG | root | sibling
2025-12-12 12:57:59,955 | DEBUG | root | destruct
2025-12-12 12:57:59,962 | DEBUG | root | sibling
2025-12-12 12:58:00,073 | DEBUG | root | destruct
2025-12-12 12:58:00,080 | DEBUG | root | sibling
2025-12-12 12:58:00,194 | DEBUG | root | destruct
2025-12-12 12:58:00,198 | DEBUG | root | sibling
2025-12-12 12:58:00,311 | DEBUG | root | destruct
2025-12-12 12:58:00,316 | DEBUG | root | back
2025-12-12 12:58:00,338 | DEBUG | root | StdInterSection, ID:None is destroyed
2025-12-12 12:58:00,345 | DEBUG | root | sibling
2025-12-12 12:58:00,351 | DEBUG | root | back
2025-12-12 12:58:00,379 | DEBUG | root | Roundabout, ID:None is destroyed
2025-12-12 12:58:00,379 | DEBUG | root | sibling
2025-12-12 12:58:00,441 | DEBUG | root | forward
2025-12-12 12:58:00,531 | DEBUG | root | forward
2025-12-12 12:58:00,635 | DEBUG | root | forward
2025-12-12 12:58:00,698 | DEBUG | root | destruct
2025-12-12 12:58:00,713 | DEBUG | root | sibling
2025-12-12 12:58:00,760 | DEBUG | root | destruct
2025-12-12 12:58:00,776 | DEBUG | root | sibling
2025-12-12 12:58:00,809 | DEBUG | root | destruct
2025-12-12 12:58:00,816 | DEBUG | root | sibling
2025-12-12 12:58:00,844 | DEBUG | root | destruct
2025-12-12 12:58:00,844 | DEBUG | root | sibling
2025-12-12 12:58:00,893 | DEBUG | root | destruct
2025-12-12 12:58:00,906 | DEBUG | root | back
2025-12-12 12:58:00,921 | DEBUG | root | Curve, ID:None is destroyed
2025-12-12 12:58:00,935 | DEBUG | root | sibling
2025-12-12 12:58:01,038 | DEBUG | root | forward
2025-12-12 12:58:01,080 | DEBUG | root | forward
2025-12-12 12:58:01,191 | DEBUG | root | destruct
2025-12-12 12:58:01,206 | DEBUG | root | sibling
2025-12-12 12:58:01,315 | DEBUG | root | destruct
2025-12-12 12:58:01,323 | DEBUG | root | sibling
2025-12-12 12:58:01,440 | DEBUG | root | destruct
2025-12-12 12:58:01,448 | DEBUG | root | sibling
2025-12-12 12:58:01,565 | DEBUG | root | destruct
2025-12-12 12:58:01,573 | DEBUG | root | sibling
2025-12-12 12:58:01,691 | DEBUG | root | destruct
2025-12-12 12:58:01,699 | DEBUG | root | back
2025-12-12 12:58:01,712 | DEBUG | root | StdTInterSection, ID:None is destroyed
2025-12-12 12:58:01,719 | DEBUG | root | sibling
2025-12-12 12:58:01,781 | DEBUG | root | forward
2025-12-12 12:58:01,899 | DEBUG | root | forward
2025-12-12 12:58:02,066 | DEBUG | root | forward
2025-12-12 12:58:02,218 | DEBUG | root | Destroy Big
2025-12-12 12:58:02,391 | DEBUG | root | Load Vehicle Module: NodeNetworkNavigation
2025-12-12 12:58:02,407 | DEBUG | root | Load Vehicle Module: NodeNetworkNavigation
2025-12-12 12:58:02,421 | DEBUG | root | Load Vehicle Module: NodeNetworkNavigation
2025-12-12 12:58:02,434 | DEBUG | root | Load Vehicle Module: NodeNetworkNavigation
2025-12-12 12:58:02,449 | DEBUG | root | Load Vehicle Module: NodeNetworkNavigation
2025-12-12 12:58:02,462 | DEBUG | root | Load Vehicle Module: NodeNetworkNavigation
2025-12-12 12:58:02,483 | DEBUG | root | Load Vehicle Module: NodeNetworkNavigation
2025-12-12 12:58:02,497 | DEBUG | root | Load Vehicle Module: NodeNetworkNavigation
2025-12-12 12:58:02,497 | DEBUG | root | load scene Use random traffic
2025-12-12 12:58:02,531 | DEBUG | root | Load Vehicle Module: NodeNetworkNavigation
2025-12-12 12:58:02,559 | DEBUG | root | Load Vehicle Module: NodeNetworkNavigation
2025-12-12 12:58:02,572 | DEBUG | root | Load Vehicle Module: NodeNetworkNavigation
2025-12-12 12:58:02,586 | DEBUG | root | Load Vehicle Module: NodeNetworkNavigation
2025-12-12 12:58:02,621 | DEBUG | root | Load Vehicle Module: NodeNetworkNavigation
2025-12-12 12:58:02,635 | DEBUG | root | Load Vehicle Module: NodeNetworkNavigation
2025-12-12 12:58:02,650 | DEBUG | root | Load Vehicle Module: NodeNetworkNavigation
2025-12-12 12:58:02,657 | DEBUG | root | Load Vehicle Module: NodeNetworkNavigation
2025-12-12 12:58:02,671 | DEBUG | root | Load Vehicle Module: NodeNetworkNavigation
2025-12-12 12:58:02,685 | DEBUG | root | Load Vehicle Module: NodeNetworkNavigation
2025-12-12 12:58:02,698 | DEBUG | root | Load Vehicle Module: NodeNetworkNavigation
2025-12-12 12:58:02,712 | DEBUG | root | Load Vehicle Module: NodeNetworkNavigation
2025-12-12 12:58:02,725 | DEBUG | root | Load Vehicle Module: NodeNetworkNavigation
2025-12-12 12:58:02,733 | DEBUG | root | Load Vehicle Module: NodeNetworkNavigation
2025-12-12 12:58:02,767 | DEBUG | root | Load Vehicle Module: NodeNetworkNavigation
2025-12-12 12:58:02,781 | DEBUG | root | Load Vehicle Module: NodeNetworkNavigation
2025-12-12 12:58:02,793 | DEBUG | root | Load Vehicle Module: NodeNetworkNavigation
2025-12-12 12:58:02,802 | DEBUG | root | Load Vehicle Module: NodeNetworkNavigation
2025-12-12 12:58:02,816 | DEBUG | root | Load Vehicle Module: NodeNetworkNavigation
2025-12-12 12:58:02,830 | DEBUG | root | Load Vehicle Module: NodeNetworkNavigation
2025-12-12 12:58:02,845 | DEBUG | root | Load Vehicle Module: NodeNetworkNavigation
2025-12-12 12:58:02,858 | DEBUG | root | Load Vehicle Module: NodeNetworkNavigation
2025-12-12 12:58:02,871 | DEBUG | root | Load Vehicle Module: NodeNetworkNavigation
2025-12-12 12:58:02,879 | DEBUG | root | Load Vehicle Module: NodeNetworkNavigation
2025-12-12 12:58:02,894 | DEBUG | root | Load Vehicle Module: NodeNetworkNavigation
2025-12-12 12:58:02,907 | DEBUG | root | Load Vehicle Module: NodeNetworkNavigation
2025-12-12 12:58:02,920 | DEBUG | root | Load Vehicle Module: NodeNetworkNavigation
2025-12-12 12:58:02,934 | DEBUG | root | Load Vehicle Module: NodeNetworkNavigation
2025-12-12 12:58:02,941 | DEBUG | root | Load Vehicle Module: NodeNetworkNavigation
2025-12-12 12:58:02,955 | DEBUG | root | Load Vehicle Module: NodeNetworkNavigation
2025-12-12 12:58:02,971 | DEBUG | root | Load Vehicle Module: NodeNetworkNavigation
2025-12-12 12:58:02,983 | DEBUG | root | Load Vehicle Module: NodeNetworkNavigation
2025-12-12 12:58:02,997 | DEBUG | root | Load Vehicle Module: NodeNetworkNavigation
2025-12-12 12:58:03,004 | DEBUG | root | Load Vehicle Module: NodeNetworkNavigation
2025-12-12 12:58:03,018 | DEBUG | root | Load Vehicle Module: NodeNetworkNavigation
2025-12-12 12:58:03,031 | DEBUG | root | Load Vehicle Module: NodeNetworkNavigation
2025-12-12 12:58:03,045 | DEBUG | root | Load Vehicle Module: NodeNetworkNavigation
2025-12-12 12:58:03,052 | DEBUG | root | Load Vehicle Module: NodeNetworkNavigation
2025-12-12 12:58:03,066 | DEBUG | root | Load Vehicle Module: NodeNetworkNavigation
2025-12-12 12:58:03,080 | DEBUG | root | Load Vehicle Module: NodeNetworkNavigation
2025-12-12 12:58:03,094 | DEBUG | root | Load Vehicle Module: NodeNetworkNavigation
2025-12-12 12:58:03,101 | DEBUG | root | Load Vehicle Module: NodeNetworkNavigation
2025-12-12 12:58:12,230 | DEBUG | root | EnvInputPolicy is released
2025-12-12 12:58:12,230 | DEBUG | root | EnvInputPolicy is released
2025-12-12 12:58:12,230 | DEBUG | root | EnvInputPolicy is released
2025-12-12 12:58:12,424 | DEBUG | root | EnvInputPolicy is released
2025-12-12 12:58:15,472 | DEBUG | root | EnvInputPolicy is released
2025-12-12 12:58:15,659 | DEBUG | root | EnvInputPolicy is released
2025-12-12 12:58:23,379 | DEBUG | root | EnvInputPolicy is released
2025-12-12 12:58:25,448 | DEBUG | root | EnvInputPolicy is released
2025-12-12 12:58:26,705 | DEBUG | root | EnvInputPolicy is released
2025-12-12 12:58:31,086 | DEBUG | root | EnvInputPolicy is released
2025-12-12 12:58:31,086 | DEBUG | root | EnvInputPolicy is released
2025-12-12 12:58:34,070 | DEBUG | root | EnvInputPolicy is released
2025-12-12 12:58:35,850 | DEBUG | root | EnvInputPolicy is released
2025-12-12 12:58:38,979 | DEBUG | root | EnvInputPolicy is released
2025-12-12 12:58:40,291 | DEBUG | root | EnvInputPolicy is released
2025-12-12 12:58:43,068 | DEBUG | root | EnvInputPolicy is released
2025-12-12 12:58:43,415 | DEBUG | root | IDMPolicy is released
2025-12-12 12:58:44,581 | DEBUG | root | EnvInputPolicy is released
2025-12-12 12:58:44,935 | DEBUG | root | IDMPolicy is released
2025-12-12 12:58:45,295 | DEBUG | root | IDMPolicy is released
2025-12-12 12:58:48,233 | DEBUG | root | IDMPolicy is released
2025-12-12 12:58:49,462 | DEBUG | root | EnvInputPolicy is released
2025-12-12 12:58:50,302 | DEBUG | root | EnvInputPolicy is released
2025-12-12 12:58:50,864 | DEBUG | root | EnvInputPolicy is released
2025-12-12 12:58:52,426 | DEBUG | root | EnvInputPolicy is released
2025-12-12 12:58:52,856 | DEBUG | root | EnvInputPolicy is released
2025-12-12 12:58:56,973 | DEBUG | root | EnvInputPolicy is released
2025-12-12 12:58:57,591 | DEBUG | root | EnvInputPolicy is released
2025-12-12 12:59:02,222 | DEBUG | root | IDMPolicy is released
2025-12-12 12:59:03,578 | DEBUG | root | EnvInputPolicy is released
2025-12-12 12:59:05,903 | DEBUG | root | EnvInputPolicy is released
2025-12-12 12:59:07,714 | DEBUG | root | IDMPolicy is released
2025-12-12 12:59:09,199 | DEBUG | root | EnvInputPolicy is released
2025-12-12 12:59:12,274 | DEBUG | root | EnvInputPolicy is released
2025-12-12 12:59:13,600 | DEBUG | root | EnvInputPolicy is released
2025-12-12 12:59:14,162 | DEBUG | root | EnvInputPolicy is released
2025-12-12 12:59:16,598 | DEBUG | root | EnvInputPolicy is released
2025-12-12 12:59:19,293 | DEBUG | root | EnvInputPolicy is released
2025-12-12 12:59:19,835 | DEBUG | root | EnvInputPolicy is released
2025-12-12 12:59:23,875 | DEBUG | root | EnvInputPolicy is released
2025-12-12 12:59:28,228 | DEBUG | root | EnvInputPolicy is released
2025-12-12 12:59:33,372 | DEBUG | root | EnvInputPolicy is released
2025-12-12 12:59:34,005 | DEBUG | root | EnvInputPolicy is released
2025-12-12 12:59:35,774 | DEBUG | root | EnvInputPolicy is released
2025-12-12 12:59:36,869 | DEBUG | root | IDMPolicy is released
2025-12-12 12:59:37,684 | DEBUG | root | EnvInputPolicy is released
2025-12-12 12:59:38,114 | DEBUG | root | IDMPolicy is released
2025-12-12 12:59:40,745 | DEBUG | root | EnvInputPolicy is released
2025-12-12 12:59:43,467 | DEBUG | root | EnvInputPolicy is released
2025-12-12 12:59:48,218 | DEBUG | root | EnvInputPolicy is released
2025-12-12 12:59:50,965 | DEBUG | root | EnvInputPolicy is released
2025-12-12 12:59:53,727 | DEBUG | root | EnvInputPolicy is released
2025-12-12 12:59:55,206 | DEBUG | root | IDMPolicy is released
2025-12-12 12:59:55,728 | DEBUG | root | EnvInputPolicy is released
2025-12-12 12:59:58,115 | DEBUG | root | IDMPolicy is released
2025-12-12 12:59:58,790 | DEBUG | root | EnvInputPolicy is released
2025-12-12 13:00:00,129 | DEBUG | root | EnvInputPolicy is released
2025-12-12 13:00:01,315 | DEBUG | root | EnvInputPolicy is released
2025-12-12 13:00:02,301 | DEBUG | root | IDMPolicy is released
2025-12-12 13:00:03,273 | DEBUG | root | EnvInputPolicy is released
2025-12-12 13:00:05,582 | DEBUG | root | IDMPolicy is released
2025-12-12 13:00:05,762 | DEBUG | root | EnvInputPolicy is released
2025-12-12 13:00:08,216 | DEBUG | root | EnvInputPolicy is released
2025-12-12 13:00:10,126 | DEBUG | root | IDMPolicy is released
2025-12-12 13:00:11,785 | DEBUG | root | EnvInputPolicy is released
2025-12-12 13:00:11,786 | DEBUG | root | EnvInputPolicy is released
2025-12-12 13:00:11,940 | DEBUG | root | IDMPolicy is released
2025-12-12 13:00:13,792 | DEBUG | root | IDMPolicy is released
2025-12-12 13:00:16,422 | DEBUG | root | EnvInputPolicy is released
2025-12-12 13:00:18,456 | DEBUG | root | EnvInputPolicy is released
2025-12-12 13:00:20,275 | DEBUG | root | IDMPolicy is released
2025-12-12 13:00:21,775 | DEBUG | root | IDMPolicy is released
2025-12-12 13:00:24,087 | DEBUG | root | EnvInputPolicy is released
2025-12-12 13:00:25,295 | DEBUG | root | EnvInputPolicy is released
2025-12-12 13:00:28,090 | DEBUG | root | IDMPolicy is released
2025-12-12 13:00:29,847 | DEBUG | root | IDMPolicy is released
2025-12-12 13:00:30,072 | DEBUG | root | EnvInputPolicy is released
2025-12-12 13:00:30,279 | DEBUG | root | EnvInputPolicy is released
2025-12-12 13:00:30,494 | DEBUG | root | EnvInputPolicy is released
2025-12-12 13:00:33,453 | DEBUG | root | EnvInputPolicy is released
2025-12-12 13:00:35,792 | DEBUG | root | IDMPolicy is released
2025-12-12 13:00:37,229 | DEBUG | root | EnvInputPolicy is released
2025-12-12 13:00:38,353 | DEBUG | root | IDMPolicy is released
2025-12-12 13:00:40,228 | DEBUG | root | EnvInputPolicy is released
2025-12-12 13:00:42,512 | DEBUG | root | IDMPolicy is released
2025-12-12 13:00:45,393 | DEBUG | root | EnvInputPolicy is released
2025-12-12 13:00:47,802 | DEBUG | root | IDMPolicy is released
2025-12-12 13:00:50,100 | DEBUG | root | EnvInputPolicy is released
2025-12-12 13:00:51,474 | DEBUG | root | EnvInputPolicy is released
2025-12-12 13:00:51,981 | DEBUG | root | EnvInputPolicy is released
2025-12-12 13:00:52,395 | DEBUG | root | IDMPolicy is released
2025-12-12 13:00:52,649 | DEBUG | root | EnvInputPolicy is released
2025-12-12 13:00:52,863 | DEBUG | root | EnvInputPolicy is released
2025-12-12 13:00:56,515 | DEBUG | root | EnvInputPolicy is released
2025-12-12 13:00:57,883 | DEBUG | root | IDMPolicy is released
2025-12-12 13:01:01,833 | DEBUG | root | EnvInputPolicy is released
2025-12-12 13:01:02,479 | DEBUG | root | IDMPolicy is released
2025-12-12 13:01:06,661 | DEBUG | root | IDMPolicy is released
2025-12-12 13:01:09,396 | DEBUG | root | IDMPolicy is released
2025-12-12 13:01:10,727 | DEBUG | root | EnvInputPolicy is released
2025-12-12 13:01:11,779 | DEBUG | root | EnvInputPolicy is released
2025-12-12 13:01:11,783 | DEBUG | root | EnvInputPolicy is released
2025-12-12 13:01:12,415 | DEBUG | root | EnvInputPolicy is released
2025-12-12 13:01:15,095 | DEBUG | root | IDMPolicy is released
2025-12-12 13:01:15,315 | DEBUG | root | EnvInputPolicy is released
2025-12-12 13:01:15,847 | DEBUG | root | IDMPolicy is released
2025-12-12 13:01:16,252 | DEBUG | root | EnvInputPolicy is released
2025-12-12 13:01:22,098 | DEBUG | root | EnvInputPolicy is released
2025-12-12 13:01:22,479 | DEBUG | root | IDMPolicy is released
2025-12-12 13:01:23,099 | DEBUG | root | IDMPolicy is released
2025-12-12 13:01:25,214 | DEBUG | root | IDMPolicy is released
2025-12-12 13:01:26,770 | DEBUG | root | EnvInputPolicy is released
2025-12-12 13:01:32,373 | DEBUG | root | IDMPolicy is released
2025-12-12 13:01:32,545 | DEBUG | root | EnvInputPolicy is released
2025-12-12 13:01:34,497 | DEBUG | root | IDMPolicy is released
2025-12-12 13:01:35,198 | DEBUG | root | EnvInputPolicy is released
2025-12-12 13:01:36,010 | DEBUG | root | EnvInputPolicy is released
2025-12-12 13:01:36,364 | DEBUG | root | EnvInputPolicy is released
2025-12-12 13:01:36,725 | DEBUG | root | EnvInputPolicy is released
2025-12-12 13:01:38,142 | DEBUG | root | IDMPolicy is released
2025-12-12 13:01:38,305 | DEBUG | root | IDMPolicy is released
2025-12-12 13:01:39,877 | DEBUG | root | EnvInputPolicy is released
2025-12-12 13:01:40,780 | DEBUG | root | EnvInputPolicy is released
2025-12-12 13:01:41,932 | DEBUG | root | IDMPolicy is released
2025-12-12 13:01:45,447 | DEBUG | root | IDMPolicy is released
2025-12-12 13:01:45,612 | DEBUG | root | IDMPolicy is released
2025-12-12 13:01:45,639 | DEBUG | root | EnvInputPolicy is released
2025-12-12 13:01:48,250 | DEBUG | root | EnvInputPolicy is released
2025-12-12 13:01:48,716 | DEBUG | root | EnvInputPolicy is released
2025-12-12 13:01:49,472 | DEBUG | root | EnvInputPolicy is released
2025-12-12 13:01:53,725 | DEBUG | root | IDMPolicy is released
2025-12-12 13:01:53,957 | DEBUG | root | EnvInputPolicy is released
2025-12-12 13:01:55,161 | DEBUG | root | EnvInputPolicy is released
2025-12-12 13:01:58,094 | DEBUG | root | IDMPolicy is released
2025-12-12 13:01:58,314 | DEBUG | root | EnvInputPolicy is released
2025-12-12 13:02:02,034 | DEBUG | root | IDMPolicy is released
2025-12-12 13:02:03,468 | DEBUG | root | EnvInputPolicy is released
2025-12-12 13:02:03,616 | DEBUG | root | IDMPolicy is released
2025-12-12 13:02:08,411 | DEBUG | root | IDMPolicy is released
2025-12-12 13:02:09,276 | DEBUG | root | IDMPolicy is released
2025-12-12 13:02:10,021 | DEBUG | root | EnvInputPolicy is released
2025-12-12 13:02:13,284 | DEBUG | root | EnvInputPolicy is released
2025-12-12 13:02:13,846 | DEBUG | root | EnvInputPolicy is released
2025-12-12 13:02:15,167 | DEBUG | root | EnvInputPolicy is released
2025-12-12 13:02:17,630 | DEBUG | root | IDMPolicy is released
2025-12-12 13:02:19,192 | DEBUG | root | EnvInputPolicy is released
2025-12-12 13:02:20,942 | DEBUG | root | EnvInputPolicy is released
2025-12-12 13:02:23,462 | DEBUG | root | IDMPolicy is released
2025-12-12 13:02:25,157 | DEBUG | root | EnvInputPolicy is released
2025-12-12 13:02:27,360 | DEBUG | root | IDMPolicy is released
2025-12-12 13:02:29,574 | DEBUG | root | EnvInputPolicy is released
2025-12-12 13:02:32,570 | DEBUG | root | IDMPolicy is released
2025-12-12 13:02:36,629 | DEBUG | root | IDMPolicy is released
2025-12-12 13:02:36,662 | DEBUG | root | EnvInputPolicy is released
2025-12-12 13:02:40,070 | DEBUG | root | EnvInputPolicy is released
2025-12-12 13:02:40,677 | DEBUG | root | EnvInputPolicy is released
2025-12-12 13:02:40,890 | DEBUG | root | EnvInputPolicy is released
2025-12-12 13:02:41,804 | DEBUG | root | IDMPolicy is released
2025-12-12 13:02:42,236 | DEBUG | root | EnvInputPolicy is released
2025-12-12 13:02:42,949 | DEBUG | root | IDMPolicy is released
2025-12-12 13:02:44,030 | DEBUG | root | IDMPolicy is released
2025-12-12 13:02:45,505 | DEBUG | root | EnvInputPolicy is released
2025-12-12 13:02:50,399 | DEBUG | root | EnvInputPolicy is released
2025-12-12 13:02:51,535 | DEBUG | root | IDMPolicy is released
2025-12-12 13:02:54,967 | DEBUG | root | IDMPolicy is released
2025-12-12 13:02:55,439 | DEBUG | root | EnvInputPolicy is released
2025-12-12 13:02:58,582 | DEBUG | root | IDMPolicy is released
2025-12-12 13:03:00,396 | DEBUG | root | IDMPolicy is released
2025-12-12 13:03:03,129 | DEBUG | root | EnvInputPolicy is released
2025-12-12 13:03:04,270 | DEBUG | root | IDMPolicy is released
2025-12-12 13:03:06,168 | DEBUG | root | EnvInputPolicy is released
2025-12-12 13:03:06,673 | DEBUG | root | EnvInputPolicy is released
2025-12-12 13:03:07,717 | DEBUG | root | IDMPolicy is released
2025-12-12 13:03:07,738 | DEBUG | root | EnvInputPolicy is released
2025-12-12 13:03:10,128 | DEBUG | root | Roundabout, ID:None is destroyed
2025-12-12 13:03:10,128 | DEBUG | root | StdTInterSection, ID:None is destroyed
2025-12-12 13:03:10,137 | DEBUG | root | Curve, ID:None is destroyed
2025-12-12 13:03:10,137 | DEBUG | root | StdInterSection, ID:None is destroyed
2025-12-12 13:03:10,137 | DEBUG | root | Roundabout, ID:None is destroyed
2025-12-12 13:03:10,137 | DEBUG | root | StdTInterSection, ID:None is destroyed
2025-12-12 13:03:10,137 | DEBUG | root | Curve, ID:None is destroyed
2025-12-12 13:03:10,137 | DEBUG | root | StdInterSection, ID:None is destroyed
2025-12-12 13:03:10,137 | DEBUG | root | FirstPGBlock, ID:None is destroyed
2025-12-12 13:03:10,137 | DEBUG | root | StdInterSection, ID:None is destroyed
2025-12-12 13:03:10,137 | DEBUG | root | EnvInputPolicy is released
2025-12-12 13:03:10,137 | DEBUG | root | NodeNetworkNavigation is destroyed
2025-12-12 13:03:10,137 | DEBUG | root | EnvInputPolicy is released
2025-12-12 13:03:10,143 | DEBUG | root | NodeNetworkNavigation is destroyed
2025-12-12 13:03:10,143 | DEBUG | root | EnvInputPolicy is released
2025-12-12 13:03:10,145 | DEBUG | root | NodeNetworkNavigation is destroyed
2025-12-12 13:03:10,146 | DEBUG | root | EnvInputPolicy is released
2025-12-12 13:03:10,148 | DEBUG | root | NodeNetworkNavigation is destroyed
2025-12-12 13:03:10,148 | DEBUG | root | EnvInputPolicy is released
2025-12-12 13:03:10,150 | DEBUG | root | NodeNetworkNavigation is destroyed
2025-12-12 13:03:10,150 | DEBUG | root | EnvInputPolicy is released
2025-12-12 13:03:10,150 | DEBUG | root | NodeNetworkNavigation is destroyed
2025-12-12 13:03:10,150 | DEBUG | root | EnvInputPolicy is released
2025-12-12 13:03:10,154 | DEBUG | root | NodeNetworkNavigation is destroyed
2025-12-12 13:03:10,154 | DEBUG | root | EnvInputPolicy is released
2025-12-12 13:03:10,154 | DEBUG | root | NodeNetworkNavigation is destroyed
2025-12-12 13:03:10,157 | DEBUG | root | IDMPolicy is released
2025-12-12 13:03:10,157 | DEBUG | root | IDMPolicy is released
2025-12-12 13:03:10,158 | DEBUG | root | IDMPolicy is released
2025-12-12 13:03:10,158 | DEBUG | root | IDMPolicy is released
2025-12-12 13:03:10,158 | DEBUG | root | IDMPolicy is released
2025-12-12 13:03:10,158 | DEBUG | root | IDMPolicy is released
2025-12-12 13:03:10,160 | DEBUG | root | IDMPolicy is released
2025-12-12 13:03:10,160 | DEBUG | root | IDMPolicy is released
2025-12-12 13:03:10,161 | DEBUG | root | IDMPolicy is released
2025-12-12 13:03:10,161 | DEBUG | root | IDMPolicy is released
2025-12-12 13:03:10,161 | DEBUG | root | IDMPolicy is released
2025-12-12 13:03:10,161 | DEBUG | root | IDMPolicy is released
2025-12-12 13:03:10,161 | DEBUG | root | IDMPolicy is released
2025-12-12 13:03:10,161 | DEBUG | root | IDMPolicy is released
2025-12-12 13:03:10,164 | DEBUG | root | IDMPolicy is released
2025-12-12 13:03:10,165 | DEBUG | root | IDMPolicy is released
2025-12-12 13:03:10,165 | DEBUG | root | IDMPolicy is released
2025-12-12 13:03:10,166 | DEBUG | root | IDMPolicy is released
2025-12-12 13:03:10,166 | DEBUG | root | IDMPolicy is released
2025-12-12 13:03:10,166 | DEBUG | root | IDMPolicy is released
2025-12-12 13:03:10,166 | DEBUG | root | IDMPolicy is released
2025-12-12 13:03:10,168 | DEBUG | root | IDMPolicy is released
2025-12-12 13:03:10,168 | DEBUG | root | IDMPolicy is released
2025-12-12 13:03:10,169 | DEBUG | root | IDMPolicy is released
2025-12-12 13:03:10,169 | DEBUG | root | IDMPolicy is released
2025-12-12 13:03:10,169 | DEBUG | root | IDMPolicy is released
2025-12-12 13:03:10,171 | DEBUG | root | IDMPolicy is released
2025-12-12 13:03:10,172 | DEBUG | root | IDMPolicy is released
2025-12-12 13:03:10,172 | DEBUG | root | IDMPolicy is released
2025-12-12 13:03:10,172 | DEBUG | root | IDMPolicy is released
2025-12-12 13:03:10,172 | DEBUG | root | IDMPolicy is released
2025-12-12 13:03:10,172 | DEBUG | root | IDMPolicy is released
2025-12-12 13:03:10,172 | DEBUG | root | IDMPolicy is released
2025-12-12 13:03:10,172 | DEBUG | root | IDMPolicy is released
2025-12-12 13:03:10,176 | DEBUG | root | IDMPolicy is released
2025-12-12 13:03:10,176 | DEBUG | root | IDMPolicy is released
2025-12-12 13:03:10,176 | DEBUG | root | IDMPolicy is released
2025-12-12 13:03:10,176 | DEBUG | root | IDMPolicy is released
2025-12-12 13:03:10,177 | DEBUG | root | IDMPolicy is released
2025-12-12 13:03:10,178 | DEBUG | root | IDMPolicy is released
2025-12-12 13:03:10,178 | DEBUG | root | IDMPolicy is released
2025-12-12 13:03:10,178 | DEBUG | root | IDMPolicy is released
2025-12-12 13:03:10,178 | DEBUG | root | NodeNetworkNavigation is destroyed
2025-12-12 13:03:10,182 | DEBUG | root | NodeNetworkNavigation is destroyed
2025-12-12 13:03:10,185 | DEBUG | root | NodeNetworkNavigation is destroyed
2025-12-12 13:03:10,186 | DEBUG | root | NodeNetworkNavigation is destroyed
2025-12-12 13:03:10,189 | DEBUG | root | NodeNetworkNavigation is destroyed
2025-12-12 13:03:10,189 | DEBUG | root | NodeNetworkNavigation is destroyed
2025-12-12 13:03:10,193 | DEBUG | root | NodeNetworkNavigation is destroyed
2025-12-12 13:03:10,194 | DEBUG | root | NodeNetworkNavigation is destroyed
2025-12-12 13:03:10,197 | DEBUG | root | NodeNetworkNavigation is destroyed
2025-12-12 13:03:10,199 | DEBUG | root | NodeNetworkNavigation is destroyed
2025-12-12 13:03:10,200 | DEBUG | root | NodeNetworkNavigation is destroyed
2025-12-12 13:03:10,202 | DEBUG | root | NodeNetworkNavigation is destroyed
2025-12-12 13:03:10,206 | DEBUG | root | NodeNetworkNavigation is destroyed
2025-12-12 13:03:10,206 | DEBUG | root | NodeNetworkNavigation is destroyed
2025-12-12 13:03:10,210 | DEBUG | root | NodeNetworkNavigation is destroyed
2025-12-12 13:03:10,214 | DEBUG | root | NodeNetworkNavigation is destroyed
2025-12-12 13:03:10,214 | DEBUG | root | NodeNetworkNavigation is destroyed
2025-12-12 13:03:10,220 | DEBUG | root | NodeNetworkNavigation is destroyed
2025-12-12 13:03:10,221 | DEBUG | root | NodeNetworkNavigation is destroyed
2025-12-12 13:03:10,221 | DEBUG | root | NodeNetworkNavigation is destroyed
2025-12-12 13:03:10,228 | DEBUG | root | NodeNetworkNavigation is destroyed
2025-12-12 13:03:10,230 | DEBUG | root | NodeNetworkNavigation is destroyed
2025-12-12 13:03:10,234 | DEBUG | root | NodeNetworkNavigation is destroyed
2025-12-12 13:03:10,235 | DEBUG | root | NodeNetworkNavigation is destroyed
2025-12-12 13:03:10,238 | DEBUG | root | NodeNetworkNavigation is destroyed
2025-12-12 13:03:10,238 | DEBUG | root | NodeNetworkNavigation is destroyed
2025-12-12 13:03:10,241 | DEBUG | root | NodeNetworkNavigation is destroyed
2025-12-12 13:03:10,241 | DEBUG | root | NodeNetworkNavigation is destroyed
2025-12-12 13:03:10,244 | DEBUG | root | NodeNetworkNavigation is destroyed
2025-12-12 13:03:10,244 | DEBUG | root | NodeNetworkNavigation is destroyed
2025-12-12 13:03:10,247 | DEBUG | root | NodeNetworkNavigation is destroyed
2025-12-12 13:03:10,248 | DEBUG | root | NodeNetworkNavigation is destroyed
2025-12-12 13:03:10,250 | DEBUG | root | NodeNetworkNavigation is destroyed
2025-12-12 13:03:10,251 | DEBUG | root | NodeNetworkNavigation is destroyed
2025-12-12 13:03:10,251 | DEBUG | root | NodeNetworkNavigation is destroyed
2025-12-12 13:03:10,254 | DEBUG | root | NodeNetworkNavigation is destroyed
2025-12-12 13:03:10,254 | DEBUG | root | NodeNetworkNavigation is destroyed
2025-12-12 13:03:10,257 | DEBUG | root | NodeNetworkNavigation is destroyed
2025-12-12 13:03:10,257 | DEBUG | root | NodeNetworkNavigation is destroyed
2025-12-12 13:03:10,259 | DEBUG | root | NodeNetworkNavigation is destroyed
2025-12-12 13:03:10,262 | DEBUG | root | NodeNetworkNavigation is destroyed
2025-12-12 13:03:10,263 | DEBUG | root | NodeNetworkNavigation is destroyed
2025-12-12 13:03:10,263 | DEBUG | root | Pedestrian, ID:None is destroyed
2025-12-12 13:03:10,263 | DEBUG | root | BaseTrafficLight, ID:None is destroyed
2025-12-12 13:03:10,263 | DEBUG | root | TrafficBarrier, ID:None is destroyed
2025-12-12 13:03:10,263 | DEBUG | root | TrafficCone, ID:None is destroyed
2025-12-12 13:03:10,263 | DEBUG | root | LVehicle, ID:None is destroyed
2025-12-12 13:03:10,263 | DEBUG | root | LVehicle, ID:None is destroyed
2025-12-12 13:03:10,263 | DEBUG | root | LVehicle, ID:None is destroyed
2025-12-12 13:03:10,263 | DEBUG | root | LVehicle, ID:None is destroyed
2025-12-12 13:03:10,263 | DEBUG | root | LVehicle, ID:None is destroyed
2025-12-12 13:03:10,263 | DEBUG | root | LVehicle, ID:None is destroyed
2025-12-12 13:03:10,263 | DEBUG | root | LVehicle, ID:None is destroyed
2025-12-12 13:03:10,268 | DEBUG | root | LVehicle, ID:None is destroyed
2025-12-12 13:03:10,268 | DEBUG | root | LVehicle, ID:None is destroyed
2025-12-12 13:03:10,269 | DEBUG | root | LVehicle, ID:None is destroyed
2025-12-12 13:03:10,269 | DEBUG | root | LVehicle, ID:None is destroyed
2025-12-12 13:03:10,269 | DEBUG | root | LVehicle, ID:None is destroyed
2025-12-12 13:03:10,269 | DEBUG | root | XLVehicle, ID:None is destroyed
2025-12-12 13:03:10,270 | DEBUG | root | XLVehicle, ID:None is destroyed
2025-12-12 13:03:10,270 | DEBUG | root | XLVehicle, ID:None is destroyed
2025-12-12 13:03:10,270 | DEBUG | root | XLVehicle, ID:None is destroyed
2025-12-12 13:03:10,270 | DEBUG | root | XLVehicle, ID:None is destroyed
2025-12-12 13:03:10,270 | DEBUG | root | XLVehicle, ID:None is destroyed
2025-12-12 13:03:10,270 | DEBUG | root | XLVehicle, ID:None is destroyed
2025-12-12 13:03:10,270 | DEBUG | root | XLVehicle, ID:None is destroyed
2025-12-12 13:03:10,270 | DEBUG | root | XLVehicle, ID:None is destroyed
2025-12-12 13:03:10,270 | DEBUG | root | XLVehicle, ID:None is destroyed
2025-12-12 13:03:10,270 | DEBUG | root | XLVehicle, ID:None is destroyed
2025-12-12 13:03:10,273 | DEBUG | root | MVehicle, ID:None is destroyed
2025-12-12 13:03:10,273 | DEBUG | root | MVehicle, ID:None is destroyed
2025-12-12 13:03:10,274 | DEBUG | root | MVehicle, ID:None is destroyed
2025-12-12 13:03:10,274 | DEBUG | root | MVehicle, ID:None is destroyed
2025-12-12 13:03:10,275 | DEBUG | root | MVehicle, ID:None is destroyed
2025-12-12 13:03:10,275 | DEBUG | root | MVehicle, ID:None is destroyed
2025-12-12 13:03:10,275 | DEBUG | root | MVehicle, ID:None is destroyed
2025-12-12 13:03:10,276 | DEBUG | root | MVehicle, ID:None is destroyed
2025-12-12 13:03:10,276 | DEBUG | root | MVehicle, ID:None is destroyed
2025-12-12 13:03:10,276 | DEBUG | root | MVehicle, ID:None is destroyed
2025-12-12 13:03:10,276 | DEBUG | root | MVehicle, ID:None is destroyed
2025-12-12 13:03:10,276 | DEBUG | root | MVehicle, ID:None is destroyed
2025-12-12 13:03:10,276 | DEBUG | root | MVehicle, ID:None is destroyed
2025-12-12 13:03:10,276 | DEBUG | root | MVehicle, ID:None is destroyed
2025-12-12 13:03:10,587 | DEBUG | root | SVehicle, ID:None is destroyed
2025-12-12 13:03:10,587 | DEBUG | root | SVehicle, ID:None is destroyed
2025-12-12 13:03:10,587 | DEBUG | root | SVehicle, ID:None is destroyed
2025-12-12 13:03:10,587 | DEBUG | root | SVehicle, ID:None is destroyed
2025-12-12 13:03:10,587 | DEBUG | root | SVehicle, ID:None is destroyed
2025-12-20 22:38:21,690 | DEBUG | matplotlib | matplotlib data path: C:\Users\Pushpak Chakraborty\Desktop\Final Year Project\venv\lib\site-packages\matplotlib\mpl-data
2025-12-20 22:38:21,703 | DEBUG | matplotlib | CONFIGDIR=C:\Users\Pushpak Chakraborty\.matplotlib
2025-12-20 22:38:21,706 | DEBUG | matplotlib | interactive is False
2025-12-20 22:38:21,706 | DEBUG | matplotlib | platform is win32
2025-12-20 22:38:23,034 | DEBUG | matplotlib | CACHEDIR=C:\Users\Pushpak Chakraborty\.matplotlib
2025-12-20 22:38:23,044 | DEBUG | matplotlib.font_manager | Using fontManager instance from C:\Users\Pushpak Chakraborty\.matplotlib\fontlist-v330.json
2025-12-20 22:38:29,190 | DEBUG | root | forward
2025-12-20 22:38:29,242 | DEBUG | root | forward
2025-12-20 22:38:29,309 | DEBUG | root | forward
2025-12-20 22:38:29,356 | DEBUG | root | forward
2025-12-20 22:38:29,444 | DEBUG | root | forward
2025-12-20 22:38:29,538 | DEBUG | root | forward
2025-12-20 22:38:29,642 | DEBUG | root | forward
2025-12-20 22:38:29,751 | DEBUG | root | forward
2025-12-20 22:38:29,865 | DEBUG | root | forward
2025-12-20 22:38:29,990 | DEBUG | root | Destroy Big
2025-12-20 22:38:30,188 | DEBUG | root | Load Vehicle Module: NodeNetworkNavigation
2025-12-20 22:38:30,201 | DEBUG | root | Load Vehicle Module: NodeNetworkNavigation
2025-12-20 22:38:30,215 | DEBUG | root | Load Vehicle Module: NodeNetworkNavigation
2025-12-20 22:38:30,228 | DEBUG | root | Load Vehicle Module: NodeNetworkNavigation
2025-12-20 22:38:30,243 | DEBUG | root | Load Vehicle Module: NodeNetworkNavigation
2025-12-20 22:38:30,260 | DEBUG | root | Load Vehicle Module: NodeNetworkNavigation
2025-12-20 22:38:30,275 | DEBUG | root | Load Vehicle Module: NodeNetworkNavigation
2025-12-20 22:38:30,289 | DEBUG | root | Load Vehicle Module: NodeNetworkNavigation
2025-12-20 22:38:30,292 | DEBUG | root | load scene Use random traffic
2025-12-20 22:38:30,345 | DEBUG | root | Load Vehicle Module: NodeNetworkNavigation
2025-12-20 22:38:30,355 | DEBUG | root | Load Vehicle Module: NodeNetworkNavigation
2025-12-20 22:38:30,366 | DEBUG | root | Load Vehicle Module: NodeNetworkNavigation
2025-12-20 22:38:30,376 | DEBUG | root | Load Vehicle Module: NodeNetworkNavigation
2025-12-20 22:38:30,439 | DEBUG | root | Load Vehicle Module: NodeNetworkNavigation
2025-12-20 22:38:30,505 | DEBUG | root | Load Vehicle Module: NodeNetworkNavigation
2025-12-20 22:38:30,517 | DEBUG | root | Load Vehicle Module: NodeNetworkNavigation
2025-12-20 22:38:30,571 | DEBUG | root | Load Vehicle Module: NodeNetworkNavigation
2025-12-20 22:38:30,585 | DEBUG | root | Load Vehicle Module: NodeNetworkNavigation
2025-12-20 22:38:30,592 | DEBUG | root | Load Vehicle Module: NodeNetworkNavigation
2025-12-20 22:38:30,607 | DEBUG | root | Load Vehicle Module: NodeNetworkNavigation
2025-12-20 22:38:30,620 | DEBUG | root | Load Vehicle Module: NodeNetworkNavigation
2025-12-20 22:38:30,630 | DEBUG | root | Load Vehicle Module: NodeNetworkNavigation
2025-12-20 22:38:30,642 | DEBUG | root | Load Vehicle Module: NodeNetworkNavigation
2025-12-20 22:38:30,650 | DEBUG | root | Load Vehicle Module: NodeNetworkNavigation
2025-12-20 22:38:30,665 | DEBUG | root | Load Vehicle Module: NodeNetworkNavigation
2025-12-20 22:38:30,676 | DEBUG | root | Load Vehicle Module: NodeNetworkNavigation
2025-12-20 22:38:30,685 | DEBUG | root | Load Vehicle Module: NodeNetworkNavigation
2025-12-20 22:38:30,697 | DEBUG | root | Load Vehicle Module: NodeNetworkNavigation
2025-12-20 22:38:30,710 | DEBUG | root | Load Vehicle Module: NodeNetworkNavigation
2025-12-20 22:38:30,721 | DEBUG | root | Load Vehicle Module: NodeNetworkNavigation
2025-12-20 22:38:30,732 | DEBUG | root | Load Vehicle Module: NodeNetworkNavigation
2025-12-20 22:38:30,740 | DEBUG | root | Load Vehicle Module: NodeNetworkNavigation
2025-12-20 22:38:30,755 | DEBUG | root | Load Vehicle Module: NodeNetworkNavigation
2025-12-20 22:38:30,767 | DEBUG | root | Load Vehicle Module: NodeNetworkNavigation
2025-12-20 22:38:30,779 | DEBUG | root | Load Vehicle Module: NodeNetworkNavigation
2025-12-20 22:38:30,787 | DEBUG | root | Load Vehicle Module: NodeNetworkNavigation
2025-12-20 22:38:30,801 | DEBUG | root | Load Vehicle Module: NodeNetworkNavigation
2025-12-20 22:38:30,821 | DEBUG | root | Load Vehicle Module: NodeNetworkNavigation
2025-12-20 22:38:30,832 | DEBUG | root | Load Vehicle Module: NodeNetworkNavigation
2025-12-20 22:38:30,844 | DEBUG | root | Load Vehicle Module: NodeNetworkNavigation
2025-12-20 22:38:30,853 | DEBUG | root | Load Vehicle Module: NodeNetworkNavigation
2025-12-20 22:38:30,864 | DEBUG | root | Load Vehicle Module: NodeNetworkNavigation
2025-12-20 22:38:30,871 | DEBUG | root | Load Vehicle Module: NodeNetworkNavigation
2025-12-20 22:38:30,884 | DEBUG | root | Load Vehicle Module: NodeNetworkNavigation
2025-12-20 22:38:30,899 | DEBUG | root | Load Vehicle Module: NodeNetworkNavigation
2025-12-20 22:38:30,909 | DEBUG | root | Load Vehicle Module: NodeNetworkNavigation
2025-12-20 22:38:30,919 | DEBUG | root | Load Vehicle Module: NodeNetworkNavigation
2025-12-20 22:38:30,928 | DEBUG | root | Load Vehicle Module: NodeNetworkNavigation
2025-12-20 22:38:30,933 | DEBUG | root | Load Vehicle Module: NodeNetworkNavigation
2025-12-20 22:38:30,947 | DEBUG | root | Load Vehicle Module: NodeNetworkNavigation
2025-12-20 22:38:30,956 | DEBUG | root | Load Vehicle Module: NodeNetworkNavigation
2025-12-20 22:38:44,554 | DEBUG | root | EnvInputPolicy is released
2025-12-20 22:38:44,556 | DEBUG | root | EnvInputPolicy is released
2025-12-20 22:38:45,038 | DEBUG | root | EnvInputPolicy is released
2025-12-20 22:38:47,020 | DEBUG | root | EnvInputPolicy is released
2025-12-20 22:38:50,615 | DEBUG | root | EnvInputPolicy is released
2025-12-20 22:38:55,775 | DEBUG | root | EnvInputPolicy is released
2025-12-20 22:38:57,596 | DEBUG | root | EnvInputPolicy is released
2025-12-20 22:39:01,149 | DEBUG | root | EnvInputPolicy is released
2025-12-20 22:39:03,046 | DEBUG | root | EnvInputPolicy is released
2025-12-20 22:39:07,459 | DEBUG | root | EnvInputPolicy is released
2025-12-20 22:39:08,820 | DEBUG | root | EnvInputPolicy is released
2025-12-20 22:39:11,114 | DEBUG | root | IDMPolicy is released
2025-12-20 22:39:14,242 | DEBUG | root | IDMPolicy is released
2025-12-20 22:39:14,267 | DEBUG | root | EnvInputPolicy is released
2025-12-20 22:39:14,530 | DEBUG | root | EnvInputPolicy is released
2025-12-20 22:39:15,678 | DEBUG | root | EnvInputPolicy is released
2025-12-20 22:39:19,087 | DEBUG | root | EnvInputPolicy is released
2025-12-20 22:39:19,285 | DEBUG | root | EnvInputPolicy is released
2025-12-20 22:39:19,663 | DEBUG | root | IDMPolicy is released
2025-12-20 22:39:23,031 | DEBUG | root | EnvInputPolicy is released
2025-12-20 22:39:24,482 | DEBUG | root | IDMPolicy is released
2025-12-20 22:39:26,259 | DEBUG | root | EnvInputPolicy is released
2025-12-20 22:39:28,509 | DEBUG | root | EnvInputPolicy is released
2025-12-20 22:39:29,369 | DEBUG | root | IDMPolicy is released
2025-12-20 22:39:29,821 | DEBUG | root | EnvInputPolicy is released
2025-12-20 22:39:30,233 | DEBUG | root | EnvInputPolicy is released
2025-12-20 22:39:33,100 | DEBUG | root | EnvInputPolicy is released
2025-12-20 22:39:35,481 | DEBUG | root | Roundabout, ID:None is destroyed
2025-12-20 22:39:35,481 | DEBUG | root | StdTInterSection, ID:None is destroyed
2025-12-20 22:39:35,481 | DEBUG | root | Curve, ID:None is destroyed
2025-12-20 22:39:35,481 | DEBUG | root | StdInterSection, ID:None is destroyed
2025-12-20 22:39:35,481 | DEBUG | root | Roundabout, ID:None is destroyed
2025-12-20 22:39:35,481 | DEBUG | root | StdTInterSection, ID:None is destroyed
2025-12-20 22:39:35,481 | DEBUG | root | Curve, ID:None is destroyed
2025-12-20 22:39:35,481 | DEBUG | root | StdInterSection, ID:None is destroyed
2025-12-20 22:39:35,481 | DEBUG | root | FirstPGBlock, ID:None is destroyed
2025-12-20 22:39:35,481 | DEBUG | root | StdInterSection, ID:None is destroyed
2025-12-20 22:39:35,481 | DEBUG | root | EnvInputPolicy is released
2025-12-20 22:39:35,481 | DEBUG | root | NodeNetworkNavigation is destroyed
2025-12-20 22:39:35,492 | DEBUG | root | EnvInputPolicy is released
2025-12-20 22:39:35,492 | DEBUG | root | NodeNetworkNavigation is destroyed
2025-12-20 22:39:35,493 | DEBUG | root | EnvInputPolicy is released
2025-12-20 22:39:35,494 | DEBUG | root | NodeNetworkNavigation is destroyed
2025-12-20 22:39:35,494 | DEBUG | root | EnvInputPolicy is released
2025-12-20 22:39:35,495 | DEBUG | root | NodeNetworkNavigation is destroyed
2025-12-20 22:39:35,495 | DEBUG | root | EnvInputPolicy is released
2025-12-20 22:39:35,496 | DEBUG | root | NodeNetworkNavigation is destroyed
2025-12-20 22:39:35,497 | DEBUG | root | EnvInputPolicy is released
2025-12-20 22:39:35,497 | DEBUG | root | NodeNetworkNavigation is destroyed
2025-12-20 22:39:35,497 | DEBUG | root | EnvInputPolicy is released
2025-12-20 22:39:35,497 | DEBUG | root | NodeNetworkNavigation is destroyed
2025-12-20 22:39:35,497 | DEBUG | root | EnvInputPolicy is released
2025-12-20 22:39:35,497 | DEBUG | root | NodeNetworkNavigation is destroyed
2025-12-20 22:39:35,497 | DEBUG | root | IDMPolicy is released
2025-12-20 22:39:35,497 | DEBUG | root | IDMPolicy is released
2025-12-20 22:39:35,497 | DEBUG | root | IDMPolicy is released
2025-12-20 22:39:35,503 | DEBUG | root | IDMPolicy is released
2025-12-20 22:39:35,504 | DEBUG | root | IDMPolicy is released
2025-12-20 22:39:35,504 | DEBUG | root | IDMPolicy is released
2025-12-20 22:39:35,505 | DEBUG | root | IDMPolicy is released
2025-12-20 22:39:35,506 | DEBUG | root | IDMPolicy is released
2025-12-20 22:39:35,506 | DEBUG | root | IDMPolicy is released
2025-12-20 22:39:35,506 | DEBUG | root | IDMPolicy is released
2025-12-20 22:39:35,507 | DEBUG | root | IDMPolicy is released
2025-12-20 22:39:35,507 | DEBUG | root | IDMPolicy is released
2025-12-20 22:39:35,508 | DEBUG | root | IDMPolicy is released
2025-12-20 22:39:35,508 | DEBUG | root | IDMPolicy is released
2025-12-20 22:39:35,509 | DEBUG | root | IDMPolicy is released
2025-12-20 22:39:35,509 | DEBUG | root | IDMPolicy is released
2025-12-20 22:39:35,509 | DEBUG | root | IDMPolicy is released
2025-12-20 22:39:35,509 | DEBUG | root | IDMPolicy is released
2025-12-20 22:39:35,510 | DEBUG | root | IDMPolicy is released
2025-12-20 22:39:35,511 | DEBUG | root | IDMPolicy is released
2025-12-20 22:39:35,511 | DEBUG | root | IDMPolicy is released
2025-12-20 22:39:35,511 | DEBUG | root | IDMPolicy is released
2025-12-20 22:39:35,512 | DEBUG | root | IDMPolicy is released
2025-12-20 22:39:35,512 | DEBUG | root | IDMPolicy is released
2025-12-20 22:39:35,512 | DEBUG | root | IDMPolicy is released
2025-12-20 22:39:35,513 | DEBUG | root | IDMPolicy is released
2025-12-20 22:39:35,514 | DEBUG | root | IDMPolicy is released
2025-12-20 22:39:35,514 | DEBUG | root | IDMPolicy is released
2025-12-20 22:39:35,514 | DEBUG | root | IDMPolicy is released
2025-12-20 22:39:35,515 | DEBUG | root | IDMPolicy is released
2025-12-20 22:39:35,515 | DEBUG | root | IDMPolicy is released
2025-12-20 22:39:35,515 | DEBUG | root | IDMPolicy is released
2025-12-20 22:39:35,515 | DEBUG | root | IDMPolicy is released
2025-12-20 22:39:35,516 | DEBUG | root | IDMPolicy is released
2025-12-20 22:39:35,516 | DEBUG | root | IDMPolicy is released
2025-12-20 22:39:35,517 | DEBUG | root | IDMPolicy is released
2025-12-20 22:39:35,517 | DEBUG | root | IDMPolicy is released
2025-12-20 22:39:35,518 | DEBUG | root | IDMPolicy is released
2025-12-20 22:39:35,518 | DEBUG | root | IDMPolicy is released
2025-12-20 22:39:35,519 | DEBUG | root | IDMPolicy is released
2025-12-20 22:39:35,519 | DEBUG | root | IDMPolicy is released
2025-12-20 22:39:35,519 | DEBUG | root | IDMPolicy is released
2025-12-20 22:39:35,521 | DEBUG | root | NodeNetworkNavigation is destroyed
2025-12-20 22:39:35,522 | DEBUG | root | NodeNetworkNavigation is destroyed
2025-12-20 22:39:35,523 | DEBUG | root | NodeNetworkNavigation is destroyed
2025-12-20 22:39:35,525 | DEBUG | root | NodeNetworkNavigation is destroyed
2025-12-20 22:39:35,526 | DEBUG | root | NodeNetworkNavigation is destroyed
2025-12-20 22:39:35,527 | DEBUG | root | NodeNetworkNavigation is destroyed
2025-12-20 22:39:35,528 | DEBUG | root | NodeNetworkNavigation is destroyed
2025-12-20 22:39:35,530 | DEBUG | root | NodeNetworkNavigation is destroyed
2025-12-20 22:39:35,531 | DEBUG | root | NodeNetworkNavigation is destroyed
2025-12-20 22:39:35,532 | DEBUG | root | NodeNetworkNavigation is destroyed
2025-12-20 22:39:35,534 | DEBUG | root | NodeNetworkNavigation is destroyed
2025-12-20 22:39:35,535 | DEBUG | root | NodeNetworkNavigation is destroyed
2025-12-20 22:39:35,535 | DEBUG | root | NodeNetworkNavigation is destroyed
2025-12-20 22:39:35,539 | DEBUG | root | NodeNetworkNavigation is destroyed
2025-12-20 22:39:35,540 | DEBUG | root | NodeNetworkNavigation is destroyed
2025-12-20 22:39:35,542 | DEBUG | root | NodeNetworkNavigation is destroyed
2025-12-20 22:39:35,544 | DEBUG | root | NodeNetworkNavigation is destroyed
2025-12-20 22:39:35,546 | DEBUG | root | NodeNetworkNavigation is destroyed
2025-12-20 22:39:35,549 | DEBUG | root | NodeNetworkNavigation is destroyed
2025-12-20 22:39:35,550 | DEBUG | root | NodeNetworkNavigation is destroyed
2025-12-20 22:39:35,553 | DEBUG | root | NodeNetworkNavigation is destroyed
2025-12-20 22:39:35,556 | DEBUG | root | NodeNetworkNavigation is destroyed
2025-12-20 22:39:35,558 | DEBUG | root | NodeNetworkNavigation is destroyed
2025-12-20 22:39:35,561 | DEBUG | root | NodeNetworkNavigation is destroyed
2025-12-20 22:39:35,563 | DEBUG | root | NodeNetworkNavigation is destroyed
2025-12-20 22:39:35,564 | DEBUG | root | NodeNetworkNavigation is destroyed
2025-12-20 22:39:35,568 | DEBUG | root | NodeNetworkNavigation is destroyed
2025-12-20 22:39:35,570 | DEBUG | root | NodeNetworkNavigation is destroyed
2025-12-20 22:39:35,572 | DEBUG | root | NodeNetworkNavigation is destroyed
2025-12-20 22:39:35,575 | DEBUG | root | NodeNetworkNavigation is destroyed
2025-12-20 22:39:35,576 | DEBUG | root | NodeNetworkNavigation is destroyed
2025-12-20 22:39:35,576 | DEBUG | root | NodeNetworkNavigation is destroyed
2025-12-20 22:39:35,578 | DEBUG | root | NodeNetworkNavigation is destroyed
2025-12-20 22:39:35,580 | DEBUG | root | NodeNetworkNavigation is destroyed
2025-12-20 22:39:35,581 | DEBUG | root | NodeNetworkNavigation is destroyed
2025-12-20 22:39:35,582 | DEBUG | root | NodeNetworkNavigation is destroyed
2025-12-20 22:39:35,583 | DEBUG | root | NodeNetworkNavigation is destroyed
2025-12-20 22:39:35,583 | DEBUG | root | NodeNetworkNavigation is destroyed
2025-12-20 22:39:35,583 | DEBUG | root | NodeNetworkNavigation is destroyed
2025-12-20 22:39:35,586 | DEBUG | root | NodeNetworkNavigation is destroyed
2025-12-20 22:39:35,587 | DEBUG | root | NodeNetworkNavigation is destroyed
2025-12-20 22:39:35,588 | DEBUG | root | NodeNetworkNavigation is destroyed
2025-12-20 22:39:35,588 | DEBUG | root | Pedestrian, ID:None is destroyed
2025-12-20 22:39:35,590 | DEBUG | root | BaseTrafficLight, ID:None is destroyed
2025-12-20 22:39:35,590 | DEBUG | root | TrafficBarrier, ID:None is destroyed
2025-12-20 22:39:35,590 | DEBUG | root | TrafficCone, ID:None is destroyed
2025-12-20 22:39:35,591 | DEBUG | root | SVehicle, ID:None is destroyed
2025-12-20 22:39:35,591 | DEBUG | root | SVehicle, ID:None is destroyed
2025-12-20 22:39:35,591 | DEBUG | root | SVehicle, ID:None is destroyed
2025-12-20 22:39:35,592 | DEBUG | root | SVehicle, ID:None is destroyed
2025-12-20 22:39:35,592 | DEBUG | root | SVehicle, ID:None is destroyed
2025-12-20 22:39:35,592 | DEBUG | root | SVehicle, ID:None is destroyed
2025-12-20 22:39:35,592 | DEBUG | root | SVehicle, ID:None is destroyed
2025-12-20 22:39:35,593 | DEBUG | root | SVehicle, ID:None is destroyed
2025-12-20 22:39:35,593 | DEBUG | root | SVehicle, ID:None is destroyed
2025-12-20 22:39:35,593 | DEBUG | root | SVehicle, ID:None is destroyed
2025-12-20 22:39:35,594 | DEBUG | root | SVehicle, ID:None is destroyed
2025-12-20 22:39:35,594 | DEBUG | root | LVehicle, ID:None is destroyed
2025-12-20 22:39:35,594 | DEBUG | root | LVehicle, ID:None is destroyed
2025-12-20 22:39:35,595 | DEBUG | root | LVehicle, ID:None is destroyed
2025-12-20 22:39:35,595 | DEBUG | root | LVehicle, ID:None is destroyed
2025-12-20 22:39:35,595 | DEBUG | root | LVehicle, ID:None is destroyed
2025-12-20 22:39:35,596 | DEBUG | root | LVehicle, ID:None is destroyed
2025-12-20 22:39:35,596 | DEBUG | root | LVehicle, ID:None is destroyed
2025-12-20 22:39:35,596 | DEBUG | root | LVehicle, ID:None is destroyed
2025-12-20 22:39:35,596 | DEBUG | root | LVehicle, ID:None is destroyed
2025-12-20 22:39:35,597 | DEBUG | root | XLVehicle, ID:None is destroyed
2025-12-20 22:39:35,597 | DEBUG | root | XLVehicle, ID:None is destroyed
2025-12-20 22:39:35,598 | DEBUG | root | XLVehicle, ID:None is destroyed
2025-12-20 22:39:35,598 | DEBUG | root | XLVehicle, ID:None is destroyed
2025-12-20 22:39:35,599 | DEBUG | root | XLVehicle, ID:None is destroyed
2025-12-20 22:39:35,599 | DEBUG | root | XLVehicle, ID:None is destroyed
2025-12-20 22:39:35,600 | DEBUG | root | XLVehicle, ID:None is destroyed
2025-12-20 22:39:35,600 | DEBUG | root | XLVehicle, ID:None is destroyed
2025-12-20 22:39:35,600 | DEBUG | root | XLVehicle, ID:None is destroyed
2025-12-20 22:39:35,601 | DEBUG | root | XLVehicle, ID:None is destroyed
2025-12-20 22:39:35,601 | DEBUG | root | XLVehicle, ID:None is destroyed
2025-12-20 22:39:35,687 | DEBUG | root | MVehicle, ID:None is destroyed
2025-12-20 22:39:35,688 | DEBUG | root | MVehicle, ID:None is destroyed
2025-12-20 22:39:35,688 | DEBUG | root | MVehicle, ID:None is destroyed
2025-12-20 22:39:35,689 | DEBUG | root | MVehicle, ID:None is destroyed
2025-12-20 22:39:35,689 | DEBUG | root | MVehicle, ID:None is destroyed
2025-12-20 22:39:35,689 | DEBUG | root | MVehicle, ID:None is destroyed
2025-12-20 22:39:35,690 | DEBUG | root | MVehicle, ID:None is destroyed
2025-12-20 22:39:35,690 | DEBUG | root | MVehicle, ID:None is destroyed
2025-12-20 22:39:35,690 | DEBUG | root | MVehicle, ID:None is destroyed
2025-12-20 22:39:35,691 | DEBUG | root | MVehicle, ID:None is destroyed
2025-12-20 22:39:35,691 | DEBUG | root | MVehicle, ID:None is destroyed
2026-01-02 14:36:31,461 | DEBUG | matplotlib | matplotlib data path: C:\Users\Pushpak Chakraborty\Desktop\Final Year Project\venv\lib\site-packages\matplotlib\mpl-data
2026-01-02 14:36:31,476 | DEBUG | matplotlib | CONFIGDIR=C:\Users\Pushpak Chakraborty\.matplotlib
2026-01-02 14:36:31,477 | DEBUG | matplotlib | interactive is False
2026-01-02 14:36:31,477 | DEBUG | matplotlib | platform is win32
2026-01-02 14:36:32,764 | DEBUG | matplotlib | CACHEDIR=C:\Users\Pushpak Chakraborty\.matplotlib
2026-01-02 14:36:32,779 | DEBUG | matplotlib.font_manager | Using fontManager instance from C:\Users\Pushpak Chakraborty\.matplotlib\fontlist-v330.json
2026-01-02 14:36:41,350 | DEBUG | root | forward
2026-01-02 14:36:41,445 | DEBUG | root | forward
2026-01-02 14:36:41,568 | DEBUG | root | forward
2026-01-02 14:36:41,648 | DEBUG | root | forward
2026-01-02 14:36:41,828 | DEBUG | root | forward
2026-01-02 14:36:41,989 | DEBUG | root | forward
2026-01-02 14:36:42,152 | DEBUG | root | forward
2026-01-02 14:36:42,293 | DEBUG | root | forward
2026-01-02 14:36:42,573 | DEBUG | root | forward
2026-01-02 14:36:42,879 | DEBUG | root | Destroy Big
2026-01-02 14:36:43,151 | DEBUG | root | Load Vehicle Module: NodeNetworkNavigation
2026-01-02 14:36:43,178 | DEBUG | root | Load Vehicle Module: NodeNetworkNavigation
2026-01-02 14:36:43,204 | DEBUG | root | Load Vehicle Module: NodeNetworkNavigation
2026-01-02 14:36:43,230 | DEBUG | root | Load Vehicle Module: NodeNetworkNavigation
2026-01-02 14:36:43,258 | DEBUG | root | Load Vehicle Module: NodeNetworkNavigation
2026-01-02 14:36:43,285 | DEBUG | root | Load Vehicle Module: NodeNetworkNavigation
2026-01-02 14:36:43,313 | DEBUG | root | Load Vehicle Module: NodeNetworkNavigation
2026-01-02 14:36:43,339 | DEBUG | root | Load Vehicle Module: NodeNetworkNavigation
2026-01-02 14:36:43,343 | DEBUG | root | load scene Use random traffic
2026-01-02 14:36:43,445 | DEBUG | root | Load Vehicle Module: NodeNetworkNavigation
2026-01-02 14:36:43,526 | DEBUG | root | Load Vehicle Module: NodeNetworkNavigation
2026-01-02 14:36:43,620 | DEBUG | root | Load Vehicle Module: NodeNetworkNavigation
2026-01-02 14:36:43,638 | DEBUG | root | Load Vehicle Module: NodeNetworkNavigation
2026-01-02 14:36:43,654 | DEBUG | root | Load Vehicle Module: NodeNetworkNavigation
2026-01-02 14:36:43,672 | DEBUG | root | Load Vehicle Module: NodeNetworkNavigation
2026-01-02 14:36:43,690 | DEBUG | root | Load Vehicle Module: NodeNetworkNavigation
2026-01-02 14:36:43,707 | DEBUG | root | Load Vehicle Module: NodeNetworkNavigation
2026-01-02 14:36:43,724 | DEBUG | root | Load Vehicle Module: NodeNetworkNavigation
2026-01-02 14:36:43,741 | DEBUG | root | Load Vehicle Module: NodeNetworkNavigation
2026-01-02 14:36:43,760 | DEBUG | root | Load Vehicle Module: NodeNetworkNavigation
2026-01-02 14:36:43,779 | DEBUG | root | Load Vehicle Module: NodeNetworkNavigation
2026-01-02 14:36:43,797 | DEBUG | root | Load Vehicle Module: NodeNetworkNavigation
2026-01-02 14:36:43,815 | DEBUG | root | Load Vehicle Module: NodeNetworkNavigation
2026-01-02 14:36:43,909 | DEBUG | root | Load Vehicle Module: NodeNetworkNavigation
2026-01-02 14:36:43,928 | DEBUG | root | Load Vehicle Module: NodeNetworkNavigation
2026-01-02 14:36:43,944 | DEBUG | root | Load Vehicle Module: NodeNetworkNavigation
2026-01-02 14:36:43,962 | DEBUG | root | Load Vehicle Module: NodeNetworkNavigation
2026-01-02 14:36:43,979 | DEBUG | root | Load Vehicle Module: NodeNetworkNavigation
2026-01-02 14:36:43,997 | DEBUG | root | Load Vehicle Module: NodeNetworkNavigation
2026-01-02 14:36:44,015 | DEBUG | root | Load Vehicle Module: NodeNetworkNavigation
2026-01-02 14:36:44,037 | DEBUG | root | Load Vehicle Module: NodeNetworkNavigation
2026-01-02 14:36:44,060 | DEBUG | root | Load Vehicle Module: NodeNetworkNavigation
2026-01-02 14:36:44,076 | DEBUG | root | Load Vehicle Module: NodeNetworkNavigation
2026-01-02 14:36:44,091 | DEBUG | root | Load Vehicle Module: NodeNetworkNavigation
2026-01-02 14:36:44,114 | DEBUG | root | Load Vehicle Module: NodeNetworkNavigation
2026-01-02 14:36:44,132 | DEBUG | root | Load Vehicle Module: NodeNetworkNavigation
2026-01-02 14:36:44,149 | DEBUG | root | Load Vehicle Module: NodeNetworkNavigation
2026-01-02 14:36:44,169 | DEBUG | root | Load Vehicle Module: NodeNetworkNavigation
2026-01-02 14:36:44,188 | DEBUG | root | Load Vehicle Module: NodeNetworkNavigation
2026-01-02 14:36:44,208 | DEBUG | root | Load Vehicle Module: NodeNetworkNavigation
2026-01-02 14:36:44,228 | DEBUG | root | Load Vehicle Module: NodeNetworkNavigation
2026-01-02 14:36:44,247 | DEBUG | root | Load Vehicle Module: NodeNetworkNavigation
2026-01-02 14:36:44,269 | DEBUG | root | Load Vehicle Module: NodeNetworkNavigation
2026-01-02 14:36:44,288 | DEBUG | root | Load Vehicle Module: NodeNetworkNavigation
2026-01-02 14:36:44,310 | DEBUG | root | Load Vehicle Module: NodeNetworkNavigation
2026-01-02 14:36:44,328 | DEBUG | root | Load Vehicle Module: NodeNetworkNavigation
2026-01-02 14:36:44,347 | DEBUG | root | Load Vehicle Module: NodeNetworkNavigation
2026-01-02 14:36:44,365 | DEBUG | root | Load Vehicle Module: NodeNetworkNavigation
2026-01-02 14:36:44,383 | DEBUG | root | Load Vehicle Module: NodeNetworkNavigation
2026-01-02 14:36:44,412 | DEBUG | root | Load Vehicle Module: NodeNetworkNavigation
2026-01-02 14:36:44,432 | DEBUG | root | Load Vehicle Module: NodeNetworkNavigation
2026-01-02 14:36:58,762 | DEBUG | root | EnvInputPolicy is released
2026-01-02 14:36:59,620 | DEBUG | root | EnvInputPolicy is released
2026-01-02 14:37:18,444 | DEBUG | root | EnvInputPolicy is released
2026-01-02 14:37:27,282 | DEBUG | root | EnvInputPolicy is released
2026-01-02 14:37:28,940 | DEBUG | root | EnvInputPolicy is released
2026-01-02 14:37:30,091 | DEBUG | root | EnvInputPolicy is released
2026-01-02 14:37:31,537 | DEBUG | root | EnvInputPolicy is released
2026-01-02 14:37:40,852 | DEBUG | root | EnvInputPolicy is released
2026-01-02 14:37:41,574 | DEBUG | root | EnvInputPolicy is released
2026-01-02 14:37:44,608 | DEBUG | root | EnvInputPolicy is released
2026-01-02 14:37:47,693 | DEBUG | root | IDMPolicy is released
2026-01-02 14:37:50,961 | DEBUG | root | IDMPolicy is released
2026-01-02 14:37:56,314 | DEBUG | root | IDMPolicy is released
2026-01-02 14:37:56,346 | DEBUG | root | EnvInputPolicy is released
2026-01-02 14:38:02,445 | DEBUG | root | EnvInputPolicy is released
2026-01-02 14:38:03,576 | DEBUG | root | EnvInputPolicy is released
2026-01-02 14:38:05,659 | DEBUG | root | IDMPolicy is released
2026-01-02 14:38:14,257 | DEBUG | root | EnvInputPolicy is released
2026-01-02 14:38:14,662 | DEBUG | root | EnvInputPolicy is released
2026-01-02 14:38:14,662 | DEBUG | root | EnvInputPolicy is released
2026-01-02 14:38:21,561 | DEBUG | root | EnvInputPolicy is released
2026-01-02 14:38:27,351 | DEBUG | root | EnvInputPolicy is released
2026-01-02 14:38:31,680 | DEBUG | root | EnvInputPolicy is released
2026-01-02 14:38:40,188 | DEBUG | root | EnvInputPolicy is released
2026-01-02 14:38:42,260 | DEBUG | root | EnvInputPolicy is released
2026-01-02 14:38:46,050 | DEBUG | root | IDMPolicy is released
2026-01-02 14:38:46,604 | DEBUG | root | EnvInputPolicy is released
2026-01-02 14:38:55,070 | DEBUG | root | IDMPolicy is released
2026-01-02 14:38:56,731 | DEBUG | root | EnvInputPolicy is released
2026-01-02 14:38:59,837 | DEBUG | root | EnvInputPolicy is released
2026-01-02 14:39:00,432 | DEBUG | root | IDMPolicy is released
2026-01-02 14:39:00,465 | DEBUG | root | EnvInputPolicy is released
2026-01-02 14:39:01,952 | DEBUG | root | IDMPolicy is released
2026-01-02 14:39:09,428 | DEBUG | root | EnvInputPolicy is released
2026-01-02 14:39:14,281 | DEBUG | root | EnvInputPolicy is released
2026-01-02 14:39:19,397 | DEBUG | root | IDMPolicy is released
2026-01-02 14:39:19,419 | DEBUG | root | EnvInputPolicy is released
2026-01-02 14:39:28,230 | DEBUG | root | EnvInputPolicy is released
2026-01-02 14:39:37,708 | DEBUG | root | EnvInputPolicy is released
2026-01-02 14:39:38,104 | DEBUG | root | EnvInputPolicy is released
2026-01-02 14:39:38,516 | DEBUG | root | Roundabout, ID:None is destroyed
2026-01-02 14:39:38,516 | DEBUG | root | StdTInterSection, ID:None is destroyed
2026-01-02 14:39:38,516 | DEBUG | root | Curve, ID:None is destroyed
2026-01-02 14:39:38,516 | DEBUG | root | StdInterSection, ID:None is destroyed
2026-01-02 14:39:38,516 | DEBUG | root | Roundabout, ID:None is destroyed
2026-01-02 14:39:38,523 | DEBUG | root | StdTInterSection, ID:None is destroyed
2026-01-02 14:39:38,523 | DEBUG | root | Curve, ID:None is destroyed
2026-01-02 14:39:38,523 | DEBUG | root | StdInterSection, ID:None is destroyed
2026-01-02 14:39:38,523 | DEBUG | root | FirstPGBlock, ID:None is destroyed
2026-01-02 14:39:38,525 | DEBUG | root | StdInterSection, ID:None is destroyed
2026-01-02 14:39:38,525 | DEBUG | root | EnvInputPolicy is released
2026-01-02 14:39:38,525 | DEBUG | root | NodeNetworkNavigation is destroyed
2026-01-02 14:39:38,529 | DEBUG | root | EnvInputPolicy is released
2026-01-02 14:39:38,529 | DEBUG | root | NodeNetworkNavigation is destroyed
2026-01-02 14:39:38,531 | DEBUG | root | EnvInputPolicy is released
2026-01-02 14:39:38,532 | DEBUG | root | NodeNetworkNavigation is destroyed
2026-01-02 14:39:38,532 | DEBUG | root | EnvInputPolicy is released
2026-01-02 14:39:38,532 | DEBUG | root | NodeNetworkNavigation is destroyed
2026-01-02 14:39:38,532 | DEBUG | root | EnvInputPolicy is released
2026-01-02 14:39:38,539 | DEBUG | root | NodeNetworkNavigation is destroyed
2026-01-02 14:39:38,539 | DEBUG | root | EnvInputPolicy is released
2026-01-02 14:39:38,539 | DEBUG | root | NodeNetworkNavigation is destroyed
2026-01-02 14:39:38,539 | DEBUG | root | EnvInputPolicy is released
2026-01-02 14:39:38,545 | DEBUG | root | NodeNetworkNavigation is destroyed
2026-01-02 14:39:38,547 | DEBUG | root | IDMPolicy is released
2026-01-02 14:39:38,549 | DEBUG | root | IDMPolicy is released
2026-01-02 14:39:38,550 | DEBUG | root | IDMPolicy is released
2026-01-02 14:39:38,550 | DEBUG | root | IDMPolicy is released
2026-01-02 14:39:38,552 | DEBUG | root | IDMPolicy is released
2026-01-02 14:39:38,552 | DEBUG | root | IDMPolicy is released
2026-01-02 14:39:38,552 | DEBUG | root | IDMPolicy is released
2026-01-02 14:39:38,552 | DEBUG | root | IDMPolicy is released
2026-01-02 14:39:38,552 | DEBUG | root | IDMPolicy is released
2026-01-02 14:39:38,552 | DEBUG | root | IDMPolicy is released
2026-01-02 14:39:38,552 | DEBUG | root | IDMPolicy is released
2026-01-02 14:39:38,558 | DEBUG | root | IDMPolicy is released
2026-01-02 14:39:38,560 | DEBUG | root | IDMPolicy is released
2026-01-02 14:39:38,561 | DEBUG | root | IDMPolicy is released
2026-01-02 14:39:38,561 | DEBUG | root | IDMPolicy is released
2026-01-02 14:39:38,561 | DEBUG | root | IDMPolicy is released
2026-01-02 14:39:38,563 | DEBUG | root | IDMPolicy is released
2026-01-02 14:39:38,563 | DEBUG | root | IDMPolicy is released
2026-01-02 14:39:38,564 | DEBUG | root | IDMPolicy is released
2026-01-02 14:39:38,564 | DEBUG | root | IDMPolicy is released
2026-01-02 14:39:38,567 | DEBUG | root | IDMPolicy is released
2026-01-02 14:39:38,567 | DEBUG | root | IDMPolicy is released
2026-01-02 14:39:38,567 | DEBUG | root | IDMPolicy is released
2026-01-02 14:39:38,567 | DEBUG | root | IDMPolicy is released
2026-01-02 14:39:38,567 | DEBUG | root | IDMPolicy is released
2026-01-02 14:39:38,567 | DEBUG | root | IDMPolicy is released
2026-01-02 14:39:38,567 | DEBUG | root | IDMPolicy is released
2026-01-02 14:39:38,567 | DEBUG | root | IDMPolicy is released
2026-01-02 14:39:38,567 | DEBUG | root | IDMPolicy is released
2026-01-02 14:39:38,567 | DEBUG | root | IDMPolicy is released
2026-01-02 14:39:38,575 | DEBUG | root | IDMPolicy is released
2026-01-02 14:39:38,575 | DEBUG | root | IDMPolicy is released
2026-01-02 14:39:38,575 | DEBUG | root | IDMPolicy is released
2026-01-02 14:39:38,575 | DEBUG | root | IDMPolicy is released
2026-01-02 14:39:38,575 | DEBUG | root | IDMPolicy is released
2026-01-02 14:39:38,575 | DEBUG | root | IDMPolicy is released
2026-01-02 14:39:38,575 | DEBUG | root | IDMPolicy is released
2026-01-02 14:39:38,581 | DEBUG | root | IDMPolicy is released
2026-01-02 14:39:38,581 | DEBUG | root | IDMPolicy is released
2026-01-02 14:39:38,583 | DEBUG | root | IDMPolicy is released
2026-01-02 14:39:38,583 | DEBUG | root | IDMPolicy is released
2026-01-02 14:39:38,583 | DEBUG | root | IDMPolicy is released
2026-01-02 14:39:38,583 | DEBUG | root | NodeNetworkNavigation is destroyed
2026-01-02 14:39:38,583 | DEBUG | root | NodeNetworkNavigation is destroyed
2026-01-02 14:39:38,583 | DEBUG | root | NodeNetworkNavigation is destroyed
2026-01-02 14:39:38,596 | DEBUG | root | NodeNetworkNavigation is destroyed
2026-01-02 14:39:38,596 | DEBUG | root | NodeNetworkNavigation is destroyed
2026-01-02 14:39:38,596 | DEBUG | root | NodeNetworkNavigation is destroyed
2026-01-02 14:39:38,596 | DEBUG | root | NodeNetworkNavigation is destroyed
2026-01-02 14:39:38,614 | DEBUG | root | NodeNetworkNavigation is destroyed
2026-01-02 14:39:38,614 | DEBUG | root | NodeNetworkNavigation is destroyed
2026-01-02 14:39:38,614 | DEBUG | root | NodeNetworkNavigation is destroyed
2026-01-02 14:39:38,614 | DEBUG | root | NodeNetworkNavigation is destroyed
2026-01-02 14:39:38,614 | DEBUG | root | NodeNetworkNavigation is destroyed
2026-01-02 14:39:38,614 | DEBUG | root | NodeNetworkNavigation is destroyed
2026-01-02 14:39:38,614 | DEBUG | root | NodeNetworkNavigation is destroyed
2026-01-02 14:39:38,614 | DEBUG | root | NodeNetworkNavigation is destroyed
2026-01-02 14:39:38,614 | DEBUG | root | NodeNetworkNavigation is destroyed
2026-01-02 14:39:38,614 | DEBUG | root | NodeNetworkNavigation is destroyed
2026-01-02 14:39:38,627 | DEBUG | root | NodeNetworkNavigation is destroyed
2026-01-02 14:39:38,627 | DEBUG | root | NodeNetworkNavigation is destroyed
2026-01-02 14:39:38,627 | DEBUG | root | NodeNetworkNavigation is destroyed
2026-01-02 14:39:38,627 | DEBUG | root | NodeNetworkNavigation is destroyed
2026-01-02 14:39:38,627 | DEBUG | root | NodeNetworkNavigation is destroyed
2026-01-02 14:39:38,627 | DEBUG | root | NodeNetworkNavigation is destroyed
2026-01-02 14:39:38,627 | DEBUG | root | NodeNetworkNavigation is destroyed
2026-01-02 14:39:38,627 | DEBUG | root | NodeNetworkNavigation is destroyed
2026-01-02 14:39:38,627 | DEBUG | root | NodeNetworkNavigation is destroyed
2026-01-02 14:39:38,627 | DEBUG | root | NodeNetworkNavigation is destroyed
2026-01-02 14:39:38,627 | DEBUG | root | NodeNetworkNavigation is destroyed
2026-01-02 14:39:38,643 | DEBUG | root | NodeNetworkNavigation is destroyed
2026-01-02 14:39:38,643 | DEBUG | root | NodeNetworkNavigation is destroyed
2026-01-02 14:39:38,643 | DEBUG | root | NodeNetworkNavigation is destroyed
2026-01-02 14:39:38,643 | DEBUG | root | NodeNetworkNavigation is destroyed
2026-01-02 14:39:38,643 | DEBUG | root | NodeNetworkNavigation is destroyed
2026-01-02 14:39:38,643 | DEBUG | root | NodeNetworkNavigation is destroyed
2026-01-02 14:39:38,643 | DEBUG | root | NodeNetworkNavigation is destroyed
2026-01-02 14:39:38,659 | DEBUG | root | NodeNetworkNavigation is destroyed
2026-01-02 14:39:38,659 | DEBUG | root | NodeNetworkNavigation is destroyed
2026-01-02 14:39:38,659 | DEBUG | root | NodeNetworkNavigation is destroyed
2026-01-02 14:39:38,659 | DEBUG | root | NodeNetworkNavigation is destroyed
2026-01-02 14:39:38,659 | DEBUG | root | NodeNetworkNavigation is destroyed
2026-01-02 14:39:38,659 | DEBUG | root | NodeNetworkNavigation is destroyed
2026-01-02 14:39:38,675 | DEBUG | root | NodeNetworkNavigation is destroyed
2026-01-02 14:39:38,675 | DEBUG | root | NodeNetworkNavigation is destroyed
2026-01-02 14:39:38,675 | DEBUG | root | Pedestrian, ID:None is destroyed
2026-01-02 14:39:38,675 | DEBUG | root | BaseTrafficLight, ID:None is destroyed
2026-01-02 14:39:38,675 | DEBUG | root | TrafficBarrier, ID:None is destroyed
2026-01-02 14:39:38,675 | DEBUG | root | TrafficCone, ID:None is destroyed
2026-01-02 14:39:38,675 | DEBUG | root | XLVehicle, ID:None is destroyed
2026-01-02 14:39:38,675 | DEBUG | root | XLVehicle, ID:None is destroyed
2026-01-02 14:39:38,675 | DEBUG | root | XLVehicle, ID:None is destroyed
2026-01-02 14:39:38,675 | DEBUG | root | XLVehicle, ID:None is destroyed
2026-01-02 14:39:38,675 | DEBUG | root | XLVehicle, ID:None is destroyed
2026-01-02 14:39:38,675 | DEBUG | root | XLVehicle, ID:None is destroyed
2026-01-02 14:39:38,675 | DEBUG | root | XLVehicle, ID:None is destroyed
2026-01-02 14:39:38,675 | DEBUG | root | SVehicle, ID:None is destroyed
2026-01-02 14:39:38,675 | DEBUG | root | SVehicle, ID:None is destroyed
2026-01-02 14:39:38,675 | DEBUG | root | SVehicle, ID:None is destroyed
2026-01-02 14:39:38,675 | DEBUG | root | SVehicle, ID:None is destroyed
2026-01-02 14:39:38,675 | DEBUG | root | SVehicle, ID:None is destroyed
2026-01-02 14:39:38,675 | DEBUG | root | SVehicle, ID:None is destroyed
2026-01-02 14:39:38,675 | DEBUG | root | SVehicle, ID:None is destroyed
2026-01-02 14:39:38,675 | DEBUG | root | SVehicle, ID:None is destroyed
2026-01-02 14:39:38,675 | DEBUG | root | SVehicle, ID:None is destroyed
2026-01-02 14:39:38,691 | DEBUG | root | SVehicle, ID:None is destroyed
2026-01-02 14:39:38,691 | DEBUG | root | SVehicle, ID:None is destroyed
2026-01-02 14:39:38,691 | DEBUG | root | MVehicle, ID:None is destroyed
2026-01-02 14:39:38,691 | DEBUG | root | MVehicle, ID:None is destroyed
2026-01-02 14:39:38,691 | DEBUG | root | MVehicle, ID:None is destroyed
2026-01-02 14:39:38,691 | DEBUG | root | MVehicle, ID:None is destroyed
2026-01-02 14:39:38,691 | DEBUG | root | MVehicle, ID:None is destroyed
2026-01-02 14:39:38,691 | DEBUG | root | MVehicle, ID:None is destroyed
2026-01-02 14:39:38,691 | DEBUG | root | MVehicle, ID:None is destroyed
2026-01-02 14:39:38,691 | DEBUG | root | MVehicle, ID:None is destroyed
2026-01-02 14:39:38,691 | DEBUG | root | MVehicle, ID:None is destroyed
2026-01-02 14:39:38,691 | DEBUG | root | MVehicle, ID:None is destroyed
2026-01-02 14:39:38,691 | DEBUG | root | MVehicle, ID:None is destroyed
2026-01-02 14:39:38,691 | DEBUG | root | MVehicle, ID:None is destroyed
2026-01-02 14:39:38,691 | DEBUG | root | MVehicle, ID:None is destroyed
2026-01-02 14:39:38,824 | DEBUG | root | LVehicle, ID:None is destroyed
2026-01-02 14:39:38,824 | DEBUG | root | LVehicle, ID:None is destroyed
2026-01-02 14:39:38,824 | DEBUG | root | LVehicle, ID:None is destroyed
2026-01-02 14:39:38,824 | DEBUG | root | LVehicle, ID:None is destroyed
2026-01-02 14:39:38,824 | DEBUG | root | LVehicle, ID:None is destroyed
2026-01-02 14:39:38,824 | DEBUG | root | LVehicle, ID:None is destroyed
2026-01-02 14:39:38,824 | DEBUG | root | LVehicle, ID:None is destroyed
2026-01-02 14:39:38,824 | DEBUG | root | LVehicle, ID:None is destroyed
2026-01-02 14:39:38,824 | DEBUG | root | LVehicle, ID:None is destroyed
2026-01-02 14:39:38,824 | DEBUG | root | LVehicle, ID:None is destroyed
2026-01-02 14:39:38,824 | DEBUG | root | LVehicle, ID:None is destroyed
